"matrixId","rowKind","entity","sourceDocument","sourcePath","sourceType","legacyDto","declaredTarget","implementedTarget","classification","gate"
"DE-DATA-10633-001","DATA_EXPORT_DATA_FIELD","inventario","10633","/data/cnr_c_s_fit_corporation_sequence_number","UNVERIFIED_RUNTIME_TYPE","cnr_c_s_fit_corporation_sequence_number","stg.inventario.cnr_c_s_fit_corporation_sequence_number","stg.expansion_lab_inv.cnr_c_s_fit_corporation_sequence_number","IMPLEMENTADO_INTEGRADO_VERIFICADO_LOCAL","G03/G04"
"DE-DATA-10633-002","DATA_EXPORT_DATA_FIELD","inventario","10633","/data/cnr_c_s_fit_pyr_nickname","UNVERIFIED_RUNTIME_TYPE","cnr_c_s_fit_pyr_nickname","stg.inventario.cnr_c_s_fit_pyr_nickname","stg.expansion_lab_inv.cnr_c_s_fit_pyr_nickname","IMPLEMENTADO_INTEGRADO_VERIFICADO_LOCAL","G03/G04"
"DE-DATA-10633-003","DATA_EXPORT_DATA_FIELD","inventario","10633","/data/cnr_c_s_fit_sdr_nickname","UNVERIFIED_RUNTIME_TYPE","cnr_c_s_fit_sdr_nickname","stg.inventario.cnr_c_s_fit_sdr_nickname","stg.expansion_lab_inv.cnr_c_s_fit_sdr_nickname","IMPLEMENTADO_INTEGRADO_VERIFICADO_LOCAL","G03/G04"
"DE-DATA-10633-004","DATA_EXPORT_DATA_FIELD","inventario","10633","/data/cnr_c_s_fit_sdr_ads_cty_name","UNVERIFIED_RUNTIME_TYPE","cnr_c_s_fit_sdr_ads_cty_name","stg.inventario.cnr_c_s_fit_sdr_ads_cty_name","stg.expansion_lab_inv.cnr_c_s_fit_sdr_ads_cty_name","IMPLEMENTADO_INTEGRADO_VERIFICADO_LOCAL","G03/G04"
"DE-DATA-10633-005","DATA_EXPORT_DATA_FIELD","inventario","10633","/data/cnr_c_s_fit_rpt_nickname","UNVERIFIED_RUNTIME_TYPE","cnr_c_s_fit_rpt_nickname","stg.inventario.cnr_c_s_fit_rpt_nickname","stg.expansion_lab_inv.cnr_c_s_fit_rpt_nickname","IMPLEMENTADO_INTEGRADO_VERIFICADO_LOCAL","G03/G04"
"DE-DATA-10633-006","DATA_EXPORT_DATA_FIELD","inventario","10633","/data/cnr_c_s_fit_rpt_ads_cty_name","UNVERIFIED_RUNTIME_TYPE","cnr_c_s_fit_rpt_ads_cty_name","stg.inventario.cnr_c_s_fit_rpt_ads_cty_name","stg.expansion_lab_inv.cnr_c_s_fit_rpt_ads_cty_name","IMPLEMENTADO_INTEGRADO_VERIFICADO_LOCAL","G03/G04"
"DE-DATA-10633-007","DATA_EXPORT_DATA_FIELD","inventario","10633","/data/cnr_c_s_fit_dyn_name","UNVERIFIED_RUNTIME_TYPE","cnr_c_s_fit_dyn_name","stg.inventario.cnr_c_s_fit_dyn_name","stg.expansion_lab_inv.cnr_c_s_fit_dyn_name","IMPLEMENTADO_INTEGRADO_VERIFICADO_LOCAL","G03/G04"
"DE-DATA-10633-008","DATA_EXPORT_DATA_FIELD","inventario","10633","/data/cnr_c_s_fit_dyn_drt_nickname","UNVERIFIED_RUNTIME_TYPE","cnr_c_s_fit_dyn_drt_nickname","stg.inventario.cnr_c_s_fit_dyn_drt_nickname","stg.expansion_lab_inv.cnr_c_s_fit_dyn_drt_nickname","IMPLEMENTADO_INTEGRADO_VERIFICADO_LOCAL","G03/G04"
"DE-DATA-10633-009","DATA_EXPORT_DATA_FIELD","inventario","10633","/data/sequence_code","UNVERIFIED_RUNTIME_TYPE","sequence_code","stg.inventario.sequence_code","stg.expansion_lab_inv.sequence_code","IMPLEMENTADO_INTEGRADO_VERIFICADO_LOCAL","G03/G04"
"DE-DATA-10633-010","DATA_EXPORT_DATA_FIELD","inventario","10633","/data/cnr_crn_psn_nickname","UNVERIFIED_RUNTIME_TYPE","cnr_crn_psn_nickname","stg.inventario.cnr_crn_psn_nickname","stg.expansion_lab_inv.cnr_crn_psn_nickname","IMPLEMENTADO_INTEGRADO_VERIFICADO_LOCAL","G03/G04"
"DE-DATA-10633-011","DATA_EXPORT_DATA_FIELD","inventario","10633","/data/type","UNVERIFIED_RUNTIME_TYPE","type","stg.inventario.type","stg.expansion_lab_inv.type","IMPLEMENTADO_INTEGRADO_VERIFICADO_LOCAL","G03/G04"
"DE-DATA-10633-012","DATA_EXPORT_DATA_FIELD","inventario","10633","/data/started_at","UNVERIFIED_RUNTIME_TYPE","started_at","stg.inventario.started_at","stg.expansion_lab_inv.started_at","IMPLEMENTADO_INTEGRADO_VERIFICADO_LOCAL","G03/G04"
"DE-DATA-10633-013","DATA_EXPORT_DATA_FIELD","inventario","10633","/data/finished_at","UNVERIFIED_RUNTIME_TYPE","finished_at","stg.inventario.finished_at","stg.expansion_lab_inv.finished_at","IMPLEMENTADO_INTEGRADO_VERIFICADO_LOCAL","G03/G04"
"DE-DATA-10633-014","DATA_EXPORT_DATA_FIELD","inventario","10633","/data/status","UNVERIFIED_RUNTIME_TYPE","status","stg.inventario.status","stg.expansion_lab_inv.status","IMPLEMENTADO_INTEGRADO_VERIFICADO_LOCAL","G03/G04"
"DE-DATA-10633-015","DATA_EXPORT_DATA_FIELD","inventario","10633","/data/cnr_cis_eoe_psn_name","UNVERIFIED_RUNTIME_TYPE","cnr_cis_eoe_psn_name","stg.inventario.cnr_cis_eoe_psn_name","stg.expansion_lab_inv.cnr_cis_eoe_psn_name","IMPLEMENTADO_INTEGRADO_VERIFICADO_LOCAL","G03/G04"
"DE-DATA-10633-016","DATA_EXPORT_DATA_FIELD","inventario","10633","/data/cnr_c_s_fit_invoices_mapping","UNVERIFIED_RUNTIME_TYPE","cnr_c_s_fit_invoices_mapping","stg.inventario.cnr_c_s_fit_invoices_mapping","stg.expansion_lab_inv.cnr_c_s_fit_invoices_mapping","IMPLEMENTADO_INTEGRADO_VERIFICADO_LOCAL","G03/G04"
"DE-DATA-10633-017","DATA_EXPORT_DATA_FIELD","inventario","10633","/data/cnr_c_s_fit_invoices_value","UNVERIFIED_RUNTIME_TYPE","cnr_c_s_fit_invoices_value","stg.inventario.cnr_c_s_fit_invoices_value","stg.expansion_lab_inv.cnr_c_s_fit_invoices_value","IMPLEMENTADO_INTEGRADO_VERIFICADO_LOCAL","G03/G04"
"DE-DATA-10633-018","DATA_EXPORT_DATA_FIELD","inventario","10633","/data/cnr_c_s_fit_real_weight","UNVERIFIED_RUNTIME_TYPE","cnr_c_s_fit_real_weight","stg.inventario.cnr_c_s_fit_real_weight","stg.expansion_lab_inv.cnr_c_s_fit_real_weight","IMPLEMENTADO_INTEGRADO_VERIFICADO_LOCAL","G03/G04"
"DE-DATA-10633-019","DATA_EXPORT_DATA_FIELD","inventario","10633","/data/cnr_c_s_fit_total_cubic_volume","UNVERIFIED_RUNTIME_TYPE","cnr_c_s_fit_total_cubic_volume","stg.inventario.cnr_c_s_fit_total_cubic_volume","stg.expansion_lab_inv.cnr_c_s_fit_total_cubic_volume","IMPLEMENTADO_INTEGRADO_VERIFICADO_LOCAL","G03/G04"
"DE-DATA-10633-020","DATA_EXPORT_DATA_FIELD","inventario","10633","/data/cnr_c_s_fit_taxed_weight","UNVERIFIED_RUNTIME_TYPE","cnr_c_s_fit_taxed_weight","stg.inventario.cnr_c_s_fit_taxed_weight","stg.expansion_lab_inv.cnr_c_s_fit_taxed_weight","IMPLEMENTADO_INTEGRADO_VERIFICADO_LOCAL","G03/G04"
"DE-DATA-10633-021","DATA_EXPORT_DATA_FIELD","inventario","10633","/data/cnr_c_s_fit_invoices_volumes","UNVERIFIED_RUNTIME_TYPE","cnr_c_s_fit_invoices_volumes","stg.inventario.cnr_c_s_fit_invoices_volumes","stg.expansion_lab_inv.cnr_c_s_fit_invoices_volumes","IMPLEMENTADO_INTEGRADO_VERIFICADO_LOCAL","G03/G04"
"DE-DATA-10633-022","DATA_EXPORT_DATA_FIELD","inventario","10633","/data/cnr_c_s_read_volumes","UNVERIFIED_RUNTIME_TYPE","cnr_c_s_read_volumes","stg.inventario.cnr_c_s_read_volumes","stg.expansion_lab_inv.cnr_c_s_read_volumes","IMPLEMENTADO_INTEGRADO_VERIFICADO_LOCAL","G03/G04"
"DE-DATA-10633-023","DATA_EXPORT_DATA_FIELD","inventario","10633","/data/cnr_c_s_fit_dpn_delivery_prediction_at","UNVERIFIED_RUNTIME_TYPE","cnr_c_s_fit_dpn_delivery_prediction_at","stg.inventario.cnr_c_s_fit_dpn_delivery_prediction_at","stg.expansion_lab_inv.cnr_c_s_fit_dpn_delivery_prediction_at","IMPLEMENTADO_INTEGRADO_VERIFICADO_LOCAL","G03/G04"
"DE-DATA-10633-024","DATA_EXPORT_DATA_FIELD","inventario","10633","/data/cnr_c_s_fit_dpn_performance_finished_at","UNVERIFIED_RUNTIME_TYPE","cnr_c_s_fit_dpn_performance_finished_at","stg.inventario.cnr_c_s_fit_dpn_performance_finished_at","stg.expansion_lab_inv.cnr_c_s_fit_dpn_performance_finished_at","IMPLEMENTADO_INTEGRADO_VERIFICADO_LOCAL","G03/G04"
"DE-DATA-10633-025","DATA_EXPORT_DATA_FIELD","inventario","10633","/data/cnr_c_s_fit_fte_lce_occurrence_at","UNVERIFIED_RUNTIME_TYPE","cnr_c_s_fit_fte_lce_occurrence_at","stg.inventario.cnr_c_s_fit_fte_lce_occurrence_at","stg.expansion_lab_inv.cnr_c_s_fit_fte_lce_occurrence_at","IMPLEMENTADO_INTEGRADO_VERIFICADO_LOCAL","G03/G04"
"DE-DATA-10633-026","DATA_EXPORT_DATA_FIELD","inventario","10633","/data/cnr_c_s_fit_fte_lce_ore_description","UNVERIFIED_RUNTIME_TYPE","cnr_c_s_fit_fte_lce_ore_description","stg.inventario.cnr_c_s_fit_fte_lce_ore_description","stg.expansion_lab_inv.cnr_c_s_fit_fte_lce_ore_description","IMPLEMENTADO_INTEGRADO_VERIFICADO_LOCAL","G03/G04"
"DE-DATA-4924-001","DATA_EXPORT_DATA_FIELD","faturas_por_cliente","4924","/data/fit_nse_number","UNVERIFIED_RUNTIME_TYPE","fit_nse_number","stg.faturas_por_cliente.fit_nse_number","stg.expansion_lab_fat.fit_nse_number","IMPLEMENTADO_INTEGRADO_VERIFICADO_LOCAL","G03/G04"
"DE-DATA-4924-002","DATA_EXPORT_DATA_FIELD","faturas_por_cliente","4924","/data/nfse_number","UNVERIFIED_RUNTIME_TYPE","nfse_number","stg.faturas_por_cliente.nfse_number","stg.expansion_lab_fat.nfse_number","IMPLEMENTADO_INTEGRADO_VERIFICADO_LOCAL","G03/G04"
"DE-DATA-4924-003","DATA_EXPORT_DATA_FIELD","faturas_por_cliente","4924","/data/fit_fhe_cte_number","UNVERIFIED_RUNTIME_TYPE","fit_fhe_cte_number","stg.faturas_por_cliente.fit_fhe_cte_number","stg.expansion_lab_fat.fit_fhe_cte_number","IMPLEMENTADO_INTEGRADO_VERIFICADO_LOCAL","G03/G04"
"DE-DATA-4924-004","DATA_EXPORT_DATA_FIELD","faturas_por_cliente","4924","/data/fit_fhe_cte_issued_at","UNVERIFIED_RUNTIME_TYPE","fit_fhe_cte_issued_at","stg.faturas_por_cliente.fit_fhe_cte_issued_at","stg.expansion_lab_fat.fit_fhe_cte_issued_at","IMPLEMENTADO_INTEGRADO_VERIFICADO_LOCAL","G03/G04"
"DE-DATA-4924-005","DATA_EXPORT_DATA_FIELD","faturas_por_cliente","4924","/data/fit_fhe_cte_key","UNVERIFIED_RUNTIME_TYPE","fit_fhe_cte_key","stg.faturas_por_cliente.fit_fhe_cte_key","stg.expansion_lab_fat.fit_fhe_cte_key","IMPLEMENTADO_INTEGRADO_VERIFICADO_LOCAL","G03/G04"
"DE-DATA-4924-006","DATA_EXPORT_DATA_FIELD","faturas_por_cliente","4924","/data/fit_fhe_cte_status_result","UNVERIFIED_RUNTIME_TYPE","fit_fhe_cte_status_result","stg.faturas_por_cliente.fit_fhe_cte_status_result","stg.expansion_lab_fat.fit_fhe_cte_status_result","IMPLEMENTADO_INTEGRADO_VERIFICADO_LOCAL","G03/G04"
"DE-DATA-4924-007","DATA_EXPORT_DATA_FIELD","faturas_por_cliente","4924","/data/fit_fhe_cte_status","UNVERIFIED_RUNTIME_TYPE","fit_fhe_cte_status","stg.faturas_por_cliente.fit_fhe_cte_status","stg.expansion_lab_fat.fit_fhe_cte_status","IMPLEMENTADO_INTEGRADO_VERIFICADO_LOCAL","G03/G04"
"DE-DATA-4924-008","DATA_EXPORT_DATA_FIELD","faturas_por_cliente","4924","/data/fit_ant_document","UNVERIFIED_RUNTIME_TYPE","fit_ant_document","stg.faturas_por_cliente.fit_ant_document","stg.expansion_lab_fat.fit_ant_document","IMPLEMENTADO_INTEGRADO_VERIFICADO_LOCAL","G03/G04"
"DE-DATA-4924-009","DATA_EXPORT_DATA_FIELD","faturas_por_cliente","4924","/data/fit_ant_issue_date","UNVERIFIED_RUNTIME_TYPE","fit_ant_issue_date","stg.faturas_por_cliente.fit_ant_issue_date","stg.expansion_lab_fat.fit_ant_issue_date","IMPLEMENTADO_INTEGRADO_VERIFICADO_LOCAL","G03/G04"
"DE-DATA-4924-010","DATA_EXPORT_DATA_FIELD","faturas_por_cliente","4924","/data/fit_ant_value","UNVERIFIED_RUNTIME_TYPE","fit_ant_value","stg.faturas_por_cliente.fit_ant_value","stg.expansion_lab_fat.fit_ant_value","IMPLEMENTADO_INTEGRADO_VERIFICADO_LOCAL","G03/G04"
"DE-DATA-4924-011","DATA_EXPORT_DATA_FIELD","faturas_por_cliente","4924","/data/fit_ant_ils_due_date","UNVERIFIED_RUNTIME_TYPE","fit_ant_ils_due_date","stg.faturas_por_cliente.fit_ant_ils_due_date","stg.expansion_lab_fat.fit_ant_ils_due_date","IMPLEMENTADO_INTEGRADO_VERIFICADO_LOCAL","G03/G04"
"DE-DATA-4924-012","DATA_EXPORT_DATA_FIELD","faturas_por_cliente","4924","/data/fit_ant_ils_atn_transaction_date","UNVERIFIED_RUNTIME_TYPE","fit_ant_ils_atn_transaction_date","stg.faturas_por_cliente.fit_ant_ils_atn_transaction_date","stg.expansion_lab_fat.fit_ant_ils_atn_transaction_date","IMPLEMENTADO_INTEGRADO_VERIFICADO_LOCAL","G03/G04"
"DE-DATA-4924-013","DATA_EXPORT_DATA_FIELD","faturas_por_cliente","4924","/data/fit_ant_ils_original_due_date","UNVERIFIED_RUNTIME_TYPE","fit_ant_ils_original_due_date","stg.faturas_por_cliente.fit_ant_ils_original_due_date","stg.expansion_lab_fat.fit_ant_ils_original_due_date","IMPLEMENTADO_INTEGRADO_VERIFICADO_LOCAL","G03/G04"
"DE-DATA-4924-014","DATA_EXPORT_DATA_FIELD","faturas_por_cliente","4924","/data/total","UNVERIFIED_RUNTIME_TYPE","total","stg.faturas_por_cliente.total","stg.expansion_lab_fat.total","IMPLEMENTADO_INTEGRADO_VERIFICADO_LOCAL","G03/G04"
"DE-DATA-4924-015","DATA_EXPORT_DATA_FIELD","faturas_por_cliente","4924","/data/third_party_ctes_value","UNVERIFIED_RUNTIME_TYPE","third_party_ctes_value","stg.faturas_por_cliente.third_party_ctes_value","stg.expansion_lab_fat.third_party_ctes_value","IMPLEMENTADO_INTEGRADO_VERIFICADO_LOCAL","G03/G04"
"DE-DATA-4924-016","DATA_EXPORT_DATA_FIELD","faturas_por_cliente","4924","/data/type","UNVERIFIED_RUNTIME_TYPE","type","stg.faturas_por_cliente.type","stg.expansion_lab_fat.type","IMPLEMENTADO_INTEGRADO_VERIFICADO_LOCAL","G03/G04"
"DE-DATA-4924-017","DATA_EXPORT_DATA_FIELD","faturas_por_cliente","4924","/data/status","UNVERIFIED_RUNTIME_TYPE","status","stg.faturas_por_cliente.status","stg.expansion_lab_fat.status","IMPLEMENTADO_INTEGRADO_VERIFICADO_LOCAL","G03/G04"
"DE-DATA-4924-018","DATA_EXPORT_DATA_FIELD","faturas_por_cliente","4924","/data/fit_crn_psn_nickname","UNVERIFIED_RUNTIME_TYPE","fit_crn_psn_nickname","stg.faturas_por_cliente.fit_crn_psn_nickname","stg.expansion_lab_fat.fit_crn_psn_nickname","IMPLEMENTADO_INTEGRADO_VERIFICADO_LOCAL","G03/G04"
"DE-DATA-4924-019","DATA_EXPORT_DATA_FIELD","faturas_por_cliente","4924","/data/fit_diy_sae_name","UNVERIFIED_RUNTIME_TYPE","fit_diy_sae_name","stg.faturas_por_cliente.fit_diy_sae_name","stg.expansion_lab_fat.fit_diy_sae_name","IMPLEMENTADO_INTEGRADO_VERIFICADO_LOCAL","G03/G04"
"DE-DATA-4924-020","DATA_EXPORT_DATA_FIELD","faturas_por_cliente","4924","/data/fit_fsn_name","UNVERIFIED_RUNTIME_TYPE","fit_fsn_name","stg.faturas_por_cliente.fit_fsn_name","stg.expansion_lab_fat.fit_fsn_name","IMPLEMENTADO_INTEGRADO_VERIFICADO_LOCAL","G03/G04"
"DE-DATA-4924-021","DATA_EXPORT_DATA_FIELD","faturas_por_cliente","4924","/data/fit_pyr_name","UNVERIFIED_RUNTIME_TYPE","fit_pyr_name","stg.faturas_por_cliente.fit_pyr_name","stg.expansion_lab_fat.fit_pyr_name","IMPLEMENTADO_INTEGRADO_VERIFICADO_LOCAL","G03/G04"
"DE-DATA-4924-022","DATA_EXPORT_DATA_FIELD","faturas_por_cliente","4924","/data/fit_pyr_document","UNVERIFIED_RUNTIME_TYPE","fit_pyr_document","stg.faturas_por_cliente.fit_pyr_document","stg.expansion_lab_fat.fit_pyr_document","IMPLEMENTADO_INTEGRADO_VERIFICADO_LOCAL","G03/G04"
"DE-DATA-4924-023","DATA_EXPORT_DATA_FIELD","faturas_por_cliente","4924","/data/fit_rpt_name","UNVERIFIED_RUNTIME_TYPE","fit_rpt_name","stg.faturas_por_cliente.fit_rpt_name","stg.expansion_lab_fat.fit_rpt_name","IMPLEMENTADO_INTEGRADO_VERIFICADO_LOCAL","G03/G04"
"DE-DATA-4924-024","DATA_EXPORT_DATA_FIELD","faturas_por_cliente","4924","/data/fit_rpt_document","UNVERIFIED_RUNTIME_TYPE","fit_rpt_document","stg.faturas_por_cliente.fit_rpt_document","stg.expansion_lab_fat.fit_rpt_document","IMPLEMENTADO_INTEGRADO_VERIFICADO_LOCAL","G03/G04"
"DE-DATA-4924-025","DATA_EXPORT_DATA_FIELD","faturas_por_cliente","4924","/data/fit_sdr_name","UNVERIFIED_RUNTIME_TYPE","fit_sdr_name","stg.faturas_por_cliente.fit_sdr_name","stg.expansion_lab_fat.fit_sdr_name","IMPLEMENTADO_INTEGRADO_VERIFICADO_LOCAL","G03/G04"
"DE-DATA-4924-026","DATA_EXPORT_DATA_FIELD","faturas_por_cliente","4924","/data/fit_sdr_document","UNVERIFIED_RUNTIME_TYPE","fit_sdr_document","stg.faturas_por_cliente.fit_sdr_document","stg.expansion_lab_fat.fit_sdr_document","IMPLEMENTADO_INTEGRADO_VERIFICADO_LOCAL","G03/G04"
"DE-DATA-4924-027","DATA_EXPORT_DATA_FIELD","faturas_por_cliente","4924","/data/fit_sps_slr_psn_name","UNVERIFIED_RUNTIME_TYPE","fit_sps_slr_psn_name","stg.faturas_por_cliente.fit_sps_slr_psn_name","stg.expansion_lab_fat.fit_sps_slr_psn_name","IMPLEMENTADO_INTEGRADO_VERIFICADO_LOCAL","G03/G04"
"DE-DATA-4924-028","DATA_EXPORT_DATA_FIELD","faturas_por_cliente","4924","/data/invoices_mapping","UNVERIFIED_RUNTIME_TYPE","invoices_mapping","stg.faturas_por_cliente.invoices_mapping","stg.expansion_lab_fat.invoices_mapping","IMPLEMENTADO_INTEGRADO_VERIFICADO_LOCAL","G03/G04"
"DE-DATA-4924-029","DATA_EXPORT_DATA_FIELD","faturas_por_cliente","4924","/data/fit_fte_invoices_order_number","UNVERIFIED_RUNTIME_TYPE","fit_fte_invoices_order_number","stg.faturas_por_cliente.fit_fte_invoices_order_number","stg.expansion_lab_fat.fit_fte_invoices_order_number","IMPLEMENTADO_INTEGRADO_VERIFICADO_LOCAL","G03/G04"
"DE-DATA-6389-001","DATA_EXPORT_DATA_FIELD","fretes","6389","/data/id","UNVERIFIED_RUNTIME_TYPE","NOT_PRESENT_OR_UNRESOLVED","stg.fretes.id","","MAPEAMENTO_LOCAL_DECLARADO","G03/G04"
"DE-DATA-6389-002","DATA_EXPORT_DATA_FIELD","fretes","6389","/data/updated_at","UNVERIFIED_RUNTIME_TYPE","NOT_PRESENT_OR_UNRESOLVED","stg.fretes.updated_at","","VINCULO_INDIVIDUAL_CONDICIONADO","G03/G04"
"DE-DATA-6389-003","DATA_EXPORT_DATA_FIELD","fretes","6389","/data/reference_number","UNVERIFIED_RUNTIME_TYPE","NOT_PRESENT_OR_UNRESOLVED","stg.fretes.reference_number","","MAPEAMENTO_LOCAL_DECLARADO","G03/G04"
"DE-DATA-6389-004","DATA_EXPORT_DATA_FIELD","fretes","6389","/data/fit_p_m_pck_sequence_code","UNVERIFIED_RUNTIME_TYPE","NOT_PRESENT_OR_UNRESOLVED","stg.fretes.fit_p_m_pck_sequence_code","","VINCULO_INDIVIDUAL_CONDICIONADO","G03/G04"
"DE-DATA-6389-005","DATA_EXPORT_DATA_FIELD","fretes","6389","/data/corporation_sequence_number","UNVERIFIED_RUNTIME_TYPE","corporation_sequence_number","stg.fretes.corporation_sequence_number","","MAPEAMENTO_LOCAL_DECLARADO","G03/G04"
"DE-DATA-6389-006","DATA_EXPORT_DATA_FIELD","fretes","6389","/data/finished_at","UNVERIFIED_RUNTIME_TYPE","finished_at","stg.fretes.finished_at","","MAPEAMENTO_LOCAL_DECLARADO","G03/G04"
"DE-DATA-6389-007","DATA_EXPORT_DATA_FIELD","fretes","6389","/data/fit_dpn_performance_finished_at","UNVERIFIED_RUNTIME_TYPE","fit_dpn_performance_finished_at","stg.fretes.fit_dpn_performance_finished_at","","MAPEAMENTO_LOCAL_DECLARADO","G03/G04"
"DE-DATA-6392-001","DATA_EXPORT_DATA_FIELD","sinistros","6392","/data/sequence_code","UNVERIFIED_RUNTIME_TYPE","sequence_code","stg.sinistros.sequence_code","stg.expansion_lab_sin.sequence_code","IMPLEMENTADO_INTEGRADO_VERIFICADO_LOCAL","G03/G04"
"DE-DATA-6392-002","DATA_EXPORT_DATA_FIELD","sinistros","6392","/data/opening_at_date","UNVERIFIED_RUNTIME_TYPE","opening_at_date","stg.sinistros.opening_at_date","stg.expansion_lab_sin.opening_at_date","IMPLEMENTADO_INTEGRADO_VERIFICADO_LOCAL","G03/G04"
"DE-DATA-6392-003","DATA_EXPORT_DATA_FIELD","sinistros","6392","/data/occurrence_at_date","UNVERIFIED_RUNTIME_TYPE","occurrence_at_date","stg.sinistros.occurrence_at_date","stg.expansion_lab_sin.occurrence_at_date","IMPLEMENTADO_INTEGRADO_VERIFICADO_LOCAL","G03/G04"
"DE-DATA-6392-004","DATA_EXPORT_DATA_FIELD","sinistros","6392","/data/occurrence_at_time","UNVERIFIED_RUNTIME_TYPE","occurrence_at_time","stg.sinistros.occurrence_at_time","stg.expansion_lab_sin.occurrence_at_time","IMPLEMENTADO_INTEGRADO_VERIFICADO_LOCAL","G03/G04"
"DE-DATA-6392-005","DATA_EXPORT_DATA_FIELD","sinistros","6392","/data/expected_solution_date","UNVERIFIED_RUNTIME_TYPE","expected_solution_date","stg.sinistros.expected_solution_date","stg.expansion_lab_sin.expected_solution_date","IMPLEMENTADO_INTEGRADO_VERIFICADO_LOCAL","G03/G04"
"DE-DATA-6392-006","DATA_EXPORT_DATA_FIELD","sinistros","6392","/data/insurance_claim_location","UNVERIFIED_RUNTIME_TYPE","insurance_claim_location","stg.sinistros.insurance_claim_location","stg.expansion_lab_sin.insurance_claim_location","IMPLEMENTADO_INTEGRADO_VERIFICADO_LOCAL","G03/G04"
"DE-DATA-6392-007","DATA_EXPORT_DATA_FIELD","sinistros","6392","/data/informed_by","UNVERIFIED_RUNTIME_TYPE","informed_by","stg.sinistros.informed_by","stg.expansion_lab_sin.informed_by","IMPLEMENTADO_INTEGRADO_VERIFICADO_LOCAL","G03/G04"
"DE-DATA-6392-008","DATA_EXPORT_DATA_FIELD","sinistros","6392","/data/finished_at_date","UNVERIFIED_RUNTIME_TYPE","finished_at_date","stg.sinistros.finished_at_date","stg.expansion_lab_sin.finished_at_date","IMPLEMENTADO_INTEGRADO_VERIFICADO_LOCAL","G03/G04"
"DE-DATA-6392-009","DATA_EXPORT_DATA_FIELD","sinistros","6392","/data/finished_at_time","UNVERIFIED_RUNTIME_TYPE","finished_at_time","stg.sinistros.finished_at_time","stg.expansion_lab_sin.finished_at_time","IMPLEMENTADO_INTEGRADO_VERIFICADO_LOCAL","G03/G04"
"DE-DATA-6392-010","DATA_EXPORT_DATA_FIELD","sinistros","6392","/data/invoices_count","UNVERIFIED_RUNTIME_TYPE","invoices_count","stg.sinistros.invoices_count","stg.expansion_lab_sin.invoices_count","IMPLEMENTADO_INTEGRADO_VERIFICADO_LOCAL","G03/G04"
"DE-DATA-6392-011","DATA_EXPORT_DATA_FIELD","sinistros","6392","/data/icm_fis_fit_corporation_sequence_number","UNVERIFIED_RUNTIME_TYPE","icm_fis_fit_corporation_sequence_number","stg.sinistros.icm_fis_fit_corporation_sequence_number","stg.expansion_lab_sin.icm_fis_fit_corporation_sequence_number","IMPLEMENTADO_INTEGRADO_VERIFICADO_LOCAL","G03/G04"
"DE-DATA-6392-012","DATA_EXPORT_DATA_FIELD","sinistros","6392","/data/icm_fis_ioe_number","UNVERIFIED_RUNTIME_TYPE","icm_fis_ioe_number","stg.sinistros.icm_fis_ioe_number","stg.expansion_lab_sin.icm_fis_ioe_number","IMPLEMENTADO_INTEGRADO_VERIFICADO_LOCAL","G03/G04"
"DE-DATA-6392-013","DATA_EXPORT_DATA_FIELD","sinistros","6392","/data/invoices_volumes","UNVERIFIED_RUNTIME_TYPE","invoices_volumes","stg.sinistros.invoices_volumes","stg.expansion_lab_sin.invoices_volumes","IMPLEMENTADO_INTEGRADO_VERIFICADO_LOCAL","G03/G04"
"DE-DATA-6392-014","DATA_EXPORT_DATA_FIELD","sinistros","6392","/data/invoices_weight","UNVERIFIED_RUNTIME_TYPE","invoices_weight","stg.sinistros.invoices_weight","stg.expansion_lab_sin.invoices_weight","IMPLEMENTADO_INTEGRADO_VERIFICADO_LOCAL","G03/G04"
"DE-DATA-6392-015","DATA_EXPORT_DATA_FIELD","sinistros","6392","/data/invoices_value","UNVERIFIED_RUNTIME_TYPE","invoices_value","stg.sinistros.invoices_value","stg.expansion_lab_sin.invoices_value","IMPLEMENTADO_INTEGRADO_VERIFICADO_LOCAL","G03/G04"
"DE-DATA-6392-016","DATA_EXPORT_DATA_FIELD","sinistros","6392","/data/icm_fis_fit_pyr_nickname","UNVERIFIED_RUNTIME_TYPE","icm_fis_fit_pyr_nickname","stg.sinistros.icm_fis_fit_pyr_nickname","stg.expansion_lab_sin.icm_fis_fit_pyr_nickname","IMPLEMENTADO_INTEGRADO_VERIFICADO_LOCAL","G03/G04"
"DE-DATA-6392-017","DATA_EXPORT_DATA_FIELD","sinistros","6392","/data/customer_debits_subtotal","UNVERIFIED_RUNTIME_TYPE","customer_debits_subtotal","stg.sinistros.customer_debits_subtotal","stg.expansion_lab_sin.customer_debits_subtotal","IMPLEMENTADO_INTEGRADO_VERIFICADO_LOCAL","G03/G04"
"DE-DATA-6392-018","DATA_EXPORT_DATA_FIELD","sinistros","6392","/data/customer_credit_entries_subtotal","UNVERIFIED_RUNTIME_TYPE","customer_credit_entries_subtotal","stg.sinistros.customer_credit_entries_subtotal","stg.expansion_lab_sin.customer_credit_entries_subtotal","IMPLEMENTADO_INTEGRADO_VERIFICADO_LOCAL","G03/G04"
"DE-DATA-6392-019","DATA_EXPORT_DATA_FIELD","sinistros","6392","/data/responsible_credits_subtotal","UNVERIFIED_RUNTIME_TYPE","responsible_credits_subtotal","stg.sinistros.responsible_credits_subtotal","stg.expansion_lab_sin.responsible_credits_subtotal","IMPLEMENTADO_INTEGRADO_VERIFICADO_LOCAL","G03/G04"
"DE-DATA-6392-020","DATA_EXPORT_DATA_FIELD","sinistros","6392","/data/responsible_debit_entries_subtotal","UNVERIFIED_RUNTIME_TYPE","responsible_debit_entries_subtotal","stg.sinistros.responsible_debit_entries_subtotal","stg.expansion_lab_sin.responsible_debit_entries_subtotal","IMPLEMENTADO_INTEGRADO_VERIFICADO_LOCAL","G03/G04"
"DE-DATA-6392-021","DATA_EXPORT_DATA_FIELD","sinistros","6392","/data/insurer_credits_subtotal","UNVERIFIED_RUNTIME_TYPE","insurer_credits_subtotal","stg.sinistros.insurer_credits_subtotal","stg.expansion_lab_sin.insurer_credits_subtotal","IMPLEMENTADO_INTEGRADO_VERIFICADO_LOCAL","G03/G04"
"DE-DATA-6392-022","DATA_EXPORT_DATA_FIELD","sinistros","6392","/data/insurance_claim_total","UNVERIFIED_RUNTIME_TYPE","insurance_claim_total","stg.sinistros.insurance_claim_total","stg.expansion_lab_sin.insurance_claim_total","IMPLEMENTADO_INTEGRADO_VERIFICADO_LOCAL","G03/G04"
"DE-DATA-6392-023","DATA_EXPORT_DATA_FIELD","sinistros","6392","/data/icm_crn_psn_nickname","UNVERIFIED_RUNTIME_TYPE","icm_crn_psn_nickname","stg.sinistros.icm_crn_psn_nickname","stg.expansion_lab_sin.icm_crn_psn_nickname","IMPLEMENTADO_INTEGRADO_VERIFICADO_LOCAL","G03/G04"
"DE-DATA-6392-024","DATA_EXPORT_DATA_FIELD","sinistros","6392","/data/icm_dvr_iil_name","UNVERIFIED_RUNTIME_TYPE","icm_dvr_iil_name","stg.sinistros.icm_dvr_iil_name","stg.expansion_lab_sin.icm_dvr_iil_name","IMPLEMENTADO_INTEGRADO_VERIFICADO_LOCAL","G03/G04"
"DE-DATA-6392-025","DATA_EXPORT_DATA_FIELD","sinistros","6392","/data/icm_fer_name","UNVERIFIED_RUNTIME_TYPE","icm_fer_name","stg.sinistros.icm_fer_name","stg.expansion_lab_sin.icm_fer_name","IMPLEMENTADO_INTEGRADO_VERIFICADO_LOCAL","G03/G04"
"DE-DATA-6392-026","DATA_EXPORT_DATA_FIELD","sinistros","6392","/data/icm_vie_license_plate","UNVERIFIED_RUNTIME_TYPE","icm_vie_license_plate","stg.sinistros.icm_vie_license_plate","stg.expansion_lab_sin.icm_vie_license_plate","IMPLEMENTADO_INTEGRADO_VERIFICADO_LOCAL","G03/G04"
"DE-DATA-6392-027","DATA_EXPORT_DATA_FIELD","sinistros","6392","/data/icm_ttt_ore_description","UNVERIFIED_RUNTIME_TYPE","icm_ttt_ore_description","stg.sinistros.icm_ttt_ore_description","stg.expansion_lab_sin.icm_ttt_ore_description","IMPLEMENTADO_INTEGRADO_VERIFICADO_LOCAL","G03/G04"
"DE-DATA-6392-028","DATA_EXPORT_DATA_FIELD","sinistros","6392","/data/icm_ttt_ore_code","UNVERIFIED_RUNTIME_TYPE","icm_ttt_ore_code","stg.sinistros.icm_ttt_ore_code","stg.expansion_lab_sin.icm_ttt_ore_code","IMPLEMENTADO_INTEGRADO_VERIFICADO_LOCAL","G03/G04"
"DE-DATA-6392-029","DATA_EXPORT_DATA_FIELD","sinistros","6392","/data/icm_ttt_treatment_at","UNVERIFIED_RUNTIME_TYPE","icm_ttt_treatment_at","stg.sinistros.icm_ttt_treatment_at","stg.expansion_lab_sin.icm_ttt_treatment_at","IMPLEMENTADO_INTEGRADO_VERIFICADO_LOCAL","G03/G04"
"DE-DATA-6392-030","DATA_EXPORT_DATA_FIELD","sinistros","6392","/data/icm_ttt_dealing_type","UNVERIFIED_RUNTIME_TYPE","icm_ttt_dealing_type","stg.sinistros.icm_ttt_dealing_type","stg.expansion_lab_sin.icm_ttt_dealing_type","IMPLEMENTADO_INTEGRADO_VERIFICADO_LOCAL","G03/G04"
"DE-DATA-6392-031","DATA_EXPORT_DATA_FIELD","sinistros","6392","/data/icm_ttt_solution_type","UNVERIFIED_RUNTIME_TYPE","icm_ttt_solution_type","stg.sinistros.icm_ttt_solution_type","stg.expansion_lab_sin.icm_ttt_solution_type","IMPLEMENTADO_INTEGRADO_VERIFICADO_LOCAL","G03/G04"
"DE-DATA-6399-001","DATA_EXPORT_DATA_FIELD","manifestos","6399","/data/sequence_code","UNVERIFIED_RUNTIME_TYPE","sequence_code","stg.manifestos.root_observation.sequence_code","","MAPEAMENTO_LOCAL_DECLARADO","G03/G04"
"DE-DATA-6399-002","DATA_EXPORT_DATA_FIELD","manifestos","6399","/data/mft_crn_psn_nickname","UNVERIFIED_RUNTIME_TYPE","mft_crn_psn_nickname","stg.manifestos.root_observation.mft_crn_psn_nickname","","MAPEAMENTO_LOCAL_DECLARADO","G03/G04"
"DE-DATA-6399-003","DATA_EXPORT_DATA_FIELD","manifestos","6399","/data/created_at","UNVERIFIED_RUNTIME_TYPE","created_at","stg.manifestos.root_observation.created_at","","MAPEAMENTO_LOCAL_DECLARADO","G03/G04"
"DE-DATA-6399-004","DATA_EXPORT_DATA_FIELD","manifestos","6399","/data/departured_at","UNVERIFIED_RUNTIME_TYPE","departured_at","stg.manifestos.root_observation.departured_at","","MAPEAMENTO_LOCAL_DECLARADO","G03/G04"
"DE-DATA-6399-005","DATA_EXPORT_DATA_FIELD","manifestos","6399","/data/closed_at","UNVERIFIED_RUNTIME_TYPE","closed_at","stg.manifestos.root_observation.closed_at","","MAPEAMENTO_LOCAL_DECLARADO","G03/G04"
"DE-DATA-6399-006","DATA_EXPORT_DATA_FIELD","manifestos","6399","/data/finished_at","UNVERIFIED_RUNTIME_TYPE","finished_at","stg.manifestos.root_observation.finished_at","","MAPEAMENTO_LOCAL_DECLARADO","G03/G04"
"DE-DATA-6399-007","DATA_EXPORT_DATA_FIELD","manifestos","6399","/data/status","UNVERIFIED_RUNTIME_TYPE","status","stg.manifestos.root_observation.status","","MAPEAMENTO_LOCAL_DECLARADO","G03/G04"
"DE-DATA-6399-008","DATA_EXPORT_DATA_FIELD","manifestos","6399","/data/mft_mfs_number","UNVERIFIED_RUNTIME_TYPE","mft_mfs_number","stg.manifestos.mdfe_child_observation.mft_mfs_number","","MAPEAMENTO_LOCAL_DECLARADO","G03/G04"
"DE-DATA-6399-009","DATA_EXPORT_DATA_FIELD","manifestos","6399","/data/mft_mfs_key","UNVERIFIED_RUNTIME_TYPE","mft_mfs_key","stg.manifestos.mdfe_child_observation.mft_mfs_key","","MAPEAMENTO_LOCAL_DECLARADO","G03/G04"
"DE-DATA-6399-010","DATA_EXPORT_DATA_FIELD","manifestos","6399","/data/mdfe_status","UNVERIFIED_RUNTIME_TYPE","mdfe_status","stg.manifestos.root_observation.mdfe_status","","MAPEAMENTO_LOCAL_DECLARADO","G03/G04"
"DE-DATA-6399-011","DATA_EXPORT_DATA_FIELD","manifestos","6399","/data/mft_ape_name","UNVERIFIED_RUNTIME_TYPE","mft_ape_name","stg.manifestos.root_observation.mft_ape_name","","MAPEAMENTO_LOCAL_DECLARADO","G03/G04"
"DE-DATA-6399-012","DATA_EXPORT_DATA_FIELD","manifestos","6399","/data/mft_man_name","UNVERIFIED_RUNTIME_TYPE","mft_man_name","stg.manifestos.root_observation.mft_man_name","","MAPEAMENTO_LOCAL_DECLARADO","G03/G04"
"DE-DATA-6399-013","DATA_EXPORT_DATA_FIELD","manifestos","6399","/data/mft_vie_license_plate","UNVERIFIED_RUNTIME_TYPE","mft_vie_license_plate","stg.manifestos.root_observation.mft_vie_license_plate","","MAPEAMENTO_LOCAL_DECLARADO","G03/G04"
"DE-DATA-6399-014","DATA_EXPORT_DATA_FIELD","manifestos","6399","/data/mft_vie_vee_name","UNVERIFIED_RUNTIME_TYPE","mft_vie_vee_name","stg.manifestos.root_observation.mft_vie_vee_name","","MAPEAMENTO_LOCAL_DECLARADO","G03/G04"
"DE-DATA-6399-015","DATA_EXPORT_DATA_FIELD","manifestos","6399","/data/mft_vie_onr_name","UNVERIFIED_RUNTIME_TYPE","mft_vie_onr_name","stg.manifestos.root_observation.mft_vie_onr_name","","MAPEAMENTO_LOCAL_DECLARADO","G03/G04"
"DE-DATA-6399-016","DATA_EXPORT_DATA_FIELD","manifestos","6399","/data/mft_mdr_iil_name","UNVERIFIED_RUNTIME_TYPE","mft_mdr_iil_name","stg.manifestos.root_observation.mft_mdr_iil_name","","MAPEAMENTO_LOCAL_DECLARADO","G03/G04"
"DE-DATA-6399-017","DATA_EXPORT_DATA_FIELD","manifestos","6399","/data/vehicle_departure_km","UNVERIFIED_RUNTIME_TYPE","vehicle_departure_km","stg.manifestos.root_observation.vehicle_departure_km","","MAPEAMENTO_LOCAL_DECLARADO","G03/G04"
"DE-DATA-6399-018","DATA_EXPORT_DATA_FIELD","manifestos","6399","/data/closing_km","UNVERIFIED_RUNTIME_TYPE","closing_km","stg.manifestos.root_observation.closing_km","","MAPEAMENTO_LOCAL_DECLARADO","G03/G04"
"DE-DATA-6399-019","DATA_EXPORT_DATA_FIELD","manifestos","6399","/data/traveled_km","UNVERIFIED_RUNTIME_TYPE","traveled_km","stg.manifestos.root_observation.traveled_km","","MAPEAMENTO_LOCAL_DECLARADO","G03/G04"
"DE-DATA-6399-020","DATA_EXPORT_DATA_FIELD","manifestos","6399","/data/invoices_count","UNVERIFIED_RUNTIME_TYPE","invoices_count","stg.manifestos.root_observation.invoices_count","","MAPEAMENTO_LOCAL_DECLARADO","G03/G04"
"DE-DATA-6399-021","DATA_EXPORT_DATA_FIELD","manifestos","6399","/data/invoices_volumes","UNVERIFIED_RUNTIME_TYPE","invoices_volumes","stg.manifestos.root_observation.invoices_volumes","","MAPEAMENTO_LOCAL_DECLARADO","G03/G04"
"DE-DATA-6399-022","DATA_EXPORT_DATA_FIELD","manifestos","6399","/data/invoices_weight","UNVERIFIED_RUNTIME_TYPE","invoices_weight","stg.manifestos.root_observation.invoices_weight","","MAPEAMENTO_LOCAL_DECLARADO","G03/G04"
"DE-DATA-6399-023","DATA_EXPORT_DATA_FIELD","manifestos","6399","/data/total_taxed_weight","UNVERIFIED_RUNTIME_TYPE","total_taxed_weight","stg.manifestos.root_observation.total_taxed_weight","","MAPEAMENTO_LOCAL_DECLARADO","G03/G04"
"DE-DATA-6399-024","DATA_EXPORT_DATA_FIELD","manifestos","6399","/data/total_cubic_volume","UNVERIFIED_RUNTIME_TYPE","total_cubic_volume","stg.manifestos.root_observation.total_cubic_volume","","MAPEAMENTO_LOCAL_DECLARADO","G03/G04"
"DE-DATA-6399-025","DATA_EXPORT_DATA_FIELD","manifestos","6399","/data/invoices_value","UNVERIFIED_RUNTIME_TYPE","invoices_value","stg.manifestos.root_observation.invoices_value","","MAPEAMENTO_LOCAL_DECLARADO","G03/G04"
"DE-DATA-6399-026","DATA_EXPORT_DATA_FIELD","manifestos","6399","/data/manifest_freights_total","UNVERIFIED_RUNTIME_TYPE","manifest_freights_total","stg.manifestos.root_observation.manifest_freights_total","","MAPEAMENTO_LOCAL_DECLARADO","G03/G04"
"DE-DATA-6399-027","DATA_EXPORT_DATA_FIELD","manifestos","6399","/data/mft_pfs_pck_sequence_code","UNVERIFIED_RUNTIME_TYPE","mft_pfs_pck_sequence_code","stg.manifestos.pick_child_observation.mft_pfs_pck_sequence_code","","MAPEAMENTO_LOCAL_DECLARADO","G03/G04"
"DE-DATA-6399-028","DATA_EXPORT_DATA_FIELD","manifestos","6399","/data/mft_cat_cot_number","UNVERIFIED_RUNTIME_TYPE","mft_cat_cot_number","stg.manifestos.root_observation.mft_cat_cot_number","","MAPEAMENTO_LOCAL_DECLARADO","G03/G04"
"DE-DATA-6399-029","DATA_EXPORT_DATA_FIELD","manifestos","6399","/data/daily_subtotal","UNVERIFIED_RUNTIME_TYPE","daily_subtotal","stg.manifestos.root_observation.daily_subtotal","","MAPEAMENTO_LOCAL_DECLARADO","G03/G04"
"DE-DATA-6399-030","DATA_EXPORT_DATA_FIELD","manifestos","6399","/data/total_cost","UNVERIFIED_RUNTIME_TYPE","total_cost","stg.manifestos.root_observation.total_cost","","MAPEAMENTO_LOCAL_DECLARADO","G03/G04"
"DE-DATA-6399-031","DATA_EXPORT_DATA_FIELD","manifestos","6399","/data/operational_expenses_total","UNVERIFIED_RUNTIME_TYPE","operational_expenses_total","stg.manifestos.root_observation.operational_expenses_total","","MAPEAMENTO_LOCAL_DECLARADO","G03/G04"
"DE-DATA-6399-032","DATA_EXPORT_DATA_FIELD","manifestos","6399","/data/mft_a_t_inss_value","UNVERIFIED_RUNTIME_TYPE","mft_a_t_inss_value","stg.manifestos.root_observation.mft_a_t_inss_value","","MAPEAMENTO_LOCAL_DECLARADO","G03/G04"
"DE-DATA-6399-033","DATA_EXPORT_DATA_FIELD","manifestos","6399","/data/mft_a_t_sest_senat_value","UNVERIFIED_RUNTIME_TYPE","mft_a_t_sest_senat_value","stg.manifestos.root_observation.mft_a_t_sest_senat_value","","MAPEAMENTO_LOCAL_DECLARADO","G03/G04"
"DE-DATA-6399-034","DATA_EXPORT_DATA_FIELD","manifestos","6399","/data/mft_a_t_ir_value","UNVERIFIED_RUNTIME_TYPE","mft_a_t_ir_value","stg.manifestos.root_observation.mft_a_t_ir_value","","MAPEAMENTO_LOCAL_DECLARADO","G03/G04"
"DE-DATA-6399-035","DATA_EXPORT_DATA_FIELD","manifestos","6399","/data/paying_total","UNVERIFIED_RUNTIME_TYPE","paying_total","stg.manifestos.root_observation.paying_total","","MAPEAMENTO_LOCAL_DECLARADO","G03/G04"
"DE-DATA-6399-036","DATA_EXPORT_DATA_FIELD","manifestos","6399","/data/mft_uer_name","UNVERIFIED_RUNTIME_TYPE","mft_uer_name","stg.manifestos.root_observation.mft_uer_name","","MAPEAMENTO_LOCAL_DECLARADO","G03/G04"
"DE-DATA-6399-037","DATA_EXPORT_DATA_FIELD","manifestos","6399","/data/mft_aoe_rer_name","UNVERIFIED_RUNTIME_TYPE","mft_aoe_rer_name","stg.manifestos.root_observation.mft_aoe_rer_name","","MAPEAMENTO_LOCAL_DECLARADO","G03/G04"
"DE-DATA-6399-038","DATA_EXPORT_DATA_FIELD","manifestos","6399","/data/advance_subtotal","UNVERIFIED_RUNTIME_TYPE","advance_subtotal","stg.manifestos.root_observation.advance_subtotal","","MAPEAMENTO_LOCAL_DECLARADO","G03/G04"
"DE-DATA-6399-039","DATA_EXPORT_DATA_FIELD","manifestos","6399","/data/toll_subtotal","UNVERIFIED_RUNTIME_TYPE","toll_subtotal","stg.manifestos.root_observation.toll_subtotal","","MAPEAMENTO_LOCAL_DECLARADO","G03/G04"
"DE-DATA-6399-040","DATA_EXPORT_DATA_FIELD","manifestos","6399","/data/fleet_costs_subtotal","UNVERIFIED_RUNTIME_TYPE","fleet_costs_subtotal","stg.manifestos.root_observation.fleet_costs_subtotal","","MAPEAMENTO_LOCAL_DECLARADO","G03/G04"
"DE-DATA-6399-041","DATA_EXPORT_DATA_FIELD","manifestos","6399","/data/mft_s_n_svs_sge_pyr_nickname","UNVERIFIED_RUNTIME_TYPE","mft_s_n_svs_sge_pyr_nickname","stg.manifestos.root_observation.mft_s_n_svs_sge_pyr_nickname","","MAPEAMENTO_LOCAL_DECLARADO","G03/G04"
"DE-DATA-6399-042","DATA_EXPORT_DATA_FIELD","manifestos","6399","/data/mft_s_n_svs_sge_sse_name","UNVERIFIED_RUNTIME_TYPE","mft_s_n_svs_sge_sse_name","stg.manifestos.root_observation.mft_s_n_svs_sge_sse_name","","MAPEAMENTO_LOCAL_DECLARADO","G03/G04"
"DE-DATA-6399-043","DATA_EXPORT_DATA_FIELD","manifestos","6399","/data/mobile_read_at","UNVERIFIED_RUNTIME_TYPE","mobile_read_at","stg.manifestos.root_observation.mobile_read_at","","MAPEAMENTO_LOCAL_DECLARADO","G03/G04"
"DE-DATA-6399-044","DATA_EXPORT_DATA_FIELD","manifestos","6399","/data/km","UNVERIFIED_RUNTIME_TYPE","km","stg.manifestos.root_observation.km","","MAPEAMENTO_LOCAL_DECLARADO","G03/G04"
"DE-DATA-6399-045","DATA_EXPORT_DATA_FIELD","manifestos","6399","/data/manual_km","UNVERIFIED_RUNTIME_TYPE","manual_km","stg.manifestos.root_observation.manual_km","","MAPEAMENTO_LOCAL_DECLARADO","G03/G04"
"DE-DATA-6399-046","DATA_EXPORT_DATA_FIELD","manifestos","6399","/data/generate_mdfe","UNVERIFIED_RUNTIME_TYPE","generate_mdfe","stg.manifestos.root_observation.generate_mdfe","","MAPEAMENTO_LOCAL_DECLARADO","G03/G04"
"DE-DATA-6399-047","DATA_EXPORT_DATA_FIELD","manifestos","6399","/data/monitoring_request","UNVERIFIED_RUNTIME_TYPE","monitoring_request","stg.manifestos.root_observation.monitoring_request","","MAPEAMENTO_LOCAL_DECLARADO","G03/G04"
"DE-DATA-6399-048","DATA_EXPORT_DATA_FIELD","manifestos","6399","/data/delivery_manifest_items_count","UNVERIFIED_RUNTIME_TYPE","delivery_manifest_items_count","stg.manifestos.root_observation.delivery_manifest_items_count","","MAPEAMENTO_LOCAL_DECLARADO","G03/G04"
"DE-DATA-6399-049","DATA_EXPORT_DATA_FIELD","manifestos","6399","/data/transfer_manifest_items_count","UNVERIFIED_RUNTIME_TYPE","transfer_manifest_items_count","stg.manifestos.root_observation.transfer_manifest_items_count","","MAPEAMENTO_LOCAL_DECLARADO","G03/G04"
"DE-DATA-6399-050","DATA_EXPORT_DATA_FIELD","manifestos","6399","/data/pick_manifest_items_count","UNVERIFIED_RUNTIME_TYPE","pick_manifest_items_count","stg.manifestos.root_observation.pick_manifest_items_count","","MAPEAMENTO_LOCAL_DECLARADO","G03/G04"
"DE-DATA-6399-051","DATA_EXPORT_DATA_FIELD","manifestos","6399","/data/dispatch_draft_manifest_items_count","UNVERIFIED_RUNTIME_TYPE","dispatch_draft_manifest_items_count","stg.manifestos.root_observation.dispatch_draft_manifest_items_count","","MAPEAMENTO_LOCAL_DECLARADO","G03/G04"
"DE-DATA-6399-052","DATA_EXPORT_DATA_FIELD","manifestos","6399","/data/consolidation_manifest_items_count","UNVERIFIED_RUNTIME_TYPE","consolidation_manifest_items_count","stg.manifestos.root_observation.consolidation_manifest_items_count","","MAPEAMENTO_LOCAL_DECLARADO","G03/G04"
"DE-DATA-6399-053","DATA_EXPORT_DATA_FIELD","manifestos","6399","/data/reverse_pick_manifest_items_count","UNVERIFIED_RUNTIME_TYPE","reverse_pick_manifest_items_count","stg.manifestos.root_observation.reverse_pick_manifest_items_count","","MAPEAMENTO_LOCAL_DECLARADO","G03/G04"
"DE-DATA-6399-054","DATA_EXPORT_DATA_FIELD","manifestos","6399","/data/manifest_items_count","UNVERIFIED_RUNTIME_TYPE","manifest_items_count","stg.manifestos.root_observation.manifest_items_count","","MAPEAMENTO_LOCAL_DECLARADO","G03/G04"
"DE-DATA-6399-055","DATA_EXPORT_DATA_FIELD","manifestos","6399","/data/finalized_manifest_items_count","UNVERIFIED_RUNTIME_TYPE","finalized_manifest_items_count","stg.manifestos.root_observation.finalized_manifest_items_count","","MAPEAMENTO_LOCAL_DECLARADO","G03/G04"
"DE-DATA-6399-056","DATA_EXPORT_DATA_FIELD","manifestos","6399","/data/uniq_destinations_count","UNVERIFIED_RUNTIME_TYPE","uniq_destinations_count","stg.manifestos.root_observation.uniq_destinations_count","","MAPEAMENTO_LOCAL_DECLARADO","G03/G04"
"DE-DATA-6399-057","DATA_EXPORT_DATA_FIELD","manifestos","6399","/data/contract_type","UNVERIFIED_RUNTIME_TYPE","contract_type","stg.manifestos.root_observation.contract_type","","MAPEAMENTO_LOCAL_DECLARADO","G03/G04"
"DE-DATA-6399-058","DATA_EXPORT_DATA_FIELD","manifestos","6399","/data/mft_mdr_contract_type","UNVERIFIED_RUNTIME_TYPE","mft_mdr_contract_type","stg.manifestos.root_observation.mft_mdr_contract_type","","MAPEAMENTO_LOCAL_DECLARADO","G03/G04"
"DE-DATA-6399-059","DATA_EXPORT_DATA_FIELD","manifestos","6399","/data/calculation_type","UNVERIFIED_RUNTIME_TYPE","calculation_type","stg.manifestos.root_observation.calculation_type","","MAPEAMENTO_LOCAL_DECLARADO","G03/G04"
"DE-DATA-6399-060","DATA_EXPORT_DATA_FIELD","manifestos","6399","/data/cargo_type","UNVERIFIED_RUNTIME_TYPE","cargo_type","stg.manifestos.root_observation.cargo_type","","MAPEAMENTO_LOCAL_DECLARADO","G03/G04"
"DE-DATA-6399-061","DATA_EXPORT_DATA_FIELD","manifestos","6399","/data/calculated_pick_count","UNVERIFIED_RUNTIME_TYPE","calculated_pick_count","stg.manifestos.root_observation.calculated_pick_count","","MAPEAMENTO_LOCAL_DECLARADO","G03/G04"
"DE-DATA-6399-062","DATA_EXPORT_DATA_FIELD","manifestos","6399","/data/calculated_delivery_count","UNVERIFIED_RUNTIME_TYPE","calculated_delivery_count","stg.manifestos.root_observation.calculated_delivery_count","","MAPEAMENTO_LOCAL_DECLARADO","G03/G04"
"DE-DATA-6399-063","DATA_EXPORT_DATA_FIELD","manifestos","6399","/data/calculated_dispatch_count","UNVERIFIED_RUNTIME_TYPE","calculated_dispatch_count","stg.manifestos.root_observation.calculated_dispatch_count","","MAPEAMENTO_LOCAL_DECLARADO","G03/G04"
"DE-DATA-6399-064","DATA_EXPORT_DATA_FIELD","manifestos","6399","/data/calculated_consolidation_count","UNVERIFIED_RUNTIME_TYPE","calculated_consolidation_count","stg.manifestos.root_observation.calculated_consolidation_count","","MAPEAMENTO_LOCAL_DECLARADO","G03/G04"
"DE-DATA-6399-065","DATA_EXPORT_DATA_FIELD","manifestos","6399","/data/calculated_reverse_pick_count","UNVERIFIED_RUNTIME_TYPE","calculated_reverse_pick_count","stg.manifestos.root_observation.calculated_reverse_pick_count","","MAPEAMENTO_LOCAL_DECLARADO","G03/G04"
"DE-DATA-6399-066","DATA_EXPORT_DATA_FIELD","manifestos","6399","/data/freight_subtotal","UNVERIFIED_RUNTIME_TYPE","freight_subtotal","stg.manifestos.root_observation.freight_subtotal","","MAPEAMENTO_LOCAL_DECLARADO","G03/G04"
"DE-DATA-6399-067","DATA_EXPORT_DATA_FIELD","manifestos","6399","/data/fuel_subtotal","UNVERIFIED_RUNTIME_TYPE","fuel_subtotal","stg.manifestos.root_observation.fuel_subtotal","","MAPEAMENTO_LOCAL_DECLARADO","G03/G04"
"DE-DATA-6399-068","DATA_EXPORT_DATA_FIELD","manifestos","6399","/data/pick_subtotal","UNVERIFIED_RUNTIME_TYPE","pick_subtotal","stg.manifestos.root_observation.pick_subtotal","","MAPEAMENTO_LOCAL_DECLARADO","G03/G04"
"DE-DATA-6399-069","DATA_EXPORT_DATA_FIELD","manifestos","6399","/data/delivery_subtotal","UNVERIFIED_RUNTIME_TYPE","delivery_subtotal","stg.manifestos.root_observation.delivery_subtotal","","MAPEAMENTO_LOCAL_DECLARADO","G03/G04"
"DE-DATA-6399-070","DATA_EXPORT_DATA_FIELD","manifestos","6399","/data/dispatch_subtotal","UNVERIFIED_RUNTIME_TYPE","dispatch_subtotal","stg.manifestos.root_observation.dispatch_subtotal","","MAPEAMENTO_LOCAL_DECLARADO","G03/G04"
"DE-DATA-6399-071","DATA_EXPORT_DATA_FIELD","manifestos","6399","/data/consolidation_subtotal","UNVERIFIED_RUNTIME_TYPE","consolidation_subtotal","stg.manifestos.root_observation.consolidation_subtotal","","MAPEAMENTO_LOCAL_DECLARADO","G03/G04"
"DE-DATA-6399-072","DATA_EXPORT_DATA_FIELD","manifestos","6399","/data/reverse_pick_subtotal","UNVERIFIED_RUNTIME_TYPE","reverse_pick_subtotal","stg.manifestos.root_observation.reverse_pick_subtotal","","MAPEAMENTO_LOCAL_DECLARADO","G03/G04"
"DE-DATA-6399-073","DATA_EXPORT_DATA_FIELD","manifestos","6399","/data/additionals_subtotal","UNVERIFIED_RUNTIME_TYPE","additionals_subtotal","stg.manifestos.root_observation.additionals_subtotal","","MAPEAMENTO_LOCAL_DECLARADO","G03/G04"
"DE-DATA-6399-074","DATA_EXPORT_DATA_FIELD","manifestos","6399","/data/discounts_subtotal","UNVERIFIED_RUNTIME_TYPE","discounts_subtotal","stg.manifestos.root_observation.discounts_subtotal","","MAPEAMENTO_LOCAL_DECLARADO","G03/G04"
"DE-DATA-6399-075","DATA_EXPORT_DATA_FIELD","manifestos","6399","/data/discount_value","UNVERIFIED_RUNTIME_TYPE","discount_value","stg.manifestos.root_observation.discount_value","","MAPEAMENTO_LOCAL_DECLARADO","G03/G04"
"DE-DATA-6399-076","DATA_EXPORT_DATA_FIELD","manifestos","6399","/data/driver_services_total","UNVERIFIED_RUNTIME_TYPE","driver_services_total","stg.manifestos.root_observation.driver_services_total","","MAPEAMENTO_LOCAL_DECLARADO","G03/G04"
"DE-DATA-6399-077","DATA_EXPORT_DATA_FIELD","manifestos","6399","/data/mft_aoe_comments","UNVERIFIED_RUNTIME_TYPE","mft_aoe_comments","stg.manifestos.root_observation.mft_aoe_comments","","MAPEAMENTO_LOCAL_DECLARADO","G03/G04"
"DE-DATA-6399-078","DATA_EXPORT_DATA_FIELD","manifestos","6399","/data/mft_cat_cot_status","UNVERIFIED_RUNTIME_TYPE","mft_cat_cot_status","stg.manifestos.root_observation.mft_cat_cot_status","","MAPEAMENTO_LOCAL_DECLARADO","G03/G04"
"DE-DATA-6399-079","DATA_EXPORT_DATA_FIELD","manifestos","6399","/data/mft_iks_id","UNVERIFIED_RUNTIME_TYPE","mft_iks_id","stg.manifestos.root_observation.mft_iks_id","","MAPEAMENTO_LOCAL_DECLARADO","G03/G04"
"DE-DATA-6399-080","DATA_EXPORT_DATA_FIELD","manifestos","6399","/data/mft_s_n_sequence_code","UNVERIFIED_RUNTIME_TYPE","mft_s_n_sequence_code","stg.manifestos.root_observation.mft_s_n_sequence_code","","MAPEAMENTO_LOCAL_DECLARADO","G03/G04"
"DE-DATA-6399-081","DATA_EXPORT_DATA_FIELD","manifestos","6399","/data/mft_s_n_starting_at","UNVERIFIED_RUNTIME_TYPE","mft_s_n_starting_at","stg.manifestos.root_observation.mft_s_n_starting_at","","MAPEAMENTO_LOCAL_DECLARADO","G03/G04"
"DE-DATA-6399-082","DATA_EXPORT_DATA_FIELD","manifestos","6399","/data/mft_s_n_ending_at","UNVERIFIED_RUNTIME_TYPE","mft_s_n_ending_at","stg.manifestos.root_observation.mft_s_n_ending_at","","MAPEAMENTO_LOCAL_DECLARADO","G03/G04"
"DE-DATA-6399-083","DATA_EXPORT_DATA_FIELD","manifestos","6399","/data/mft_tl1_license_plate","UNVERIFIED_RUNTIME_TYPE","mft_tl1_license_plate","stg.manifestos.root_observation.mft_tl1_license_plate","","MAPEAMENTO_LOCAL_DECLARADO","G03/G04"
"DE-DATA-6399-084","DATA_EXPORT_DATA_FIELD","manifestos","6399","/data/mft_tl1_weight_capacity","UNVERIFIED_RUNTIME_TYPE","mft_tl1_weight_capacity","stg.manifestos.root_observation.mft_tl1_weight_capacity","","MAPEAMENTO_LOCAL_DECLARADO","G03/G04"
"DE-DATA-6399-085","DATA_EXPORT_DATA_FIELD","manifestos","6399","/data/mft_tl2_license_plate","UNVERIFIED_RUNTIME_TYPE","mft_tl2_license_plate","stg.manifestos.root_observation.mft_tl2_license_plate","","MAPEAMENTO_LOCAL_DECLARADO","G03/G04"
"DE-DATA-6399-086","DATA_EXPORT_DATA_FIELD","manifestos","6399","/data/mft_tl2_weight_capacity","UNVERIFIED_RUNTIME_TYPE","mft_tl2_weight_capacity","stg.manifestos.root_observation.mft_tl2_weight_capacity","","MAPEAMENTO_LOCAL_DECLARADO","G03/G04"
"DE-DATA-6399-087","DATA_EXPORT_DATA_FIELD","manifestos","6399","/data/mft_vie_weight_capacity","UNVERIFIED_RUNTIME_TYPE","mft_vie_weight_capacity","stg.manifestos.root_observation.mft_vie_weight_capacity","","MAPEAMENTO_LOCAL_DECLARADO","G03/G04"
"DE-DATA-6399-088","DATA_EXPORT_DATA_FIELD","manifestos","6399","/data/mft_vie_cubic_weight","UNVERIFIED_RUNTIME_TYPE","mft_vie_cubic_weight","stg.manifestos.root_observation.mft_vie_cubic_weight","","MAPEAMENTO_LOCAL_DECLARADO","G03/G04"
"DE-DATA-6399-089","DATA_EXPORT_DATA_FIELD","manifestos","6399","/data/operational_comments","UNVERIFIED_RUNTIME_TYPE","operational_comments","stg.manifestos.root_observation.operational_comments","","MAPEAMENTO_LOCAL_DECLARADO","G03/G04"
"DE-DATA-6399-090","DATA_EXPORT_DATA_FIELD","manifestos","6399","/data/closing_comments","UNVERIFIED_RUNTIME_TYPE","closing_comments","stg.manifestos.root_observation.closing_comments","","MAPEAMENTO_LOCAL_DECLARADO","G03/G04"
"DE-DATA-6906-001","DATA_EXPORT_DATA_FIELD","cotacoes","6906","/data/requested_at","UNVERIFIED_RUNTIME_TYPE","requested_at","stg.cotacoes.requested_at","","MAPEAMENTO_LOCAL_DECLARADO","G03/G04"
"DE-DATA-6906-002","DATA_EXPORT_DATA_FIELD","cotacoes","6906","/data/sequence_code","UNVERIFIED_RUNTIME_TYPE","sequence_code","stg.cotacoes.sequence_code","","MAPEAMENTO_LOCAL_DECLARADO","G03/G04"
"DE-DATA-6906-003","DATA_EXPORT_DATA_FIELD","cotacoes","6906","/data/qoe_qes_fon_name","UNVERIFIED_RUNTIME_TYPE","qoe_qes_fon_name","stg.cotacoes.qoe_qes_fon_name","","MAPEAMENTO_LOCAL_DECLARADO","G03/G04"
"DE-DATA-6906-004","DATA_EXPORT_DATA_FIELD","cotacoes","6906","/data/qoe_cor_document","UNVERIFIED_RUNTIME_TYPE","qoe_cor_document","stg.cotacoes.qoe_cor_document","","MAPEAMENTO_LOCAL_DECLARADO","G03/G04"
"DE-DATA-6906-005","DATA_EXPORT_DATA_FIELD","cotacoes","6906","/data/qoe_cor_name","UNVERIFIED_RUNTIME_TYPE","qoe_cor_name","stg.cotacoes.qoe_cor_name","","MAPEAMENTO_LOCAL_DECLARADO","G03/G04"
"DE-DATA-6906-006","DATA_EXPORT_DATA_FIELD","cotacoes","6906","/data/qoe_qes_ony_name","UNVERIFIED_RUNTIME_TYPE","qoe_qes_ony_name","stg.cotacoes.qoe_qes_ony_name","","MAPEAMENTO_LOCAL_DECLARADO","G03/G04"
"DE-DATA-6906-007","DATA_EXPORT_DATA_FIELD","cotacoes","6906","/data/qoe_qes_ony_sae_code","UNVERIFIED_RUNTIME_TYPE","qoe_qes_ony_sae_code","stg.cotacoes.qoe_qes_ony_sae_code","","MAPEAMENTO_LOCAL_DECLARADO","G03/G04"
"DE-DATA-6906-008","DATA_EXPORT_DATA_FIELD","cotacoes","6906","/data/qoe_qes_diy_name","UNVERIFIED_RUNTIME_TYPE","qoe_qes_diy_name","stg.cotacoes.qoe_qes_diy_name","","MAPEAMENTO_LOCAL_DECLARADO","G03/G04"
"DE-DATA-6906-009","DATA_EXPORT_DATA_FIELD","cotacoes","6906","/data/qoe_qes_diy_sae_code","UNVERIFIED_RUNTIME_TYPE","qoe_qes_diy_sae_code","stg.cotacoes.qoe_qes_diy_sae_code","","MAPEAMENTO_LOCAL_DECLARADO","G03/G04"
"DE-DATA-6906-010","DATA_EXPORT_DATA_FIELD","cotacoes","6906","/data/qoe_qes_cre_name","UNVERIFIED_RUNTIME_TYPE","qoe_qes_cre_name","stg.cotacoes.qoe_qes_cre_name","","MAPEAMENTO_LOCAL_DECLARADO","G03/G04"
"DE-DATA-6906-011","DATA_EXPORT_DATA_FIELD","cotacoes","6906","/data/qoe_qes_invoices_volumes","UNVERIFIED_RUNTIME_TYPE","qoe_qes_invoices_volumes","stg.cotacoes.qoe_qes_invoices_volumes","","MAPEAMENTO_LOCAL_DECLARADO","G03/G04"
"DE-DATA-6906-012","DATA_EXPORT_DATA_FIELD","cotacoes","6906","/data/qoe_qes_taxed_weight","UNVERIFIED_RUNTIME_TYPE","qoe_qes_taxed_weight","stg.cotacoes.qoe_qes_taxed_weight","","MAPEAMENTO_LOCAL_DECLARADO","G03/G04"
"DE-DATA-6906-013","DATA_EXPORT_DATA_FIELD","cotacoes","6906","/data/qoe_qes_invoices_value","UNVERIFIED_RUNTIME_TYPE","qoe_qes_invoices_value","stg.cotacoes.qoe_qes_invoices_value","","MAPEAMENTO_LOCAL_DECLARADO","G03/G04"
"DE-DATA-6906-014","DATA_EXPORT_DATA_FIELD","cotacoes","6906","/data/qoe_qes_total","UNVERIFIED_RUNTIME_TYPE","qoe_qes_total","stg.cotacoes.qoe_qes_total","","MAPEAMENTO_LOCAL_DECLARADO","G03/G04"
"DE-DATA-6906-015","DATA_EXPORT_DATA_FIELD","cotacoes","6906","/data/qoe_qes_fit_fhe_cte_issued_at","UNVERIFIED_RUNTIME_TYPE","qoe_qes_fit_fhe_cte_issued_at","stg.cotacoes.qoe_qes_fit_fhe_cte_issued_at","","MAPEAMENTO_LOCAL_DECLARADO","G03/G04"
"DE-DATA-6906-016","DATA_EXPORT_DATA_FIELD","cotacoes","6906","/data/qoe_qes_fit_nse_issued_at","UNVERIFIED_RUNTIME_TYPE","qoe_qes_fit_nse_issued_at","stg.cotacoes.qoe_qes_fit_nse_issued_at","","MAPEAMENTO_LOCAL_DECLARADO","G03/G04"
"DE-DATA-6906-017","DATA_EXPORT_DATA_FIELD","cotacoes","6906","/data/qoe_uer_name","UNVERIFIED_RUNTIME_TYPE","qoe_uer_name","stg.cotacoes.qoe_uer_name","","MAPEAMENTO_LOCAL_DECLARADO","G03/G04"
"DE-DATA-6906-018","DATA_EXPORT_DATA_FIELD","cotacoes","6906","/data/qoe_crn_psn_nickname","UNVERIFIED_RUNTIME_TYPE","qoe_crn_psn_nickname","stg.cotacoes.qoe_crn_psn_nickname","","MAPEAMENTO_LOCAL_DECLARADO","G03/G04"
"DE-DATA-6906-019","DATA_EXPORT_DATA_FIELD","cotacoes","6906","/data/qoe_qes_sdr_document","UNVERIFIED_RUNTIME_TYPE","qoe_qes_sdr_document","stg.cotacoes.qoe_qes_sdr_document","","MAPEAMENTO_LOCAL_DECLARADO","G03/G04"
"DE-DATA-6906-020","DATA_EXPORT_DATA_FIELD","cotacoes","6906","/data/qoe_qes_sdr_nickname","UNVERIFIED_RUNTIME_TYPE","qoe_qes_sdr_nickname","stg.cotacoes.qoe_qes_sdr_nickname","","MAPEAMENTO_LOCAL_DECLARADO","G03/G04"
"DE-DATA-6906-021","DATA_EXPORT_DATA_FIELD","cotacoes","6906","/data/qoe_qes_rpt_document","UNVERIFIED_RUNTIME_TYPE","qoe_qes_rpt_document","stg.cotacoes.qoe_qes_rpt_document","","MAPEAMENTO_LOCAL_DECLARADO","G03/G04"
"DE-DATA-6906-022","DATA_EXPORT_DATA_FIELD","cotacoes","6906","/data/qoe_qes_rpt_nickname","UNVERIFIED_RUNTIME_TYPE","qoe_qes_rpt_nickname","stg.cotacoes.qoe_qes_rpt_nickname","","MAPEAMENTO_LOCAL_DECLARADO","G03/G04"
"DE-DATA-6906-023","DATA_EXPORT_DATA_FIELD","cotacoes","6906","/data/qoe_qes_origin_postal_code","UNVERIFIED_RUNTIME_TYPE","qoe_qes_origin_postal_code","stg.cotacoes.qoe_qes_origin_postal_code","","MAPEAMENTO_LOCAL_DECLARADO","G03/G04"
"DE-DATA-6906-024","DATA_EXPORT_DATA_FIELD","cotacoes","6906","/data/qoe_qes_destination_postal_code","UNVERIFIED_RUNTIME_TYPE","qoe_qes_destination_postal_code","stg.cotacoes.qoe_qes_destination_postal_code","","MAPEAMENTO_LOCAL_DECLARADO","G03/G04"
"DE-DATA-6906-025","DATA_EXPORT_DATA_FIELD","cotacoes","6906","/data/qoe_qes_real_weight","UNVERIFIED_RUNTIME_TYPE","qoe_qes_real_weight","stg.cotacoes.qoe_qes_real_weight","","MAPEAMENTO_LOCAL_DECLARADO","G03/G04"
"DE-DATA-6906-026","DATA_EXPORT_DATA_FIELD","cotacoes","6906","/data/qoe_qes_disapprove_comments","UNVERIFIED_RUNTIME_TYPE","qoe_qes_disapprove_comments","stg.cotacoes.qoe_qes_disapprove_comments","","MAPEAMENTO_LOCAL_DECLARADO","G03/G04"
"DE-DATA-6906-027","DATA_EXPORT_DATA_FIELD","cotacoes","6906","/data/qoe_qes_freight_comments","UNVERIFIED_RUNTIME_TYPE","qoe_qes_freight_comments","stg.cotacoes.qoe_qes_freight_comments","","MAPEAMENTO_LOCAL_DECLARADO","G03/G04"
"DE-DATA-6906-028","DATA_EXPORT_DATA_FIELD","cotacoes","6906","/data/qoe_qes_fit_fdt_subtotal","UNVERIFIED_RUNTIME_TYPE","qoe_qes_fit_fdt_subtotal","stg.cotacoes.qoe_qes_fit_fdt_subtotal","","MAPEAMENTO_LOCAL_DECLARADO","G03/G04"
"DE-DATA-6906-029","DATA_EXPORT_DATA_FIELD","cotacoes","6906","/data/requester_name","UNVERIFIED_RUNTIME_TYPE","requester_name","stg.cotacoes.requester_name","","MAPEAMENTO_LOCAL_DECLARADO","G03/G04"
"DE-DATA-6906-030","DATA_EXPORT_DATA_FIELD","cotacoes","6906","/data/qoe_qes_itr_subtotal","UNVERIFIED_RUNTIME_TYPE","qoe_qes_itr_subtotal","stg.cotacoes.qoe_qes_itr_subtotal","","MAPEAMENTO_LOCAL_DECLARADO","G03/G04"
"DE-DATA-6906-031","DATA_EXPORT_DATA_FIELD","cotacoes","6906","/data/qoe_qes_tde_subtotal","UNVERIFIED_RUNTIME_TYPE","qoe_qes_tde_subtotal","stg.cotacoes.qoe_qes_tde_subtotal","","MAPEAMENTO_LOCAL_DECLARADO","G03/G04"
"DE-DATA-6906-032","DATA_EXPORT_DATA_FIELD","cotacoes","6906","/data/qoe_qes_collect_subtotal","UNVERIFIED_RUNTIME_TYPE","qoe_qes_collect_subtotal","stg.cotacoes.qoe_qes_collect_subtotal","","MAPEAMENTO_LOCAL_DECLARADO","G03/G04"
"DE-DATA-6906-033","DATA_EXPORT_DATA_FIELD","cotacoes","6906","/data/qoe_qes_delivery_subtotal","UNVERIFIED_RUNTIME_TYPE","qoe_qes_delivery_subtotal","stg.cotacoes.qoe_qes_delivery_subtotal","","MAPEAMENTO_LOCAL_DECLARADO","G03/G04"
"DE-DATA-6906-034","DATA_EXPORT_DATA_FIELD","cotacoes","6906","/data/qoe_qes_other_fees","UNVERIFIED_RUNTIME_TYPE","qoe_qes_other_fees","stg.cotacoes.qoe_qes_other_fees","","MAPEAMENTO_LOCAL_DECLARADO","G03/G04"
"DE-DATA-6906-035","DATA_EXPORT_DATA_FIELD","cotacoes","6906","/data/qoe_crn_psn_name","UNVERIFIED_RUNTIME_TYPE","qoe_crn_psn_name","stg.cotacoes.qoe_crn_psn_name","","MAPEAMENTO_LOCAL_DECLARADO","G03/G04"
"DE-DATA-6906-036","DATA_EXPORT_DATA_FIELD","cotacoes","6906","/data/qoe_cor_nickname","UNVERIFIED_RUNTIME_TYPE","qoe_cor_nickname","stg.cotacoes.qoe_cor_nickname","","MAPEAMENTO_LOCAL_DECLARADO","G03/G04"
"DE-DATA-6908-001","DATA_EXPORT_DATA_FIELD","coletas","6908","/data/id","UNVERIFIED_RUNTIME_TYPE","NOT_PRESENT_OR_UNRESOLVED","stg.coletas.id","","MAPEAMENTO_LOCAL_DECLARADO","G03/G04"
"DE-DATA-6908-002","DATA_EXPORT_DATA_FIELD","coletas","6908","/data/sequence_code","UNVERIFIED_RUNTIME_TYPE","NOT_PRESENT_OR_UNRESOLVED","stg.coletas.sequence_code","","MAPEAMENTO_LOCAL_DECLARADO","G03/G04"
"DE-DATA-6908-003","DATA_EXPORT_DATA_FIELD","coletas","6908","/data/updated_at","UNVERIFIED_RUNTIME_TYPE","NOT_PRESENT_OR_UNRESOLVED","stg.coletas.updated_at","","MAPEAMENTO_LOCAL_DECLARADO","G03/G04"
"DE-DATA-6908-004","DATA_EXPORT_DATA_FIELD","coletas","6908","/data/pck_mik_mft_crn_psn_nickname","UNVERIFIED_RUNTIME_TYPE","NOT_PRESENT_OR_UNRESOLVED","stg.coletas.pck_mik_mft_crn_psn_nickname","","MAPEAMENTO_LOCAL_DECLARADO","G03/G04"
"DE-DATA-6908-005","DATA_EXPORT_DATA_FIELD","coletas","6908","/data/pck_mik_mft_sequence_code","UNVERIFIED_RUNTIME_TYPE","NOT_PRESENT_OR_UNRESOLVED","stg.coletas.pck_mik_mft_sequence_code","","MAPEAMENTO_LOCAL_DECLARADO","G03/G04"
"DE-DATA-6908-006","DATA_EXPORT_DATA_FIELD","coletas","6908","/data/pck_mik_mft_vie_license_plate","UNVERIFIED_RUNTIME_TYPE","NOT_PRESENT_OR_UNRESOLVED","stg.coletas.pck_mik_mft_vie_license_plate","","MAPEAMENTO_LOCAL_DECLARADO","G03/G04"
"DE-DATA-6908-007","DATA_EXPORT_DATA_FIELD","coletas","6908","/data/pck_mik_mft_vie_vee_name","UNVERIFIED_RUNTIME_TYPE","NOT_PRESENT_OR_UNRESOLVED","stg.coletas.pck_mik_mft_vie_vee_name","","MAPEAMENTO_LOCAL_DECLARADO","G03/G04"
"DE-DATA-8636-001","DATA_EXPORT_DATA_FIELD","contas_a_pagar","8636","/data/ant_ils_sequence_code","UNVERIFIED_RUNTIME_TYPE","ant_ils_sequence_code","stg.contas_a_pagar.ant_ils_sequence_code","stg.expansion_lab_cap.ant_ils_sequence_code","IMPLEMENTADO_INTEGRADO_VERIFICADO_LOCAL","G03/G04"
"DE-DATA-8636-002","DATA_EXPORT_DATA_FIELD","contas_a_pagar","8636","/data/document","UNVERIFIED_RUNTIME_TYPE","document","stg.contas_a_pagar.document","stg.expansion_lab_cap.document","IMPLEMENTADO_INTEGRADO_VERIFICADO_LOCAL","G03/G04"
"DE-DATA-8636-003","DATA_EXPORT_DATA_FIELD","contas_a_pagar","8636","/data/issue_date","UNVERIFIED_RUNTIME_TYPE","issue_date","stg.contas_a_pagar.issue_date","stg.expansion_lab_cap.issue_date","IMPLEMENTADO_INTEGRADO_VERIFICADO_LOCAL","G03/G04"
"DE-DATA-8636-004","DATA_EXPORT_DATA_FIELD","contas_a_pagar","8636","/data/type","UNVERIFIED_RUNTIME_TYPE","type","stg.contas_a_pagar.type","stg.expansion_lab_cap.type","IMPLEMENTADO_INTEGRADO_VERIFICADO_LOCAL","G03/G04"
"DE-DATA-8636-005","DATA_EXPORT_DATA_FIELD","contas_a_pagar","8636","/data/value","UNVERIFIED_RUNTIME_TYPE","value","stg.contas_a_pagar.value","stg.expansion_lab_cap.value","IMPLEMENTADO_INTEGRADO_VERIFICADO_LOCAL","G03/G04"
"DE-DATA-8636-006","DATA_EXPORT_DATA_FIELD","contas_a_pagar","8636","/data/interest_value","UNVERIFIED_RUNTIME_TYPE","interest_value","stg.contas_a_pagar.interest_value","stg.expansion_lab_cap.interest_value","IMPLEMENTADO_INTEGRADO_VERIFICADO_LOCAL","G03/G04"
"DE-DATA-8636-007","DATA_EXPORT_DATA_FIELD","contas_a_pagar","8636","/data/discount_value","UNVERIFIED_RUNTIME_TYPE","discount_value","stg.contas_a_pagar.discount_value","stg.expansion_lab_cap.discount_value","IMPLEMENTADO_INTEGRADO_VERIFICADO_LOCAL","G03/G04"
"DE-DATA-8636-008","DATA_EXPORT_DATA_FIELD","contas_a_pagar","8636","/data/value_to_pay","UNVERIFIED_RUNTIME_TYPE","value_to_pay","stg.contas_a_pagar.value_to_pay","stg.expansion_lab_cap.value_to_pay","IMPLEMENTADO_INTEGRADO_VERIFICADO_LOCAL","G03/G04"
"DE-DATA-8636-009","DATA_EXPORT_DATA_FIELD","contas_a_pagar","8636","/data/paid","UNVERIFIED_RUNTIME_TYPE","paid","stg.contas_a_pagar.paid","stg.expansion_lab_cap.paid","IMPLEMENTADO_INTEGRADO_VERIFICADO_LOCAL","G03/G04"
"DE-DATA-8636-010","DATA_EXPORT_DATA_FIELD","contas_a_pagar","8636","/data/paid_value","UNVERIFIED_RUNTIME_TYPE","paid_value","stg.contas_a_pagar.paid_value","stg.expansion_lab_cap.paid_value","IMPLEMENTADO_INTEGRADO_VERIFICADO_LOCAL","G03/G04"
"DE-DATA-8636-011","DATA_EXPORT_DATA_FIELD","contas_a_pagar","8636","/data/competence_month","UNVERIFIED_RUNTIME_TYPE","competence_month","stg.contas_a_pagar.competence_month","stg.expansion_lab_cap.competence_month","IMPLEMENTADO_INTEGRADO_VERIFICADO_LOCAL","G03/G04"
"DE-DATA-8636-012","DATA_EXPORT_DATA_FIELD","contas_a_pagar","8636","/data/competence_year","UNVERIFIED_RUNTIME_TYPE","competence_year","stg.contas_a_pagar.competence_year","stg.expansion_lab_cap.competence_year","IMPLEMENTADO_INTEGRADO_VERIFICADO_LOCAL","G03/G04"
"DE-DATA-8636-013","DATA_EXPORT_DATA_FIELD","contas_a_pagar","8636","/data/created_at","UNVERIFIED_RUNTIME_TYPE","created_at","stg.contas_a_pagar.created_at","stg.expansion_lab_cap.created_at","IMPLEMENTADO_INTEGRADO_VERIFICADO_LOCAL","G03/G04"
"DE-DATA-8636-014","DATA_EXPORT_DATA_FIELD","contas_a_pagar","8636","/data/ant_ils_atn_liquidation_date","UNVERIFIED_RUNTIME_TYPE","ant_ils_atn_liquidation_date","stg.contas_a_pagar.ant_ils_atn_liquidation_date","stg.expansion_lab_cap.ant_ils_atn_liquidation_date","IMPLEMENTADO_INTEGRADO_VERIFICADO_LOCAL","G03/G04"
"DE-DATA-8636-015","DATA_EXPORT_DATA_FIELD","contas_a_pagar","8636","/data/ant_ils_atn_transaction_date","UNVERIFIED_RUNTIME_TYPE","ant_ils_atn_transaction_date","stg.contas_a_pagar.ant_ils_atn_transaction_date","stg.expansion_lab_cap.ant_ils_atn_transaction_date","IMPLEMENTADO_INTEGRADO_VERIFICADO_LOCAL","G03/G04"
"DE-DATA-8636-016","DATA_EXPORT_DATA_FIELD","contas_a_pagar","8636","/data/ant_rir_name","UNVERIFIED_RUNTIME_TYPE","ant_rir_name","stg.contas_a_pagar.ant_rir_name","stg.expansion_lab_cap.ant_rir_name","IMPLEMENTADO_INTEGRADO_VERIFICADO_LOCAL","G03/G04"
"DE-DATA-8636-017","DATA_EXPORT_DATA_FIELD","contas_a_pagar","8636","/data/ant_crn_psn_nickname","UNVERIFIED_RUNTIME_TYPE","ant_crn_psn_nickname","stg.contas_a_pagar.ant_crn_psn_nickname","stg.expansion_lab_cap.ant_crn_psn_nickname","IMPLEMENTADO_INTEGRADO_VERIFICADO_LOCAL","G03/G04"
"DE-DATA-8636-018","DATA_EXPORT_DATA_FIELD","contas_a_pagar","8636","/data/ant_ces_acr_name","UNVERIFIED_RUNTIME_TYPE","ant_ces_acr_name","stg.contas_a_pagar.ant_ces_acr_name","stg.expansion_lab_cap.ant_ces_acr_name","IMPLEMENTADO_INTEGRADO_VERIFICADO_LOCAL","G03/G04"
"DE-DATA-8636-019","DATA_EXPORT_DATA_FIELD","contas_a_pagar","8636","/data/ant_ces_value","UNVERIFIED_RUNTIME_TYPE","ant_ces_value","stg.contas_a_pagar.ant_ces_value","stg.expansion_lab_cap.ant_ces_value","IMPLEMENTADO_INTEGRADO_VERIFICADO_LOCAL","G03/G04"
"DE-DATA-8636-020","DATA_EXPORT_DATA_FIELD","contas_a_pagar","8636","/data/ant_ils_pas_ant_classification","UNVERIFIED_RUNTIME_TYPE","ant_ils_pas_ant_classification","stg.contas_a_pagar.ant_ils_pas_ant_classification","stg.expansion_lab_cap.ant_ils_pas_ant_classification","IMPLEMENTADO_INTEGRADO_VERIFICADO_LOCAL","G03/G04"
"DE-DATA-8636-021","DATA_EXPORT_DATA_FIELD","contas_a_pagar","8636","/data/ant_ils_pas_ant_name","UNVERIFIED_RUNTIME_TYPE","ant_ils_pas_ant_name","stg.contas_a_pagar.ant_ils_pas_ant_name","stg.expansion_lab_cap.ant_ils_pas_ant_name","IMPLEMENTADO_INTEGRADO_VERIFICADO_LOCAL","G03/G04"
"DE-DATA-8636-022","DATA_EXPORT_DATA_FIELD","contas_a_pagar","8636","/data/ant_ils_pas_value","UNVERIFIED_RUNTIME_TYPE","ant_ils_pas_value","stg.contas_a_pagar.ant_ils_pas_value","stg.expansion_lab_cap.ant_ils_pas_value","IMPLEMENTADO_INTEGRADO_VERIFICADO_LOCAL","G03/G04"
"DE-DATA-8636-023","DATA_EXPORT_DATA_FIELD","contas_a_pagar","8636","/data/ant_aln_name","UNVERIFIED_RUNTIME_TYPE","ant_aln_name","stg.contas_a_pagar.ant_aln_name","stg.expansion_lab_cap.ant_aln_name","IMPLEMENTADO_INTEGRADO_VERIFICADO_LOCAL","G03/G04"
"DE-DATA-8636-024","DATA_EXPORT_DATA_FIELD","contas_a_pagar","8636","/data/ant_ils_comments","UNVERIFIED_RUNTIME_TYPE","ant_ils_comments","stg.contas_a_pagar.ant_ils_comments","stg.expansion_lab_cap.ant_ils_comments","IMPLEMENTADO_INTEGRADO_VERIFICADO_LOCAL","G03/G04"
"DE-DATA-8636-025","DATA_EXPORT_DATA_FIELD","contas_a_pagar","8636","/data/ant_ils_expense_description","UNVERIFIED_RUNTIME_TYPE","ant_ils_expense_description","stg.contas_a_pagar.ant_ils_expense_description","stg.expansion_lab_cap.ant_ils_expense_description","IMPLEMENTADO_INTEGRADO_VERIFICADO_LOCAL","G03/G04"
"DE-DATA-8636-026","DATA_EXPORT_DATA_FIELD","contas_a_pagar","8636","/data/ant_uer_name","UNVERIFIED_RUNTIME_TYPE","ant_uer_name","stg.contas_a_pagar.ant_uer_name","stg.expansion_lab_cap.ant_uer_name","IMPLEMENTADO_INTEGRADO_VERIFICADO_LOCAL","G03/G04"
"DE-DATA-8636-027","DATA_EXPORT_DATA_FIELD","contas_a_pagar","8636","/data/ant_ils_atn_reconciled","UNVERIFIED_RUNTIME_TYPE","ant_ils_atn_reconciled","stg.contas_a_pagar.ant_ils_atn_reconciled","stg.expansion_lab_cap.ant_ils_atn_reconciled","IMPLEMENTADO_INTEGRADO_VERIFICADO_LOCAL","G03/G04"
"DE-DATA-8656-001","DATA_EXPORT_DATA_FIELD","localizacao_cargas","8656","/data/corporation_sequence_number","UNVERIFIED_RUNTIME_TYPE","corporation_sequence_number","stg.localizacao_cargas.corporation_sequence_number","","VINCULO_INDIVIDUAL_CONDICIONADO","G03/G04"
"DE-DATA-8656-002","DATA_EXPORT_DATA_FIELD","localizacao_cargas","8656","/data/type","UNVERIFIED_RUNTIME_TYPE","type","stg.localizacao_cargas.type","","VINCULO_INDIVIDUAL_CONDICIONADO","G03/G04"
"DE-DATA-8656-003","DATA_EXPORT_DATA_FIELD","localizacao_cargas","8656","/data/service_at","UNVERIFIED_RUNTIME_TYPE","service_at","stg.localizacao_cargas.service_at","","VINCULO_INDIVIDUAL_CONDICIONADO","G03/G04"
"DE-DATA-8656-004","DATA_EXPORT_DATA_FIELD","localizacao_cargas","8656","/data/invoices_volumes","UNVERIFIED_RUNTIME_TYPE","invoices_volumes","stg.localizacao_cargas.invoices_volumes","","VINCULO_INDIVIDUAL_CONDICIONADO","G03/G04"
"DE-DATA-8656-005","DATA_EXPORT_DATA_FIELD","localizacao_cargas","8656","/data/taxed_weight","UNVERIFIED_RUNTIME_TYPE","taxed_weight","stg.localizacao_cargas.taxed_weight","","VINCULO_INDIVIDUAL_CONDICIONADO","G03/G04"
"DE-DATA-8656-006","DATA_EXPORT_DATA_FIELD","localizacao_cargas","8656","/data/invoices_value","UNVERIFIED_RUNTIME_TYPE","invoices_value","stg.localizacao_cargas.invoices_value","","VINCULO_INDIVIDUAL_CONDICIONADO","G03/G04"
"DE-DATA-8656-007","DATA_EXPORT_DATA_FIELD","localizacao_cargas","8656","/data/total","UNVERIFIED_RUNTIME_TYPE","total","stg.localizacao_cargas.total","","VINCULO_INDIVIDUAL_CONDICIONADO","G03/G04"
"DE-DATA-8656-008","DATA_EXPORT_DATA_FIELD","localizacao_cargas","8656","/data/service_type","UNVERIFIED_RUNTIME_TYPE","service_type","stg.localizacao_cargas.service_type","","VINCULO_INDIVIDUAL_CONDICIONADO","G03/G04"
"DE-DATA-8656-009","DATA_EXPORT_DATA_FIELD","localizacao_cargas","8656","/data/fit_crn_psn_nickname","UNVERIFIED_RUNTIME_TYPE","fit_crn_psn_nickname","stg.localizacao_cargas.fit_crn_psn_nickname","","VINCULO_INDIVIDUAL_CONDICIONADO","G03/G04"
"DE-DATA-8656-010","DATA_EXPORT_DATA_FIELD","localizacao_cargas","8656","/data/fit_dpn_delivery_prediction_at","UNVERIFIED_RUNTIME_TYPE","fit_dpn_delivery_prediction_at","stg.localizacao_cargas.fit_dpn_delivery_prediction_at","","VINCULO_INDIVIDUAL_CONDICIONADO","G03/G04"
"DE-DATA-8656-011","DATA_EXPORT_DATA_FIELD","localizacao_cargas","8656","/data/fit_dyn_name","UNVERIFIED_RUNTIME_TYPE","fit_dyn_name","stg.localizacao_cargas.fit_dyn_name","","VINCULO_INDIVIDUAL_CONDICIONADO","G03/G04"
"DE-DATA-8656-012","DATA_EXPORT_DATA_FIELD","localizacao_cargas","8656","/data/fit_dyn_drt_nickname","UNVERIFIED_RUNTIME_TYPE","fit_dyn_drt_nickname","stg.localizacao_cargas.fit_dyn_drt_nickname","","VINCULO_INDIVIDUAL_CONDICIONADO","G03/G04"
"DE-DATA-8656-013","DATA_EXPORT_DATA_FIELD","localizacao_cargas","8656","/data/fit_fsn_name","UNVERIFIED_RUNTIME_TYPE","fit_fsn_name","stg.localizacao_cargas.fit_fsn_name","","VINCULO_INDIVIDUAL_CONDICIONADO","G03/G04"
"DE-DATA-8656-014","DATA_EXPORT_DATA_FIELD","localizacao_cargas","8656","/data/fit_fln_status","UNVERIFIED_RUNTIME_TYPE","fit_fln_status","stg.localizacao_cargas.fit_fln_status","","VINCULO_INDIVIDUAL_CONDICIONADO","G03/G04"
"DE-DATA-8656-015","DATA_EXPORT_DATA_FIELD","localizacao_cargas","8656","/data/fit_fln_cln_nickname","UNVERIFIED_RUNTIME_TYPE","fit_fln_cln_nickname","stg.localizacao_cargas.fit_fln_cln_nickname","","VINCULO_INDIVIDUAL_CONDICIONADO","G03/G04"
"DE-DATA-8656-016","DATA_EXPORT_DATA_FIELD","localizacao_cargas","8656","/data/fit_o_n_name","UNVERIFIED_RUNTIME_TYPE","fit_o_n_name","stg.localizacao_cargas.fit_o_n_name","","VINCULO_INDIVIDUAL_CONDICIONADO","G03/G04"
"DE-DATA-8656-017","DATA_EXPORT_DATA_FIELD","localizacao_cargas","8656","/data/fit_o_n_drt_nickname","UNVERIFIED_RUNTIME_TYPE","fit_o_n_drt_nickname","stg.localizacao_cargas.fit_o_n_drt_nickname","","VINCULO_INDIVIDUAL_CONDICIONADO","G03/G04"
"DE-INFO-10633-001","DATA_EXPORT_FIELD","inventario","10633","/info/__unresolved_info_field_001","UNVERIFIED_BY_INFO","NOT_PRESENT_OR_UNRESOLVED","stg.inventario.pending_contract_field_001","","OPACO_PRESERVADO_BLOQUEADO","G03/G04"
"DE-INFO-10633-002","DATA_EXPORT_FIELD","inventario","10633","/info/__unresolved_info_field_002","UNVERIFIED_BY_INFO","NOT_PRESENT_OR_UNRESOLVED","stg.inventario.pending_contract_field_002","","OPACO_PRESERVADO_BLOQUEADO","G03/G04"
"DE-INFO-10633-003","DATA_EXPORT_FIELD","inventario","10633","/info/__unresolved_info_field_003","UNVERIFIED_BY_INFO","NOT_PRESENT_OR_UNRESOLVED","stg.inventario.pending_contract_field_003","","OPACO_PRESERVADO_BLOQUEADO","G03/G04"
"DE-INFO-10633-004","DATA_EXPORT_FIELD","inventario","10633","/info/__unresolved_info_field_004","UNVERIFIED_BY_INFO","NOT_PRESENT_OR_UNRESOLVED","stg.inventario.pending_contract_field_004","","OPACO_PRESERVADO_BLOQUEADO","G03/G04"
"DE-INFO-10633-005","DATA_EXPORT_FIELD","inventario","10633","/info/__unresolved_info_field_005","UNVERIFIED_BY_INFO","NOT_PRESENT_OR_UNRESOLVED","stg.inventario.pending_contract_field_005","","OPACO_PRESERVADO_BLOQUEADO","G03/G04"
"DE-INFO-10633-006","DATA_EXPORT_FIELD","inventario","10633","/info/__unresolved_info_field_006","UNVERIFIED_BY_INFO","NOT_PRESENT_OR_UNRESOLVED","stg.inventario.pending_contract_field_006","","OPACO_PRESERVADO_BLOQUEADO","G03/G04"
"DE-INFO-10633-007","DATA_EXPORT_FIELD","inventario","10633","/info/__unresolved_info_field_007","UNVERIFIED_BY_INFO","NOT_PRESENT_OR_UNRESOLVED","stg.inventario.pending_contract_field_007","","OPACO_PRESERVADO_BLOQUEADO","G03/G04"
"DE-INFO-10633-008","DATA_EXPORT_FIELD","inventario","10633","/info/__unresolved_info_field_008","UNVERIFIED_BY_INFO","NOT_PRESENT_OR_UNRESOLVED","stg.inventario.pending_contract_field_008","","OPACO_PRESERVADO_BLOQUEADO","G03/G04"
"DE-INFO-10633-009","DATA_EXPORT_FIELD","inventario","10633","/info/__unresolved_info_field_009","UNVERIFIED_BY_INFO","NOT_PRESENT_OR_UNRESOLVED","stg.inventario.pending_contract_field_009","","OPACO_PRESERVADO_BLOQUEADO","G03/G04"
"DE-INFO-10633-010","DATA_EXPORT_FIELD","inventario","10633","/info/__unresolved_info_field_010","UNVERIFIED_BY_INFO","NOT_PRESENT_OR_UNRESOLVED","stg.inventario.pending_contract_field_010","","OPACO_PRESERVADO_BLOQUEADO","G03/G04"
"DE-INFO-10633-011","DATA_EXPORT_FIELD","inventario","10633","/info/__unresolved_info_field_011","UNVERIFIED_BY_INFO","NOT_PRESENT_OR_UNRESOLVED","stg.inventario.pending_contract_field_011","","OPACO_PRESERVADO_BLOQUEADO","G03/G04"
"DE-INFO-10633-012","DATA_EXPORT_FIELD","inventario","10633","/info/__unresolved_info_field_012","UNVERIFIED_BY_INFO","NOT_PRESENT_OR_UNRESOLVED","stg.inventario.pending_contract_field_012","","OPACO_PRESERVADO_BLOQUEADO","G03/G04"
"DE-INFO-10633-013","DATA_EXPORT_FIELD","inventario","10633","/info/__unresolved_info_field_013","UNVERIFIED_BY_INFO","NOT_PRESENT_OR_UNRESOLVED","stg.inventario.pending_contract_field_013","","OPACO_PRESERVADO_BLOQUEADO","G03/G04"
"DE-INFO-10633-014","DATA_EXPORT_FIELD","inventario","10633","/info/__unresolved_info_field_014","UNVERIFIED_BY_INFO","NOT_PRESENT_OR_UNRESOLVED","stg.inventario.pending_contract_field_014","","OPACO_PRESERVADO_BLOQUEADO","G03/G04"
"DE-INFO-10633-015","DATA_EXPORT_FIELD","inventario","10633","/info/__unresolved_info_field_015","UNVERIFIED_BY_INFO","NOT_PRESENT_OR_UNRESOLVED","stg.inventario.pending_contract_field_015","","OPACO_PRESERVADO_BLOQUEADO","G03/G04"
"DE-INFO-10633-016","DATA_EXPORT_FIELD","inventario","10633","/info/__unresolved_info_field_016","UNVERIFIED_BY_INFO","NOT_PRESENT_OR_UNRESOLVED","stg.inventario.pending_contract_field_016","","OPACO_PRESERVADO_BLOQUEADO","G03/G04"
"DE-INFO-10633-017","DATA_EXPORT_FIELD","inventario","10633","/info/__unresolved_info_field_017","UNVERIFIED_BY_INFO","NOT_PRESENT_OR_UNRESOLVED","stg.inventario.pending_contract_field_017","","OPACO_PRESERVADO_BLOQUEADO","G03/G04"
"DE-INFO-10633-018","DATA_EXPORT_FIELD","inventario","10633","/info/__unresolved_info_field_018","UNVERIFIED_BY_INFO","NOT_PRESENT_OR_UNRESOLVED","stg.inventario.pending_contract_field_018","","OPACO_PRESERVADO_BLOQUEADO","G03/G04"
"DE-INFO-10633-019","DATA_EXPORT_FIELD","inventario","10633","/info/__unresolved_info_field_019","UNVERIFIED_BY_INFO","NOT_PRESENT_OR_UNRESOLVED","stg.inventario.pending_contract_field_019","","OPACO_PRESERVADO_BLOQUEADO","G03/G04"
"DE-INFO-10633-020","DATA_EXPORT_FIELD","inventario","10633","/info/__unresolved_info_field_020","UNVERIFIED_BY_INFO","NOT_PRESENT_OR_UNRESOLVED","stg.inventario.pending_contract_field_020","","OPACO_PRESERVADO_BLOQUEADO","G03/G04"
"DE-INFO-10633-021","DATA_EXPORT_FIELD","inventario","10633","/info/__unresolved_info_field_021","UNVERIFIED_BY_INFO","NOT_PRESENT_OR_UNRESOLVED","stg.inventario.pending_contract_field_021","","OPACO_PRESERVADO_BLOQUEADO","G03/G04"
"DE-INFO-10633-022","DATA_EXPORT_FIELD","inventario","10633","/info/__unresolved_info_field_022","UNVERIFIED_BY_INFO","NOT_PRESENT_OR_UNRESOLVED","stg.inventario.pending_contract_field_022","","OPACO_PRESERVADO_BLOQUEADO","G03/G04"
"DE-INFO-10633-023","DATA_EXPORT_FIELD","inventario","10633","/info/__unresolved_info_field_023","UNVERIFIED_BY_INFO","NOT_PRESENT_OR_UNRESOLVED","stg.inventario.pending_contract_field_023","","OPACO_PRESERVADO_BLOQUEADO","G03/G04"
"DE-INFO-10633-024","DATA_EXPORT_FIELD","inventario","10633","/info/__unresolved_info_field_024","UNVERIFIED_BY_INFO","NOT_PRESENT_OR_UNRESOLVED","stg.inventario.pending_contract_field_024","","OPACO_PRESERVADO_BLOQUEADO","G03/G04"
"DE-INFO-10633-025","DATA_EXPORT_FIELD","inventario","10633","/info/__unresolved_info_field_025","UNVERIFIED_BY_INFO","NOT_PRESENT_OR_UNRESOLVED","stg.inventario.pending_contract_field_025","","OPACO_PRESERVADO_BLOQUEADO","G03/G04"
"DE-INFO-10633-026","DATA_EXPORT_FIELD","inventario","10633","/info/__unresolved_info_field_026","UNVERIFIED_BY_INFO","NOT_PRESENT_OR_UNRESOLVED","stg.inventario.pending_contract_field_026","","OPACO_PRESERVADO_BLOQUEADO","G03/G04"
"DE-INFO-4924-001","DATA_EXPORT_FIELD","faturas_por_cliente","4924","/info/__unresolved_info_field_001","UNVERIFIED_BY_INFO","NOT_PRESENT_OR_UNRESOLVED","stg.faturas_por_cliente.pending_contract_field_001","","OPACO_PRESERVADO_BLOQUEADO","G03/G04"
"DE-INFO-4924-002","DATA_EXPORT_FIELD","faturas_por_cliente","4924","/info/__unresolved_info_field_002","UNVERIFIED_BY_INFO","NOT_PRESENT_OR_UNRESOLVED","stg.faturas_por_cliente.pending_contract_field_002","","OPACO_PRESERVADO_BLOQUEADO","G03/G04"
"DE-INFO-4924-003","DATA_EXPORT_FIELD","faturas_por_cliente","4924","/info/__unresolved_info_field_003","UNVERIFIED_BY_INFO","NOT_PRESENT_OR_UNRESOLVED","stg.faturas_por_cliente.pending_contract_field_003","","OPACO_PRESERVADO_BLOQUEADO","G03/G04"
"DE-INFO-4924-004","DATA_EXPORT_FIELD","faturas_por_cliente","4924","/info/__unresolved_info_field_004","UNVERIFIED_BY_INFO","NOT_PRESENT_OR_UNRESOLVED","stg.faturas_por_cliente.pending_contract_field_004","","OPACO_PRESERVADO_BLOQUEADO","G03/G04"
"DE-INFO-4924-005","DATA_EXPORT_FIELD","faturas_por_cliente","4924","/info/__unresolved_info_field_005","UNVERIFIED_BY_INFO","NOT_PRESENT_OR_UNRESOLVED","stg.faturas_por_cliente.pending_contract_field_005","","OPACO_PRESERVADO_BLOQUEADO","G03/G04"
"DE-INFO-4924-006","DATA_EXPORT_FIELD","faturas_por_cliente","4924","/info/__unresolved_info_field_006","UNVERIFIED_BY_INFO","NOT_PRESENT_OR_UNRESOLVED","stg.faturas_por_cliente.pending_contract_field_006","","OPACO_PRESERVADO_BLOQUEADO","G03/G04"
"DE-INFO-4924-007","DATA_EXPORT_FIELD","faturas_por_cliente","4924","/info/__unresolved_info_field_007","UNVERIFIED_BY_INFO","NOT_PRESENT_OR_UNRESOLVED","stg.faturas_por_cliente.pending_contract_field_007","","OPACO_PRESERVADO_BLOQUEADO","G03/G04"
"DE-INFO-4924-008","DATA_EXPORT_FIELD","faturas_por_cliente","4924","/info/__unresolved_info_field_008","UNVERIFIED_BY_INFO","NOT_PRESENT_OR_UNRESOLVED","stg.faturas_por_cliente.pending_contract_field_008","","OPACO_PRESERVADO_BLOQUEADO","G03/G04"
"DE-INFO-4924-009","DATA_EXPORT_FIELD","faturas_por_cliente","4924","/info/__unresolved_info_field_009","UNVERIFIED_BY_INFO","NOT_PRESENT_OR_UNRESOLVED","stg.faturas_por_cliente.pending_contract_field_009","","OPACO_PRESERVADO_BLOQUEADO","G03/G04"
"DE-INFO-4924-010","DATA_EXPORT_FIELD","faturas_por_cliente","4924","/info/__unresolved_info_field_010","UNVERIFIED_BY_INFO","NOT_PRESENT_OR_UNRESOLVED","stg.faturas_por_cliente.pending_contract_field_010","","OPACO_PRESERVADO_BLOQUEADO","G03/G04"
"DE-INFO-4924-011","DATA_EXPORT_FIELD","faturas_por_cliente","4924","/info/__unresolved_info_field_011","UNVERIFIED_BY_INFO","NOT_PRESENT_OR_UNRESOLVED","stg.faturas_por_cliente.pending_contract_field_011","","OPACO_PRESERVADO_BLOQUEADO","G03/G04"
"DE-INFO-4924-012","DATA_EXPORT_FIELD","faturas_por_cliente","4924","/info/__unresolved_info_field_012","UNVERIFIED_BY_INFO","NOT_PRESENT_OR_UNRESOLVED","stg.faturas_por_cliente.pending_contract_field_012","","OPACO_PRESERVADO_BLOQUEADO","G03/G04"
"DE-INFO-4924-013","DATA_EXPORT_FIELD","faturas_por_cliente","4924","/info/__unresolved_info_field_013","UNVERIFIED_BY_INFO","NOT_PRESENT_OR_UNRESOLVED","stg.faturas_por_cliente.pending_contract_field_013","","OPACO_PRESERVADO_BLOQUEADO","G03/G04"
"DE-INFO-4924-014","DATA_EXPORT_FIELD","faturas_por_cliente","4924","/info/__unresolved_info_field_014","UNVERIFIED_BY_INFO","NOT_PRESENT_OR_UNRESOLVED","stg.faturas_por_cliente.pending_contract_field_014","","OPACO_PRESERVADO_BLOQUEADO","G03/G04"
"DE-INFO-4924-015","DATA_EXPORT_FIELD","faturas_por_cliente","4924","/info/__unresolved_info_field_015","UNVERIFIED_BY_INFO","NOT_PRESENT_OR_UNRESOLVED","stg.faturas_por_cliente.pending_contract_field_015","","OPACO_PRESERVADO_BLOQUEADO","G03/G04"
"DE-INFO-4924-016","DATA_EXPORT_FIELD","faturas_por_cliente","4924","/info/__unresolved_info_field_016","UNVERIFIED_BY_INFO","NOT_PRESENT_OR_UNRESOLVED","stg.faturas_por_cliente.pending_contract_field_016","","OPACO_PRESERVADO_BLOQUEADO","G03/G04"
"DE-INFO-4924-017","DATA_EXPORT_FIELD","faturas_por_cliente","4924","/info/__unresolved_info_field_017","UNVERIFIED_BY_INFO","NOT_PRESENT_OR_UNRESOLVED","stg.faturas_por_cliente.pending_contract_field_017","","OPACO_PRESERVADO_BLOQUEADO","G03/G04"
"DE-INFO-4924-018","DATA_EXPORT_FIELD","faturas_por_cliente","4924","/info/__unresolved_info_field_018","UNVERIFIED_BY_INFO","NOT_PRESENT_OR_UNRESOLVED","stg.faturas_por_cliente.pending_contract_field_018","","OPACO_PRESERVADO_BLOQUEADO","G03/G04"
"DE-INFO-4924-019","DATA_EXPORT_FIELD","faturas_por_cliente","4924","/info/__unresolved_info_field_019","UNVERIFIED_BY_INFO","NOT_PRESENT_OR_UNRESOLVED","stg.faturas_por_cliente.pending_contract_field_019","","OPACO_PRESERVADO_BLOQUEADO","G03/G04"
"DE-INFO-4924-020","DATA_EXPORT_FIELD","faturas_por_cliente","4924","/info/__unresolved_info_field_020","UNVERIFIED_BY_INFO","NOT_PRESENT_OR_UNRESOLVED","stg.faturas_por_cliente.pending_contract_field_020","","OPACO_PRESERVADO_BLOQUEADO","G03/G04"
"DE-INFO-4924-021","DATA_EXPORT_FIELD","faturas_por_cliente","4924","/info/__unresolved_info_field_021","UNVERIFIED_BY_INFO","NOT_PRESENT_OR_UNRESOLVED","stg.faturas_por_cliente.pending_contract_field_021","","OPACO_PRESERVADO_BLOQUEADO","G03/G04"
"DE-INFO-4924-022","DATA_EXPORT_FIELD","faturas_por_cliente","4924","/info/__unresolved_info_field_022","UNVERIFIED_BY_INFO","NOT_PRESENT_OR_UNRESOLVED","stg.faturas_por_cliente.pending_contract_field_022","","OPACO_PRESERVADO_BLOQUEADO","G03/G04"
"DE-INFO-4924-023","DATA_EXPORT_FIELD","faturas_por_cliente","4924","/info/__unresolved_info_field_023","UNVERIFIED_BY_INFO","NOT_PRESENT_OR_UNRESOLVED","stg.faturas_por_cliente.pending_contract_field_023","","OPACO_PRESERVADO_BLOQUEADO","G03/G04"
"DE-INFO-4924-024","DATA_EXPORT_FIELD","faturas_por_cliente","4924","/info/__unresolved_info_field_024","UNVERIFIED_BY_INFO","NOT_PRESENT_OR_UNRESOLVED","stg.faturas_por_cliente.pending_contract_field_024","","OPACO_PRESERVADO_BLOQUEADO","G03/G04"
"DE-INFO-4924-025","DATA_EXPORT_FIELD","faturas_por_cliente","4924","/info/__unresolved_info_field_025","UNVERIFIED_BY_INFO","NOT_PRESENT_OR_UNRESOLVED","stg.faturas_por_cliente.pending_contract_field_025","","OPACO_PRESERVADO_BLOQUEADO","G03/G04"
"DE-INFO-4924-026","DATA_EXPORT_FIELD","faturas_por_cliente","4924","/info/__unresolved_info_field_026","UNVERIFIED_BY_INFO","NOT_PRESENT_OR_UNRESOLVED","stg.faturas_por_cliente.pending_contract_field_026","","OPACO_PRESERVADO_BLOQUEADO","G03/G04"
"DE-INFO-4924-027","DATA_EXPORT_FIELD","faturas_por_cliente","4924","/info/__unresolved_info_field_027","UNVERIFIED_BY_INFO","NOT_PRESENT_OR_UNRESOLVED","stg.faturas_por_cliente.pending_contract_field_027","","OPACO_PRESERVADO_BLOQUEADO","G03/G04"
"DE-INFO-4924-028","DATA_EXPORT_FIELD","faturas_por_cliente","4924","/info/__unresolved_info_field_028","UNVERIFIED_BY_INFO","NOT_PRESENT_OR_UNRESOLVED","stg.faturas_por_cliente.pending_contract_field_028","","OPACO_PRESERVADO_BLOQUEADO","G03/G04"
"DE-INFO-4924-029","DATA_EXPORT_FIELD","faturas_por_cliente","4924","/info/__unresolved_info_field_029","UNVERIFIED_BY_INFO","NOT_PRESENT_OR_UNRESOLVED","stg.faturas_por_cliente.pending_contract_field_029","","OPACO_PRESERVADO_BLOQUEADO","G03/G04"
"DE-INFO-4924-030","DATA_EXPORT_FIELD","faturas_por_cliente","4924","/info/__unresolved_info_field_030","UNVERIFIED_BY_INFO","NOT_PRESENT_OR_UNRESOLVED","stg.faturas_por_cliente.pending_contract_field_030","","OPACO_PRESERVADO_BLOQUEADO","G03/G04"
"DE-INFO-4924-031","DATA_EXPORT_FIELD","faturas_por_cliente","4924","/info/__unresolved_info_field_031","UNVERIFIED_BY_INFO","NOT_PRESENT_OR_UNRESOLVED","stg.faturas_por_cliente.pending_contract_field_031","","OPACO_PRESERVADO_BLOQUEADO","G03/G04"
"DE-INFO-4924-032","DATA_EXPORT_FIELD","faturas_por_cliente","4924","/info/__unresolved_info_field_032","UNVERIFIED_BY_INFO","NOT_PRESENT_OR_UNRESOLVED","stg.faturas_por_cliente.pending_contract_field_032","","OPACO_PRESERVADO_BLOQUEADO","G03/G04"
"DE-INFO-4924-033","DATA_EXPORT_FIELD","faturas_por_cliente","4924","/info/__unresolved_info_field_033","UNVERIFIED_BY_INFO","NOT_PRESENT_OR_UNRESOLVED","stg.faturas_por_cliente.pending_contract_field_033","","OPACO_PRESERVADO_BLOQUEADO","G03/G04"
"DE-INFO-4924-034","DATA_EXPORT_FIELD","faturas_por_cliente","4924","/info/__unresolved_info_field_034","UNVERIFIED_BY_INFO","NOT_PRESENT_OR_UNRESOLVED","stg.faturas_por_cliente.pending_contract_field_034","","OPACO_PRESERVADO_BLOQUEADO","G03/G04"
"DE-INFO-4924-035","DATA_EXPORT_FIELD","faturas_por_cliente","4924","/info/__unresolved_info_field_035","UNVERIFIED_BY_INFO","NOT_PRESENT_OR_UNRESOLVED","stg.faturas_por_cliente.pending_contract_field_035","","OPACO_PRESERVADO_BLOQUEADO","G03/G04"
"DE-INFO-4924-036","DATA_EXPORT_FIELD","faturas_por_cliente","4924","/info/__unresolved_info_field_036","UNVERIFIED_BY_INFO","NOT_PRESENT_OR_UNRESOLVED","stg.faturas_por_cliente.pending_contract_field_036","","OPACO_PRESERVADO_BLOQUEADO","G03/G04"
"DE-INFO-4924-037","DATA_EXPORT_FIELD","faturas_por_cliente","4924","/info/__unresolved_info_field_037","UNVERIFIED_BY_INFO","NOT_PRESENT_OR_UNRESOLVED","stg.faturas_por_cliente.pending_contract_field_037","","OPACO_PRESERVADO_BLOQUEADO","G03/G04"
"DE-INFO-4924-038","DATA_EXPORT_FIELD","faturas_por_cliente","4924","/info/__unresolved_info_field_038","UNVERIFIED_BY_INFO","NOT_PRESENT_OR_UNRESOLVED","stg.faturas_por_cliente.pending_contract_field_038","","OPACO_PRESERVADO_BLOQUEADO","G03/G04"
"DE-INFO-4924-039","DATA_EXPORT_FIELD","faturas_por_cliente","4924","/info/__unresolved_info_field_039","UNVERIFIED_BY_INFO","NOT_PRESENT_OR_UNRESOLVED","stg.faturas_por_cliente.pending_contract_field_039","","OPACO_PRESERVADO_BLOQUEADO","G03/G04"
"DE-INFO-4924-040","DATA_EXPORT_FIELD","faturas_por_cliente","4924","/info/__unresolved_info_field_040","UNVERIFIED_BY_INFO","NOT_PRESENT_OR_UNRESOLVED","stg.faturas_por_cliente.pending_contract_field_040","","OPACO_PRESERVADO_BLOQUEADO","G03/G04"
"DE-INFO-4924-041","DATA_EXPORT_FIELD","faturas_por_cliente","4924","/info/__unresolved_info_field_041","UNVERIFIED_BY_INFO","NOT_PRESENT_OR_UNRESOLVED","stg.faturas_por_cliente.pending_contract_field_041","","OPACO_PRESERVADO_BLOQUEADO","G03/G04"
"DE-INFO-4924-042","DATA_EXPORT_FIELD","faturas_por_cliente","4924","/info/__unresolved_info_field_042","UNVERIFIED_BY_INFO","NOT_PRESENT_OR_UNRESOLVED","stg.faturas_por_cliente.pending_contract_field_042","","OPACO_PRESERVADO_BLOQUEADO","G03/G04"
"DE-INFO-4924-043","DATA_EXPORT_FIELD","faturas_por_cliente","4924","/info/__unresolved_info_field_043","UNVERIFIED_BY_INFO","NOT_PRESENT_OR_UNRESOLVED","stg.faturas_por_cliente.pending_contract_field_043","","OPACO_PRESERVADO_BLOQUEADO","G03/G04"
"DE-INFO-4924-044","DATA_EXPORT_FIELD","faturas_por_cliente","4924","/info/__unresolved_info_field_044","UNVERIFIED_BY_INFO","NOT_PRESENT_OR_UNRESOLVED","stg.faturas_por_cliente.pending_contract_field_044","","OPACO_PRESERVADO_BLOQUEADO","G03/G04"
"DE-INFO-4924-045","DATA_EXPORT_FIELD","faturas_por_cliente","4924","/info/__unresolved_info_field_045","UNVERIFIED_BY_INFO","NOT_PRESENT_OR_UNRESOLVED","stg.faturas_por_cliente.pending_contract_field_045","","OPACO_PRESERVADO_BLOQUEADO","G03/G04"
"DE-INFO-4924-046","DATA_EXPORT_FIELD","faturas_por_cliente","4924","/info/__unresolved_info_field_046","UNVERIFIED_BY_INFO","NOT_PRESENT_OR_UNRESOLVED","stg.faturas_por_cliente.pending_contract_field_046","","OPACO_PRESERVADO_BLOQUEADO","G03/G04"
"DE-INFO-4924-047","DATA_EXPORT_FIELD","faturas_por_cliente","4924","/info/__unresolved_info_field_047","UNVERIFIED_BY_INFO","NOT_PRESENT_OR_UNRESOLVED","stg.faturas_por_cliente.pending_contract_field_047","","OPACO_PRESERVADO_BLOQUEADO","G03/G04"
"DE-INFO-4924-048","DATA_EXPORT_FIELD","faturas_por_cliente","4924","/info/__unresolved_info_field_048","UNVERIFIED_BY_INFO","NOT_PRESENT_OR_UNRESOLVED","stg.faturas_por_cliente.pending_contract_field_048","","OPACO_PRESERVADO_BLOQUEADO","G03/G04"
"DE-INFO-4924-049","DATA_EXPORT_FIELD","faturas_por_cliente","4924","/info/__unresolved_info_field_049","UNVERIFIED_BY_INFO","NOT_PRESENT_OR_UNRESOLVED","stg.faturas_por_cliente.pending_contract_field_049","","OPACO_PRESERVADO_BLOQUEADO","G03/G04"
"DE-INFO-4924-050","DATA_EXPORT_FIELD","faturas_por_cliente","4924","/info/__unresolved_info_field_050","UNVERIFIED_BY_INFO","NOT_PRESENT_OR_UNRESOLVED","stg.faturas_por_cliente.pending_contract_field_050","","OPACO_PRESERVADO_BLOQUEADO","G03/G04"
"DE-INFO-4924-051","DATA_EXPORT_FIELD","faturas_por_cliente","4924","/info/__unresolved_info_field_051","UNVERIFIED_BY_INFO","NOT_PRESENT_OR_UNRESOLVED","stg.faturas_por_cliente.pending_contract_field_051","","OPACO_PRESERVADO_BLOQUEADO","G03/G04"
"DE-INFO-4924-052","DATA_EXPORT_FIELD","faturas_por_cliente","4924","/info/__unresolved_info_field_052","UNVERIFIED_BY_INFO","NOT_PRESENT_OR_UNRESOLVED","stg.faturas_por_cliente.pending_contract_field_052","","OPACO_PRESERVADO_BLOQUEADO","G03/G04"
"DE-INFO-6389-001","DATA_EXPORT_FIELD","fretes","6389","/info/__unresolved_info_field_001","UNVERIFIED_BY_INFO","NOT_PRESENT_OR_UNRESOLVED","stg.fretes.pending_contract_field_001","","OPACO_PRESERVADO_BLOQUEADO","G03/G04"
"DE-INFO-6389-002","DATA_EXPORT_FIELD","fretes","6389","/info/__unresolved_info_field_002","UNVERIFIED_BY_INFO","NOT_PRESENT_OR_UNRESOLVED","stg.fretes.pending_contract_field_002","","OPACO_PRESERVADO_BLOQUEADO","G03/G04"
"DE-INFO-6389-003","DATA_EXPORT_FIELD","fretes","6389","/info/__unresolved_info_field_003","UNVERIFIED_BY_INFO","NOT_PRESENT_OR_UNRESOLVED","stg.fretes.pending_contract_field_003","","OPACO_PRESERVADO_BLOQUEADO","G03/G04"
"DE-INFO-6389-004","DATA_EXPORT_FIELD","fretes","6389","/info/__unresolved_info_field_004","UNVERIFIED_BY_INFO","NOT_PRESENT_OR_UNRESOLVED","stg.fretes.pending_contract_field_004","","OPACO_PRESERVADO_BLOQUEADO","G03/G04"
"DE-INFO-6389-005","DATA_EXPORT_FIELD","fretes","6389","/info/__unresolved_info_field_005","UNVERIFIED_BY_INFO","NOT_PRESENT_OR_UNRESOLVED","stg.fretes.pending_contract_field_005","","OPACO_PRESERVADO_BLOQUEADO","G03/G04"
"DE-INFO-6389-006","DATA_EXPORT_FIELD","fretes","6389","/info/__unresolved_info_field_006","UNVERIFIED_BY_INFO","NOT_PRESENT_OR_UNRESOLVED","stg.fretes.pending_contract_field_006","","OPACO_PRESERVADO_BLOQUEADO","G03/G04"
"DE-INFO-6389-007","DATA_EXPORT_FIELD","fretes","6389","/info/__unresolved_info_field_007","UNVERIFIED_BY_INFO","NOT_PRESENT_OR_UNRESOLVED","stg.fretes.pending_contract_field_007","","OPACO_PRESERVADO_BLOQUEADO","G03/G04"
"DE-INFO-6389-008","DATA_EXPORT_FIELD","fretes","6389","/info/__unresolved_info_field_008","UNVERIFIED_BY_INFO","NOT_PRESENT_OR_UNRESOLVED","stg.fretes.pending_contract_field_008","","OPACO_PRESERVADO_BLOQUEADO","G03/G04"
"DE-INFO-6389-009","DATA_EXPORT_FIELD","fretes","6389","/info/__unresolved_info_field_009","UNVERIFIED_BY_INFO","NOT_PRESENT_OR_UNRESOLVED","stg.fretes.pending_contract_field_009","","OPACO_PRESERVADO_BLOQUEADO","G03/G04"
"DE-INFO-6389-010","DATA_EXPORT_FIELD","fretes","6389","/info/__unresolved_info_field_010","UNVERIFIED_BY_INFO","NOT_PRESENT_OR_UNRESOLVED","stg.fretes.pending_contract_field_010","","OPACO_PRESERVADO_BLOQUEADO","G03/G04"
"DE-INFO-6389-011","DATA_EXPORT_FIELD","fretes","6389","/info/__unresolved_info_field_011","UNVERIFIED_BY_INFO","NOT_PRESENT_OR_UNRESOLVED","stg.fretes.pending_contract_field_011","","OPACO_PRESERVADO_BLOQUEADO","G03/G04"
"DE-INFO-6389-012","DATA_EXPORT_FIELD","fretes","6389","/info/__unresolved_info_field_012","UNVERIFIED_BY_INFO","NOT_PRESENT_OR_UNRESOLVED","stg.fretes.pending_contract_field_012","","OPACO_PRESERVADO_BLOQUEADO","G03/G04"
"DE-INFO-6389-013","DATA_EXPORT_FIELD","fretes","6389","/info/__unresolved_info_field_013","UNVERIFIED_BY_INFO","NOT_PRESENT_OR_UNRESOLVED","stg.fretes.pending_contract_field_013","","OPACO_PRESERVADO_BLOQUEADO","G03/G04"
"DE-INFO-6389-014","DATA_EXPORT_FIELD","fretes","6389","/info/__unresolved_info_field_014","UNVERIFIED_BY_INFO","NOT_PRESENT_OR_UNRESOLVED","stg.fretes.pending_contract_field_014","","OPACO_PRESERVADO_BLOQUEADO","G03/G04"
"DE-INFO-6389-015","DATA_EXPORT_FIELD","fretes","6389","/info/__unresolved_info_field_015","UNVERIFIED_BY_INFO","NOT_PRESENT_OR_UNRESOLVED","stg.fretes.pending_contract_field_015","","OPACO_PRESERVADO_BLOQUEADO","G03/G04"
"DE-INFO-6389-016","DATA_EXPORT_FIELD","fretes","6389","/info/__unresolved_info_field_016","UNVERIFIED_BY_INFO","NOT_PRESENT_OR_UNRESOLVED","stg.fretes.pending_contract_field_016","","OPACO_PRESERVADO_BLOQUEADO","G03/G04"
"DE-INFO-6389-017","DATA_EXPORT_FIELD","fretes","6389","/info/__unresolved_info_field_017","UNVERIFIED_BY_INFO","NOT_PRESENT_OR_UNRESOLVED","stg.fretes.pending_contract_field_017","","OPACO_PRESERVADO_BLOQUEADO","G03/G04"
"DE-INFO-6389-018","DATA_EXPORT_FIELD","fretes","6389","/info/__unresolved_info_field_018","UNVERIFIED_BY_INFO","NOT_PRESENT_OR_UNRESOLVED","stg.fretes.pending_contract_field_018","","OPACO_PRESERVADO_BLOQUEADO","G03/G04"
"DE-INFO-6389-019","DATA_EXPORT_FIELD","fretes","6389","/info/__unresolved_info_field_019","UNVERIFIED_BY_INFO","NOT_PRESENT_OR_UNRESOLVED","stg.fretes.pending_contract_field_019","","OPACO_PRESERVADO_BLOQUEADO","G03/G04"
"DE-INFO-6389-020","DATA_EXPORT_FIELD","fretes","6389","/info/__unresolved_info_field_020","UNVERIFIED_BY_INFO","NOT_PRESENT_OR_UNRESOLVED","stg.fretes.pending_contract_field_020","","OPACO_PRESERVADO_BLOQUEADO","G03/G04"
"DE-INFO-6389-021","DATA_EXPORT_FIELD","fretes","6389","/info/__unresolved_info_field_021","UNVERIFIED_BY_INFO","NOT_PRESENT_OR_UNRESOLVED","stg.fretes.pending_contract_field_021","","OPACO_PRESERVADO_BLOQUEADO","G03/G04"
"DE-INFO-6389-022","DATA_EXPORT_FIELD","fretes","6389","/info/__unresolved_info_field_022","UNVERIFIED_BY_INFO","NOT_PRESENT_OR_UNRESOLVED","stg.fretes.pending_contract_field_022","","OPACO_PRESERVADO_BLOQUEADO","G03/G04"
"DE-INFO-6389-023","DATA_EXPORT_FIELD","fretes","6389","/info/__unresolved_info_field_023","UNVERIFIED_BY_INFO","NOT_PRESENT_OR_UNRESOLVED","stg.fretes.pending_contract_field_023","","OPACO_PRESERVADO_BLOQUEADO","G03/G04"
"DE-INFO-6389-024","DATA_EXPORT_FIELD","fretes","6389","/info/__unresolved_info_field_024","UNVERIFIED_BY_INFO","NOT_PRESENT_OR_UNRESOLVED","stg.fretes.pending_contract_field_024","","OPACO_PRESERVADO_BLOQUEADO","G03/G04"
"DE-INFO-6389-025","DATA_EXPORT_FIELD","fretes","6389","/info/__unresolved_info_field_025","UNVERIFIED_BY_INFO","NOT_PRESENT_OR_UNRESOLVED","stg.fretes.pending_contract_field_025","","OPACO_PRESERVADO_BLOQUEADO","G03/G04"
"DE-INFO-6389-026","DATA_EXPORT_FIELD","fretes","6389","/info/__unresolved_info_field_026","UNVERIFIED_BY_INFO","NOT_PRESENT_OR_UNRESOLVED","stg.fretes.pending_contract_field_026","","OPACO_PRESERVADO_BLOQUEADO","G03/G04"
"DE-INFO-6389-027","DATA_EXPORT_FIELD","fretes","6389","/info/__unresolved_info_field_027","UNVERIFIED_BY_INFO","NOT_PRESENT_OR_UNRESOLVED","stg.fretes.pending_contract_field_027","","OPACO_PRESERVADO_BLOQUEADO","G03/G04"
"DE-INFO-6389-028","DATA_EXPORT_FIELD","fretes","6389","/info/__unresolved_info_field_028","UNVERIFIED_BY_INFO","NOT_PRESENT_OR_UNRESOLVED","stg.fretes.pending_contract_field_028","","OPACO_PRESERVADO_BLOQUEADO","G03/G04"
"DE-INFO-6389-029","DATA_EXPORT_FIELD","fretes","6389","/info/__unresolved_info_field_029","UNVERIFIED_BY_INFO","NOT_PRESENT_OR_UNRESOLVED","stg.fretes.pending_contract_field_029","","OPACO_PRESERVADO_BLOQUEADO","G03/G04"
"DE-INFO-6389-030","DATA_EXPORT_FIELD","fretes","6389","/info/__unresolved_info_field_030","UNVERIFIED_BY_INFO","NOT_PRESENT_OR_UNRESOLVED","stg.fretes.pending_contract_field_030","","OPACO_PRESERVADO_BLOQUEADO","G03/G04"
"DE-INFO-6389-031","DATA_EXPORT_FIELD","fretes","6389","/info/__unresolved_info_field_031","UNVERIFIED_BY_INFO","NOT_PRESENT_OR_UNRESOLVED","stg.fretes.pending_contract_field_031","","OPACO_PRESERVADO_BLOQUEADO","G03/G04"
"DE-INFO-6389-032","DATA_EXPORT_FIELD","fretes","6389","/info/__unresolved_info_field_032","UNVERIFIED_BY_INFO","NOT_PRESENT_OR_UNRESOLVED","stg.fretes.pending_contract_field_032","","OPACO_PRESERVADO_BLOQUEADO","G03/G04"
"DE-INFO-6389-033","DATA_EXPORT_FIELD","fretes","6389","/info/__unresolved_info_field_033","UNVERIFIED_BY_INFO","NOT_PRESENT_OR_UNRESOLVED","stg.fretes.pending_contract_field_033","","OPACO_PRESERVADO_BLOQUEADO","G03/G04"
"DE-INFO-6389-034","DATA_EXPORT_FIELD","fretes","6389","/info/__unresolved_info_field_034","UNVERIFIED_BY_INFO","NOT_PRESENT_OR_UNRESOLVED","stg.fretes.pending_contract_field_034","","OPACO_PRESERVADO_BLOQUEADO","G03/G04"
"DE-INFO-6389-035","DATA_EXPORT_FIELD","fretes","6389","/info/__unresolved_info_field_035","UNVERIFIED_BY_INFO","NOT_PRESENT_OR_UNRESOLVED","stg.fretes.pending_contract_field_035","","OPACO_PRESERVADO_BLOQUEADO","G03/G04"
"DE-INFO-6389-036","DATA_EXPORT_FIELD","fretes","6389","/info/__unresolved_info_field_036","UNVERIFIED_BY_INFO","NOT_PRESENT_OR_UNRESOLVED","stg.fretes.pending_contract_field_036","","OPACO_PRESERVADO_BLOQUEADO","G03/G04"
"DE-INFO-6389-037","DATA_EXPORT_FIELD","fretes","6389","/info/__unresolved_info_field_037","UNVERIFIED_BY_INFO","NOT_PRESENT_OR_UNRESOLVED","stg.fretes.pending_contract_field_037","","OPACO_PRESERVADO_BLOQUEADO","G03/G04"
"DE-INFO-6389-038","DATA_EXPORT_FIELD","fretes","6389","/info/__unresolved_info_field_038","UNVERIFIED_BY_INFO","NOT_PRESENT_OR_UNRESOLVED","stg.fretes.pending_contract_field_038","","OPACO_PRESERVADO_BLOQUEADO","G03/G04"
"DE-INFO-6389-039","DATA_EXPORT_FIELD","fretes","6389","/info/__unresolved_info_field_039","UNVERIFIED_BY_INFO","NOT_PRESENT_OR_UNRESOLVED","stg.fretes.pending_contract_field_039","","OPACO_PRESERVADO_BLOQUEADO","G03/G04"
"DE-INFO-6389-040","DATA_EXPORT_FIELD","fretes","6389","/info/__unresolved_info_field_040","UNVERIFIED_BY_INFO","NOT_PRESENT_OR_UNRESOLVED","stg.fretes.pending_contract_field_040","","OPACO_PRESERVADO_BLOQUEADO","G03/G04"
"DE-INFO-6389-041","DATA_EXPORT_FIELD","fretes","6389","/info/__unresolved_info_field_041","UNVERIFIED_BY_INFO","NOT_PRESENT_OR_UNRESOLVED","stg.fretes.pending_contract_field_041","","OPACO_PRESERVADO_BLOQUEADO","G03/G04"
"DE-INFO-6389-042","DATA_EXPORT_FIELD","fretes","6389","/info/__unresolved_info_field_042","UNVERIFIED_BY_INFO","NOT_PRESENT_OR_UNRESOLVED","stg.fretes.pending_contract_field_042","","OPACO_PRESERVADO_BLOQUEADO","G03/G04"
"DE-INFO-6389-043","DATA_EXPORT_FIELD","fretes","6389","/info/__unresolved_info_field_043","UNVERIFIED_BY_INFO","NOT_PRESENT_OR_UNRESOLVED","stg.fretes.pending_contract_field_043","","OPACO_PRESERVADO_BLOQUEADO","G03/G04"
"DE-INFO-6389-044","DATA_EXPORT_FIELD","fretes","6389","/info/__unresolved_info_field_044","UNVERIFIED_BY_INFO","NOT_PRESENT_OR_UNRESOLVED","stg.fretes.pending_contract_field_044","","OPACO_PRESERVADO_BLOQUEADO","G03/G04"
"DE-INFO-6389-045","DATA_EXPORT_FIELD","fretes","6389","/info/__unresolved_info_field_045","UNVERIFIED_BY_INFO","NOT_PRESENT_OR_UNRESOLVED","stg.fretes.pending_contract_field_045","","OPACO_PRESERVADO_BLOQUEADO","G03/G04"
"DE-INFO-6389-046","DATA_EXPORT_FIELD","fretes","6389","/info/__unresolved_info_field_046","UNVERIFIED_BY_INFO","NOT_PRESENT_OR_UNRESOLVED","stg.fretes.pending_contract_field_046","","OPACO_PRESERVADO_BLOQUEADO","G03/G04"
"DE-INFO-6389-047","DATA_EXPORT_FIELD","fretes","6389","/info/__unresolved_info_field_047","UNVERIFIED_BY_INFO","NOT_PRESENT_OR_UNRESOLVED","stg.fretes.pending_contract_field_047","","OPACO_PRESERVADO_BLOQUEADO","G03/G04"
"DE-INFO-6389-048","DATA_EXPORT_FIELD","fretes","6389","/info/__unresolved_info_field_048","UNVERIFIED_BY_INFO","NOT_PRESENT_OR_UNRESOLVED","stg.fretes.pending_contract_field_048","","OPACO_PRESERVADO_BLOQUEADO","G03/G04"
"DE-INFO-6389-049","DATA_EXPORT_FIELD","fretes","6389","/info/__unresolved_info_field_049","UNVERIFIED_BY_INFO","NOT_PRESENT_OR_UNRESOLVED","stg.fretes.pending_contract_field_049","","OPACO_PRESERVADO_BLOQUEADO","G03/G04"
"DE-INFO-6389-050","DATA_EXPORT_FIELD","fretes","6389","/info/__unresolved_info_field_050","UNVERIFIED_BY_INFO","NOT_PRESENT_OR_UNRESOLVED","stg.fretes.pending_contract_field_050","","OPACO_PRESERVADO_BLOQUEADO","G03/G04"
"DE-INFO-6389-051","DATA_EXPORT_FIELD","fretes","6389","/info/__unresolved_info_field_051","UNVERIFIED_BY_INFO","NOT_PRESENT_OR_UNRESOLVED","stg.fretes.pending_contract_field_051","","OPACO_PRESERVADO_BLOQUEADO","G03/G04"
"DE-INFO-6389-052","DATA_EXPORT_FIELD","fretes","6389","/info/__unresolved_info_field_052","UNVERIFIED_BY_INFO","NOT_PRESENT_OR_UNRESOLVED","stg.fretes.pending_contract_field_052","","OPACO_PRESERVADO_BLOQUEADO","G03/G04"
"DE-INFO-6389-053","DATA_EXPORT_FIELD","fretes","6389","/info/__unresolved_info_field_053","UNVERIFIED_BY_INFO","NOT_PRESENT_OR_UNRESOLVED","stg.fretes.pending_contract_field_053","","OPACO_PRESERVADO_BLOQUEADO","G03/G04"
"DE-INFO-6389-054","DATA_EXPORT_FIELD","fretes","6389","/info/__unresolved_info_field_054","UNVERIFIED_BY_INFO","NOT_PRESENT_OR_UNRESOLVED","stg.fretes.pending_contract_field_054","","OPACO_PRESERVADO_BLOQUEADO","G03/G04"
"DE-INFO-6389-055","DATA_EXPORT_FIELD","fretes","6389","/info/__unresolved_info_field_055","UNVERIFIED_BY_INFO","NOT_PRESENT_OR_UNRESOLVED","stg.fretes.pending_contract_field_055","","OPACO_PRESERVADO_BLOQUEADO","G03/G04"
"DE-INFO-6389-056","DATA_EXPORT_FIELD","fretes","6389","/info/__unresolved_info_field_056","UNVERIFIED_BY_INFO","NOT_PRESENT_OR_UNRESOLVED","stg.fretes.pending_contract_field_056","","OPACO_PRESERVADO_BLOQUEADO","G03/G04"
"DE-INFO-6389-057","DATA_EXPORT_FIELD","fretes","6389","/info/__unresolved_info_field_057","UNVERIFIED_BY_INFO","NOT_PRESENT_OR_UNRESOLVED","stg.fretes.pending_contract_field_057","","OPACO_PRESERVADO_BLOQUEADO","G03/G04"
"DE-INFO-6389-058","DATA_EXPORT_FIELD","fretes","6389","/info/__unresolved_info_field_058","UNVERIFIED_BY_INFO","NOT_PRESENT_OR_UNRESOLVED","stg.fretes.pending_contract_field_058","","OPACO_PRESERVADO_BLOQUEADO","G03/G04"
"DE-INFO-6389-059","DATA_EXPORT_FIELD","fretes","6389","/info/__unresolved_info_field_059","UNVERIFIED_BY_INFO","NOT_PRESENT_OR_UNRESOLVED","stg.fretes.pending_contract_field_059","","OPACO_PRESERVADO_BLOQUEADO","G03/G04"
"DE-INFO-6389-060","DATA_EXPORT_FIELD","fretes","6389","/info/__unresolved_info_field_060","UNVERIFIED_BY_INFO","NOT_PRESENT_OR_UNRESOLVED","stg.fretes.pending_contract_field_060","","OPACO_PRESERVADO_BLOQUEADO","G03/G04"
"DE-INFO-6389-061","DATA_EXPORT_FIELD","fretes","6389","/info/__unresolved_info_field_061","UNVERIFIED_BY_INFO","NOT_PRESENT_OR_UNRESOLVED","stg.fretes.pending_contract_field_061","","OPACO_PRESERVADO_BLOQUEADO","G03/G04"
"DE-INFO-6389-062","DATA_EXPORT_FIELD","fretes","6389","/info/__unresolved_info_field_062","UNVERIFIED_BY_INFO","NOT_PRESENT_OR_UNRESOLVED","stg.fretes.pending_contract_field_062","","OPACO_PRESERVADO_BLOQUEADO","G03/G04"
"DE-INFO-6389-063","DATA_EXPORT_FIELD","fretes","6389","/info/__unresolved_info_field_063","UNVERIFIED_BY_INFO","NOT_PRESENT_OR_UNRESOLVED","stg.fretes.pending_contract_field_063","","OPACO_PRESERVADO_BLOQUEADO","G03/G04"
"DE-INFO-6389-064","DATA_EXPORT_FIELD","fretes","6389","/info/__unresolved_info_field_064","UNVERIFIED_BY_INFO","NOT_PRESENT_OR_UNRESOLVED","stg.fretes.pending_contract_field_064","","OPACO_PRESERVADO_BLOQUEADO","G03/G04"
"DE-INFO-6389-065","DATA_EXPORT_FIELD","fretes","6389","/info/__unresolved_info_field_065","UNVERIFIED_BY_INFO","NOT_PRESENT_OR_UNRESOLVED","stg.fretes.pending_contract_field_065","","OPACO_PRESERVADO_BLOQUEADO","G03/G04"
"DE-INFO-6389-066","DATA_EXPORT_FIELD","fretes","6389","/info/__unresolved_info_field_066","UNVERIFIED_BY_INFO","NOT_PRESENT_OR_UNRESOLVED","stg.fretes.pending_contract_field_066","","OPACO_PRESERVADO_BLOQUEADO","G03/G04"
"DE-INFO-6389-067","DATA_EXPORT_FIELD","fretes","6389","/info/__unresolved_info_field_067","UNVERIFIED_BY_INFO","NOT_PRESENT_OR_UNRESOLVED","stg.fretes.pending_contract_field_067","","OPACO_PRESERVADO_BLOQUEADO","G03/G04"
"DE-INFO-6389-068","DATA_EXPORT_FIELD","fretes","6389","/info/__unresolved_info_field_068","UNVERIFIED_BY_INFO","NOT_PRESENT_OR_UNRESOLVED","stg.fretes.pending_contract_field_068","","OPACO_PRESERVADO_BLOQUEADO","G03/G04"
"DE-INFO-6389-069","DATA_EXPORT_FIELD","fretes","6389","/info/__unresolved_info_field_069","UNVERIFIED_BY_INFO","NOT_PRESENT_OR_UNRESOLVED","stg.fretes.pending_contract_field_069","","OPACO_PRESERVADO_BLOQUEADO","G03/G04"
"DE-INFO-6389-070","DATA_EXPORT_FIELD","fretes","6389","/info/__unresolved_info_field_070","UNVERIFIED_BY_INFO","NOT_PRESENT_OR_UNRESOLVED","stg.fretes.pending_contract_field_070","","OPACO_PRESERVADO_BLOQUEADO","G03/G04"
"DE-INFO-6389-071","DATA_EXPORT_FIELD","fretes","6389","/info/__unresolved_info_field_071","UNVERIFIED_BY_INFO","NOT_PRESENT_OR_UNRESOLVED","stg.fretes.pending_contract_field_071","","OPACO_PRESERVADO_BLOQUEADO","G03/G04"
"DE-INFO-6389-072","DATA_EXPORT_FIELD","fretes","6389","/info/__unresolved_info_field_072","UNVERIFIED_BY_INFO","NOT_PRESENT_OR_UNRESOLVED","stg.fretes.pending_contract_field_072","","OPACO_PRESERVADO_BLOQUEADO","G03/G04"
"DE-INFO-6389-073","DATA_EXPORT_FIELD","fretes","6389","/info/__unresolved_info_field_073","UNVERIFIED_BY_INFO","NOT_PRESENT_OR_UNRESOLVED","stg.fretes.pending_contract_field_073","","OPACO_PRESERVADO_BLOQUEADO","G03/G04"
"DE-INFO-6389-074","DATA_EXPORT_FIELD","fretes","6389","/info/__unresolved_info_field_074","UNVERIFIED_BY_INFO","NOT_PRESENT_OR_UNRESOLVED","stg.fretes.pending_contract_field_074","","OPACO_PRESERVADO_BLOQUEADO","G03/G04"
"DE-INFO-6389-075","DATA_EXPORT_FIELD","fretes","6389","/info/__unresolved_info_field_075","UNVERIFIED_BY_INFO","NOT_PRESENT_OR_UNRESOLVED","stg.fretes.pending_contract_field_075","","OPACO_PRESERVADO_BLOQUEADO","G03/G04"
"DE-INFO-6389-076","DATA_EXPORT_FIELD","fretes","6389","/info/__unresolved_info_field_076","UNVERIFIED_BY_INFO","NOT_PRESENT_OR_UNRESOLVED","stg.fretes.pending_contract_field_076","","OPACO_PRESERVADO_BLOQUEADO","G03/G04"
"DE-INFO-6389-077","DATA_EXPORT_FIELD","fretes","6389","/info/__unresolved_info_field_077","UNVERIFIED_BY_INFO","NOT_PRESENT_OR_UNRESOLVED","stg.fretes.pending_contract_field_077","","OPACO_PRESERVADO_BLOQUEADO","G03/G04"
"DE-INFO-6389-078","DATA_EXPORT_FIELD","fretes","6389","/info/__unresolved_info_field_078","UNVERIFIED_BY_INFO","NOT_PRESENT_OR_UNRESOLVED","stg.fretes.pending_contract_field_078","","OPACO_PRESERVADO_BLOQUEADO","G03/G04"
"DE-INFO-6389-079","DATA_EXPORT_FIELD","fretes","6389","/info/__unresolved_info_field_079","UNVERIFIED_BY_INFO","NOT_PRESENT_OR_UNRESOLVED","stg.fretes.pending_contract_field_079","","OPACO_PRESERVADO_BLOQUEADO","G03/G04"
"DE-INFO-6389-080","DATA_EXPORT_FIELD","fretes","6389","/info/__unresolved_info_field_080","UNVERIFIED_BY_INFO","NOT_PRESENT_OR_UNRESOLVED","stg.fretes.pending_contract_field_080","","OPACO_PRESERVADO_BLOQUEADO","G03/G04"
"DE-INFO-6389-081","DATA_EXPORT_FIELD","fretes","6389","/info/__unresolved_info_field_081","UNVERIFIED_BY_INFO","NOT_PRESENT_OR_UNRESOLVED","stg.fretes.pending_contract_field_081","","OPACO_PRESERVADO_BLOQUEADO","G03/G04"
"DE-INFO-6389-082","DATA_EXPORT_FIELD","fretes","6389","/info/__unresolved_info_field_082","UNVERIFIED_BY_INFO","NOT_PRESENT_OR_UNRESOLVED","stg.fretes.pending_contract_field_082","","OPACO_PRESERVADO_BLOQUEADO","G03/G04"
"DE-INFO-6389-083","DATA_EXPORT_FIELD","fretes","6389","/info/__unresolved_info_field_083","UNVERIFIED_BY_INFO","NOT_PRESENT_OR_UNRESOLVED","stg.fretes.pending_contract_field_083","","OPACO_PRESERVADO_BLOQUEADO","G03/G04"
"DE-INFO-6389-084","DATA_EXPORT_FIELD","fretes","6389","/info/__unresolved_info_field_084","UNVERIFIED_BY_INFO","NOT_PRESENT_OR_UNRESOLVED","stg.fretes.pending_contract_field_084","","OPACO_PRESERVADO_BLOQUEADO","G03/G04"
"DE-INFO-6389-085","DATA_EXPORT_FIELD","fretes","6389","/info/__unresolved_info_field_085","UNVERIFIED_BY_INFO","NOT_PRESENT_OR_UNRESOLVED","stg.fretes.pending_contract_field_085","","OPACO_PRESERVADO_BLOQUEADO","G03/G04"
"DE-INFO-6389-086","DATA_EXPORT_FIELD","fretes","6389","/info/__unresolved_info_field_086","UNVERIFIED_BY_INFO","NOT_PRESENT_OR_UNRESOLVED","stg.fretes.pending_contract_field_086","","OPACO_PRESERVADO_BLOQUEADO","G03/G04"
"DE-INFO-6389-087","DATA_EXPORT_FIELD","fretes","6389","/info/__unresolved_info_field_087","UNVERIFIED_BY_INFO","NOT_PRESENT_OR_UNRESOLVED","stg.fretes.pending_contract_field_087","","OPACO_PRESERVADO_BLOQUEADO","G03/G04"
"DE-INFO-6389-088","DATA_EXPORT_FIELD","fretes","6389","/info/__unresolved_info_field_088","UNVERIFIED_BY_INFO","NOT_PRESENT_OR_UNRESOLVED","stg.fretes.pending_contract_field_088","","OPACO_PRESERVADO_BLOQUEADO","G03/G04"
"DE-INFO-6389-089","DATA_EXPORT_FIELD","fretes","6389","/info/__unresolved_info_field_089","UNVERIFIED_BY_INFO","NOT_PRESENT_OR_UNRESOLVED","stg.fretes.pending_contract_field_089","","OPACO_PRESERVADO_BLOQUEADO","G03/G04"
"DE-INFO-6389-090","DATA_EXPORT_FIELD","fretes","6389","/info/__unresolved_info_field_090","UNVERIFIED_BY_INFO","NOT_PRESENT_OR_UNRESOLVED","stg.fretes.pending_contract_field_090","","OPACO_PRESERVADO_BLOQUEADO","G03/G04"
"DE-INFO-6389-091","DATA_EXPORT_FIELD","fretes","6389","/info/__unresolved_info_field_091","UNVERIFIED_BY_INFO","NOT_PRESENT_OR_UNRESOLVED","stg.fretes.pending_contract_field_091","","OPACO_PRESERVADO_BLOQUEADO","G03/G04"
"DE-INFO-6389-092","DATA_EXPORT_FIELD","fretes","6389","/info/__unresolved_info_field_092","UNVERIFIED_BY_INFO","NOT_PRESENT_OR_UNRESOLVED","stg.fretes.pending_contract_field_092","","OPACO_PRESERVADO_BLOQUEADO","G03/G04"
"DE-INFO-6389-093","DATA_EXPORT_FIELD","fretes","6389","/info/__unresolved_info_field_093","UNVERIFIED_BY_INFO","NOT_PRESENT_OR_UNRESOLVED","stg.fretes.pending_contract_field_093","","OPACO_PRESERVADO_BLOQUEADO","G03/G04"
"DE-INFO-6389-094","DATA_EXPORT_FIELD","fretes","6389","/info/__unresolved_info_field_094","UNVERIFIED_BY_INFO","NOT_PRESENT_OR_UNRESOLVED","stg.fretes.pending_contract_field_094","","OPACO_PRESERVADO_BLOQUEADO","G03/G04"
"DE-INFO-6389-095","DATA_EXPORT_FIELD","fretes","6389","/info/__unresolved_info_field_095","UNVERIFIED_BY_INFO","NOT_PRESENT_OR_UNRESOLVED","stg.fretes.pending_contract_field_095","","OPACO_PRESERVADO_BLOQUEADO","G03/G04"
"DE-INFO-6389-096","DATA_EXPORT_FIELD","fretes","6389","/info/__unresolved_info_field_096","UNVERIFIED_BY_INFO","NOT_PRESENT_OR_UNRESOLVED","stg.fretes.pending_contract_field_096","","OPACO_PRESERVADO_BLOQUEADO","G03/G04"
"DE-INFO-6389-097","DATA_EXPORT_FIELD","fretes","6389","/info/__unresolved_info_field_097","UNVERIFIED_BY_INFO","NOT_PRESENT_OR_UNRESOLVED","stg.fretes.pending_contract_field_097","","OPACO_PRESERVADO_BLOQUEADO","G03/G04"
"DE-INFO-6389-098","DATA_EXPORT_FIELD","fretes","6389","/info/__unresolved_info_field_098","UNVERIFIED_BY_INFO","NOT_PRESENT_OR_UNRESOLVED","stg.fretes.pending_contract_field_098","","OPACO_PRESERVADO_BLOQUEADO","G03/G04"
"DE-INFO-6389-099","DATA_EXPORT_FIELD","fretes","6389","/info/__unresolved_info_field_099","UNVERIFIED_BY_INFO","NOT_PRESENT_OR_UNRESOLVED","stg.fretes.pending_contract_field_099","","OPACO_PRESERVADO_BLOQUEADO","G03/G04"
"DE-INFO-6389-100","DATA_EXPORT_FIELD","fretes","6389","/info/__unresolved_info_field_100","UNVERIFIED_BY_INFO","NOT_PRESENT_OR_UNRESOLVED","stg.fretes.pending_contract_field_100","","OPACO_PRESERVADO_BLOQUEADO","G03/G04"
"DE-INFO-6389-101","DATA_EXPORT_FIELD","fretes","6389","/info/__unresolved_info_field_101","UNVERIFIED_BY_INFO","NOT_PRESENT_OR_UNRESOLVED","stg.fretes.pending_contract_field_101","","OPACO_PRESERVADO_BLOQUEADO","G03/G04"
"DE-INFO-6389-102","DATA_EXPORT_FIELD","fretes","6389","/info/__unresolved_info_field_102","UNVERIFIED_BY_INFO","NOT_PRESENT_OR_UNRESOLVED","stg.fretes.pending_contract_field_102","","OPACO_PRESERVADO_BLOQUEADO","G03/G04"
"DE-INFO-6389-103","DATA_EXPORT_FIELD","fretes","6389","/info/__unresolved_info_field_103","UNVERIFIED_BY_INFO","NOT_PRESENT_OR_UNRESOLVED","stg.fretes.pending_contract_field_103","","OPACO_PRESERVADO_BLOQUEADO","G03/G04"
"DE-INFO-6389-104","DATA_EXPORT_FIELD","fretes","6389","/info/__unresolved_info_field_104","UNVERIFIED_BY_INFO","NOT_PRESENT_OR_UNRESOLVED","stg.fretes.pending_contract_field_104","","OPACO_PRESERVADO_BLOQUEADO","G03/G04"
"DE-INFO-6389-105","DATA_EXPORT_FIELD","fretes","6389","/info/__unresolved_info_field_105","UNVERIFIED_BY_INFO","NOT_PRESENT_OR_UNRESOLVED","stg.fretes.pending_contract_field_105","","OPACO_PRESERVADO_BLOQUEADO","G03/G04"
"DE-INFO-6389-106","DATA_EXPORT_FIELD","fretes","6389","/info/__unresolved_info_field_106","UNVERIFIED_BY_INFO","NOT_PRESENT_OR_UNRESOLVED","stg.fretes.pending_contract_field_106","","OPACO_PRESERVADO_BLOQUEADO","G03/G04"
"DE-INFO-6389-107","DATA_EXPORT_FIELD","fretes","6389","/info/__unresolved_info_field_107","UNVERIFIED_BY_INFO","NOT_PRESENT_OR_UNRESOLVED","stg.fretes.pending_contract_field_107","","OPACO_PRESERVADO_BLOQUEADO","G03/G04"
"DE-INFO-6389-108","DATA_EXPORT_FIELD","fretes","6389","/info/__unresolved_info_field_108","UNVERIFIED_BY_INFO","NOT_PRESENT_OR_UNRESOLVED","stg.fretes.pending_contract_field_108","","OPACO_PRESERVADO_BLOQUEADO","G03/G04"
"DE-INFO-6389-109","DATA_EXPORT_FIELD","fretes","6389","/info/__unresolved_info_field_109","UNVERIFIED_BY_INFO","NOT_PRESENT_OR_UNRESOLVED","stg.fretes.pending_contract_field_109","","OPACO_PRESERVADO_BLOQUEADO","G03/G04"
"DE-INFO-6392-001","DATA_EXPORT_FIELD","sinistros","6392","/info/__unresolved_info_field_001","UNVERIFIED_BY_INFO","NOT_PRESENT_OR_UNRESOLVED","stg.sinistros.pending_contract_field_001","","OPACO_PRESERVADO_BLOQUEADO","G03/G04"
"DE-INFO-6392-002","DATA_EXPORT_FIELD","sinistros","6392","/info/__unresolved_info_field_002","UNVERIFIED_BY_INFO","NOT_PRESENT_OR_UNRESOLVED","stg.sinistros.pending_contract_field_002","","OPACO_PRESERVADO_BLOQUEADO","G03/G04"
"DE-INFO-6392-003","DATA_EXPORT_FIELD","sinistros","6392","/info/__unresolved_info_field_003","UNVERIFIED_BY_INFO","NOT_PRESENT_OR_UNRESOLVED","stg.sinistros.pending_contract_field_003","","OPACO_PRESERVADO_BLOQUEADO","G03/G04"
"DE-INFO-6392-004","DATA_EXPORT_FIELD","sinistros","6392","/info/__unresolved_info_field_004","UNVERIFIED_BY_INFO","NOT_PRESENT_OR_UNRESOLVED","stg.sinistros.pending_contract_field_004","","OPACO_PRESERVADO_BLOQUEADO","G03/G04"
"DE-INFO-6392-005","DATA_EXPORT_FIELD","sinistros","6392","/info/__unresolved_info_field_005","UNVERIFIED_BY_INFO","NOT_PRESENT_OR_UNRESOLVED","stg.sinistros.pending_contract_field_005","","OPACO_PRESERVADO_BLOQUEADO","G03/G04"
"DE-INFO-6392-006","DATA_EXPORT_FIELD","sinistros","6392","/info/__unresolved_info_field_006","UNVERIFIED_BY_INFO","NOT_PRESENT_OR_UNRESOLVED","stg.sinistros.pending_contract_field_006","","OPACO_PRESERVADO_BLOQUEADO","G03/G04"
"DE-INFO-6392-007","DATA_EXPORT_FIELD","sinistros","6392","/info/__unresolved_info_field_007","UNVERIFIED_BY_INFO","NOT_PRESENT_OR_UNRESOLVED","stg.sinistros.pending_contract_field_007","","OPACO_PRESERVADO_BLOQUEADO","G03/G04"
"DE-INFO-6392-008","DATA_EXPORT_FIELD","sinistros","6392","/info/__unresolved_info_field_008","UNVERIFIED_BY_INFO","NOT_PRESENT_OR_UNRESOLVED","stg.sinistros.pending_contract_field_008","","OPACO_PRESERVADO_BLOQUEADO","G03/G04"
"DE-INFO-6392-009","DATA_EXPORT_FIELD","sinistros","6392","/info/__unresolved_info_field_009","UNVERIFIED_BY_INFO","NOT_PRESENT_OR_UNRESOLVED","stg.sinistros.pending_contract_field_009","","OPACO_PRESERVADO_BLOQUEADO","G03/G04"
"DE-INFO-6392-010","DATA_EXPORT_FIELD","sinistros","6392","/info/__unresolved_info_field_010","UNVERIFIED_BY_INFO","NOT_PRESENT_OR_UNRESOLVED","stg.sinistros.pending_contract_field_010","","OPACO_PRESERVADO_BLOQUEADO","G03/G04"
"DE-INFO-6392-011","DATA_EXPORT_FIELD","sinistros","6392","/info/__unresolved_info_field_011","UNVERIFIED_BY_INFO","NOT_PRESENT_OR_UNRESOLVED","stg.sinistros.pending_contract_field_011","","OPACO_PRESERVADO_BLOQUEADO","G03/G04"
"DE-INFO-6392-012","DATA_EXPORT_FIELD","sinistros","6392","/info/__unresolved_info_field_012","UNVERIFIED_BY_INFO","NOT_PRESENT_OR_UNRESOLVED","stg.sinistros.pending_contract_field_012","","OPACO_PRESERVADO_BLOQUEADO","G03/G04"
"DE-INFO-6392-013","DATA_EXPORT_FIELD","sinistros","6392","/info/__unresolved_info_field_013","UNVERIFIED_BY_INFO","NOT_PRESENT_OR_UNRESOLVED","stg.sinistros.pending_contract_field_013","","OPACO_PRESERVADO_BLOQUEADO","G03/G04"
"DE-INFO-6392-014","DATA_EXPORT_FIELD","sinistros","6392","/info/__unresolved_info_field_014","UNVERIFIED_BY_INFO","NOT_PRESENT_OR_UNRESOLVED","stg.sinistros.pending_contract_field_014","","OPACO_PRESERVADO_BLOQUEADO","G03/G04"
"DE-INFO-6392-015","DATA_EXPORT_FIELD","sinistros","6392","/info/__unresolved_info_field_015","UNVERIFIED_BY_INFO","NOT_PRESENT_OR_UNRESOLVED","stg.sinistros.pending_contract_field_015","","OPACO_PRESERVADO_BLOQUEADO","G03/G04"
"DE-INFO-6392-016","DATA_EXPORT_FIELD","sinistros","6392","/info/__unresolved_info_field_016","UNVERIFIED_BY_INFO","NOT_PRESENT_OR_UNRESOLVED","stg.sinistros.pending_contract_field_016","","OPACO_PRESERVADO_BLOQUEADO","G03/G04"
"DE-INFO-6392-017","DATA_EXPORT_FIELD","sinistros","6392","/info/__unresolved_info_field_017","UNVERIFIED_BY_INFO","NOT_PRESENT_OR_UNRESOLVED","stg.sinistros.pending_contract_field_017","","OPACO_PRESERVADO_BLOQUEADO","G03/G04"
"DE-INFO-6392-018","DATA_EXPORT_FIELD","sinistros","6392","/info/__unresolved_info_field_018","UNVERIFIED_BY_INFO","NOT_PRESENT_OR_UNRESOLVED","stg.sinistros.pending_contract_field_018","","OPACO_PRESERVADO_BLOQUEADO","G03/G04"
"DE-INFO-6392-019","DATA_EXPORT_FIELD","sinistros","6392","/info/__unresolved_info_field_019","UNVERIFIED_BY_INFO","NOT_PRESENT_OR_UNRESOLVED","stg.sinistros.pending_contract_field_019","","OPACO_PRESERVADO_BLOQUEADO","G03/G04"
"DE-INFO-6392-020","DATA_EXPORT_FIELD","sinistros","6392","/info/__unresolved_info_field_020","UNVERIFIED_BY_INFO","NOT_PRESENT_OR_UNRESOLVED","stg.sinistros.pending_contract_field_020","","OPACO_PRESERVADO_BLOQUEADO","G03/G04"
"DE-INFO-6392-021","DATA_EXPORT_FIELD","sinistros","6392","/info/__unresolved_info_field_021","UNVERIFIED_BY_INFO","NOT_PRESENT_OR_UNRESOLVED","stg.sinistros.pending_contract_field_021","","OPACO_PRESERVADO_BLOQUEADO","G03/G04"
"DE-INFO-6392-022","DATA_EXPORT_FIELD","sinistros","6392","/info/__unresolved_info_field_022","UNVERIFIED_BY_INFO","NOT_PRESENT_OR_UNRESOLVED","stg.sinistros.pending_contract_field_022","","OPACO_PRESERVADO_BLOQUEADO","G03/G04"
"DE-INFO-6392-023","DATA_EXPORT_FIELD","sinistros","6392","/info/__unresolved_info_field_023","UNVERIFIED_BY_INFO","NOT_PRESENT_OR_UNRESOLVED","stg.sinistros.pending_contract_field_023","","OPACO_PRESERVADO_BLOQUEADO","G03/G04"
"DE-INFO-6392-024","DATA_EXPORT_FIELD","sinistros","6392","/info/__unresolved_info_field_024","UNVERIFIED_BY_INFO","NOT_PRESENT_OR_UNRESOLVED","stg.sinistros.pending_contract_field_024","","OPACO_PRESERVADO_BLOQUEADO","G03/G04"
"DE-INFO-6392-025","DATA_EXPORT_FIELD","sinistros","6392","/info/__unresolved_info_field_025","UNVERIFIED_BY_INFO","NOT_PRESENT_OR_UNRESOLVED","stg.sinistros.pending_contract_field_025","","OPACO_PRESERVADO_BLOQUEADO","G03/G04"
"DE-INFO-6392-026","DATA_EXPORT_FIELD","sinistros","6392","/info/__unresolved_info_field_026","UNVERIFIED_BY_INFO","NOT_PRESENT_OR_UNRESOLVED","stg.sinistros.pending_contract_field_026","","OPACO_PRESERVADO_BLOQUEADO","G03/G04"
"DE-INFO-6392-027","DATA_EXPORT_FIELD","sinistros","6392","/info/__unresolved_info_field_027","UNVERIFIED_BY_INFO","NOT_PRESENT_OR_UNRESOLVED","stg.sinistros.pending_contract_field_027","","OPACO_PRESERVADO_BLOQUEADO","G03/G04"
"DE-INFO-6392-028","DATA_EXPORT_FIELD","sinistros","6392","/info/__unresolved_info_field_028","UNVERIFIED_BY_INFO","NOT_PRESENT_OR_UNRESOLVED","stg.sinistros.pending_contract_field_028","","OPACO_PRESERVADO_BLOQUEADO","G03/G04"
"DE-INFO-6392-029","DATA_EXPORT_FIELD","sinistros","6392","/info/__unresolved_info_field_029","UNVERIFIED_BY_INFO","NOT_PRESENT_OR_UNRESOLVED","stg.sinistros.pending_contract_field_029","","OPACO_PRESERVADO_BLOQUEADO","G03/G04"
"DE-INFO-6392-030","DATA_EXPORT_FIELD","sinistros","6392","/info/__unresolved_info_field_030","UNVERIFIED_BY_INFO","NOT_PRESENT_OR_UNRESOLVED","stg.sinistros.pending_contract_field_030","","OPACO_PRESERVADO_BLOQUEADO","G03/G04"
"DE-INFO-6392-031","DATA_EXPORT_FIELD","sinistros","6392","/info/__unresolved_info_field_031","UNVERIFIED_BY_INFO","NOT_PRESENT_OR_UNRESOLVED","stg.sinistros.pending_contract_field_031","","OPACO_PRESERVADO_BLOQUEADO","G03/G04"
"DE-INFO-6392-032","DATA_EXPORT_FIELD","sinistros","6392","/info/__unresolved_info_field_032","UNVERIFIED_BY_INFO","NOT_PRESENT_OR_UNRESOLVED","stg.sinistros.pending_contract_field_032","","OPACO_PRESERVADO_BLOQUEADO","G03/G04"
"DE-INFO-6392-033","DATA_EXPORT_FIELD","sinistros","6392","/info/__unresolved_info_field_033","UNVERIFIED_BY_INFO","NOT_PRESENT_OR_UNRESOLVED","stg.sinistros.pending_contract_field_033","","OPACO_PRESERVADO_BLOQUEADO","G03/G04"
"DE-INFO-6392-034","DATA_EXPORT_FIELD","sinistros","6392","/info/__unresolved_info_field_034","UNVERIFIED_BY_INFO","NOT_PRESENT_OR_UNRESOLVED","stg.sinistros.pending_contract_field_034","","OPACO_PRESERVADO_BLOQUEADO","G03/G04"
"DE-INFO-6392-035","DATA_EXPORT_FIELD","sinistros","6392","/info/__unresolved_info_field_035","UNVERIFIED_BY_INFO","NOT_PRESENT_OR_UNRESOLVED","stg.sinistros.pending_contract_field_035","","OPACO_PRESERVADO_BLOQUEADO","G03/G04"
"DE-INFO-6392-036","DATA_EXPORT_FIELD","sinistros","6392","/info/__unresolved_info_field_036","UNVERIFIED_BY_INFO","NOT_PRESENT_OR_UNRESOLVED","stg.sinistros.pending_contract_field_036","","OPACO_PRESERVADO_BLOQUEADO","G03/G04"
"DE-INFO-6392-037","DATA_EXPORT_FIELD","sinistros","6392","/info/__unresolved_info_field_037","UNVERIFIED_BY_INFO","NOT_PRESENT_OR_UNRESOLVED","stg.sinistros.pending_contract_field_037","","OPACO_PRESERVADO_BLOQUEADO","G03/G04"
"DE-INFO-6392-038","DATA_EXPORT_FIELD","sinistros","6392","/info/__unresolved_info_field_038","UNVERIFIED_BY_INFO","NOT_PRESENT_OR_UNRESOLVED","stg.sinistros.pending_contract_field_038","","OPACO_PRESERVADO_BLOQUEADO","G03/G04"
"DE-INFO-6392-039","DATA_EXPORT_FIELD","sinistros","6392","/info/__unresolved_info_field_039","UNVERIFIED_BY_INFO","NOT_PRESENT_OR_UNRESOLVED","stg.sinistros.pending_contract_field_039","","OPACO_PRESERVADO_BLOQUEADO","G03/G04"
"DE-INFO-6392-040","DATA_EXPORT_FIELD","sinistros","6392","/info/__unresolved_info_field_040","UNVERIFIED_BY_INFO","NOT_PRESENT_OR_UNRESOLVED","stg.sinistros.pending_contract_field_040","","OPACO_PRESERVADO_BLOQUEADO","G03/G04"
"DE-INFO-6392-041","DATA_EXPORT_FIELD","sinistros","6392","/info/__unresolved_info_field_041","UNVERIFIED_BY_INFO","NOT_PRESENT_OR_UNRESOLVED","stg.sinistros.pending_contract_field_041","","OPACO_PRESERVADO_BLOQUEADO","G03/G04"
"DE-INFO-6392-042","DATA_EXPORT_FIELD","sinistros","6392","/info/__unresolved_info_field_042","UNVERIFIED_BY_INFO","NOT_PRESENT_OR_UNRESOLVED","stg.sinistros.pending_contract_field_042","","OPACO_PRESERVADO_BLOQUEADO","G03/G04"
"DE-INFO-6392-043","DATA_EXPORT_FIELD","sinistros","6392","/info/__unresolved_info_field_043","UNVERIFIED_BY_INFO","NOT_PRESENT_OR_UNRESOLVED","stg.sinistros.pending_contract_field_043","","OPACO_PRESERVADO_BLOQUEADO","G03/G04"
"DE-INFO-6392-044","DATA_EXPORT_FIELD","sinistros","6392","/info/__unresolved_info_field_044","UNVERIFIED_BY_INFO","NOT_PRESENT_OR_UNRESOLVED","stg.sinistros.pending_contract_field_044","","OPACO_PRESERVADO_BLOQUEADO","G03/G04"
"DE-INFO-6399-001","DATA_EXPORT_FIELD","manifestos","6399","/info/__unresolved_info_field_001","UNVERIFIED_BY_INFO","NOT_PRESENT_OR_UNRESOLVED","stg.manifestos.pending_contract_field_001","","OPACO_PRESERVADO_BLOQUEADO","G03/G04"
"DE-INFO-6399-002","DATA_EXPORT_FIELD","manifestos","6399","/info/__unresolved_info_field_002","UNVERIFIED_BY_INFO","NOT_PRESENT_OR_UNRESOLVED","stg.manifestos.pending_contract_field_002","","OPACO_PRESERVADO_BLOQUEADO","G03/G04"
"DE-INFO-6399-003","DATA_EXPORT_FIELD","manifestos","6399","/info/__unresolved_info_field_003","UNVERIFIED_BY_INFO","NOT_PRESENT_OR_UNRESOLVED","stg.manifestos.pending_contract_field_003","","OPACO_PRESERVADO_BLOQUEADO","G03/G04"
"DE-INFO-6399-004","DATA_EXPORT_FIELD","manifestos","6399","/info/__unresolved_info_field_004","UNVERIFIED_BY_INFO","NOT_PRESENT_OR_UNRESOLVED","stg.manifestos.pending_contract_field_004","","OPACO_PRESERVADO_BLOQUEADO","G03/G04"
"DE-INFO-6399-005","DATA_EXPORT_FIELD","manifestos","6399","/info/__unresolved_info_field_005","UNVERIFIED_BY_INFO","NOT_PRESENT_OR_UNRESOLVED","stg.manifestos.pending_contract_field_005","","OPACO_PRESERVADO_BLOQUEADO","G03/G04"
"DE-INFO-6399-006","DATA_EXPORT_FIELD","manifestos","6399","/info/__unresolved_info_field_006","UNVERIFIED_BY_INFO","NOT_PRESENT_OR_UNRESOLVED","stg.manifestos.pending_contract_field_006","","OPACO_PRESERVADO_BLOQUEADO","G03/G04"
"DE-INFO-6399-007","DATA_EXPORT_FIELD","manifestos","6399","/info/__unresolved_info_field_007","UNVERIFIED_BY_INFO","NOT_PRESENT_OR_UNRESOLVED","stg.manifestos.pending_contract_field_007","","OPACO_PRESERVADO_BLOQUEADO","G03/G04"
"DE-INFO-6399-008","DATA_EXPORT_FIELD","manifestos","6399","/info/__unresolved_info_field_008","UNVERIFIED_BY_INFO","NOT_PRESENT_OR_UNRESOLVED","stg.manifestos.pending_contract_field_008","","OPACO_PRESERVADO_BLOQUEADO","G03/G04"
"DE-INFO-6399-009","DATA_EXPORT_FIELD","manifestos","6399","/info/__unresolved_info_field_009","UNVERIFIED_BY_INFO","NOT_PRESENT_OR_UNRESOLVED","stg.manifestos.pending_contract_field_009","","OPACO_PRESERVADO_BLOQUEADO","G03/G04"
"DE-INFO-6399-010","DATA_EXPORT_FIELD","manifestos","6399","/info/__unresolved_info_field_010","UNVERIFIED_BY_INFO","NOT_PRESENT_OR_UNRESOLVED","stg.manifestos.pending_contract_field_010","","OPACO_PRESERVADO_BLOQUEADO","G03/G04"
"DE-INFO-6399-011","DATA_EXPORT_FIELD","manifestos","6399","/info/__unresolved_info_field_011","UNVERIFIED_BY_INFO","NOT_PRESENT_OR_UNRESOLVED","stg.manifestos.pending_contract_field_011","","OPACO_PRESERVADO_BLOQUEADO","G03/G04"
"DE-INFO-6399-012","DATA_EXPORT_FIELD","manifestos","6399","/info/__unresolved_info_field_012","UNVERIFIED_BY_INFO","NOT_PRESENT_OR_UNRESOLVED","stg.manifestos.pending_contract_field_012","","OPACO_PRESERVADO_BLOQUEADO","G03/G04"
"DE-INFO-6399-013","DATA_EXPORT_FIELD","manifestos","6399","/info/__unresolved_info_field_013","UNVERIFIED_BY_INFO","NOT_PRESENT_OR_UNRESOLVED","stg.manifestos.pending_contract_field_013","","OPACO_PRESERVADO_BLOQUEADO","G03/G04"
"DE-INFO-6399-014","DATA_EXPORT_FIELD","manifestos","6399","/info/__unresolved_info_field_014","UNVERIFIED_BY_INFO","NOT_PRESENT_OR_UNRESOLVED","stg.manifestos.pending_contract_field_014","","OPACO_PRESERVADO_BLOQUEADO","G03/G04"
"DE-INFO-6399-015","DATA_EXPORT_FIELD","manifestos","6399","/info/__unresolved_info_field_015","UNVERIFIED_BY_INFO","NOT_PRESENT_OR_UNRESOLVED","stg.manifestos.pending_contract_field_015","","OPACO_PRESERVADO_BLOQUEADO","G03/G04"
"DE-INFO-6399-016","DATA_EXPORT_FIELD","manifestos","6399","/info/__unresolved_info_field_016","UNVERIFIED_BY_INFO","NOT_PRESENT_OR_UNRESOLVED","stg.manifestos.pending_contract_field_016","","OPACO_PRESERVADO_BLOQUEADO","G03/G04"
"DE-INFO-6399-017","DATA_EXPORT_FIELD","manifestos","6399","/info/__unresolved_info_field_017","UNVERIFIED_BY_INFO","NOT_PRESENT_OR_UNRESOLVED","stg.manifestos.pending_contract_field_017","","OPACO_PRESERVADO_BLOQUEADO","G03/G04"
"DE-INFO-6399-018","DATA_EXPORT_FIELD","manifestos","6399","/info/__unresolved_info_field_018","UNVERIFIED_BY_INFO","NOT_PRESENT_OR_UNRESOLVED","stg.manifestos.pending_contract_field_018","","OPACO_PRESERVADO_BLOQUEADO","G03/G04"
"DE-INFO-6399-019","DATA_EXPORT_FIELD","manifestos","6399","/info/__unresolved_info_field_019","UNVERIFIED_BY_INFO","NOT_PRESENT_OR_UNRESOLVED","stg.manifestos.pending_contract_field_019","","OPACO_PRESERVADO_BLOQUEADO","G03/G04"
"DE-INFO-6399-020","DATA_EXPORT_FIELD","manifestos","6399","/info/__unresolved_info_field_020","UNVERIFIED_BY_INFO","NOT_PRESENT_OR_UNRESOLVED","stg.manifestos.pending_contract_field_020","","OPACO_PRESERVADO_BLOQUEADO","G03/G04"
"DE-INFO-6399-021","DATA_EXPORT_FIELD","manifestos","6399","/info/__unresolved_info_field_021","UNVERIFIED_BY_INFO","NOT_PRESENT_OR_UNRESOLVED","stg.manifestos.pending_contract_field_021","","OPACO_PRESERVADO_BLOQUEADO","G03/G04"
"DE-INFO-6399-022","DATA_EXPORT_FIELD","manifestos","6399","/info/__unresolved_info_field_022","UNVERIFIED_BY_INFO","NOT_PRESENT_OR_UNRESOLVED","stg.manifestos.pending_contract_field_022","","OPACO_PRESERVADO_BLOQUEADO","G03/G04"
"DE-INFO-6399-023","DATA_EXPORT_FIELD","manifestos","6399","/info/__unresolved_info_field_023","UNVERIFIED_BY_INFO","NOT_PRESENT_OR_UNRESOLVED","stg.manifestos.pending_contract_field_023","","OPACO_PRESERVADO_BLOQUEADO","G03/G04"
"DE-INFO-6399-024","DATA_EXPORT_FIELD","manifestos","6399","/info/__unresolved_info_field_024","UNVERIFIED_BY_INFO","NOT_PRESENT_OR_UNRESOLVED","stg.manifestos.pending_contract_field_024","","OPACO_PRESERVADO_BLOQUEADO","G03/G04"
"DE-INFO-6399-025","DATA_EXPORT_FIELD","manifestos","6399","/info/__unresolved_info_field_025","UNVERIFIED_BY_INFO","NOT_PRESENT_OR_UNRESOLVED","stg.manifestos.pending_contract_field_025","","OPACO_PRESERVADO_BLOQUEADO","G03/G04"
"DE-INFO-6399-026","DATA_EXPORT_FIELD","manifestos","6399","/info/__unresolved_info_field_026","UNVERIFIED_BY_INFO","NOT_PRESENT_OR_UNRESOLVED","stg.manifestos.pending_contract_field_026","","OPACO_PRESERVADO_BLOQUEADO","G03/G04"
"DE-INFO-6399-027","DATA_EXPORT_FIELD","manifestos","6399","/info/__unresolved_info_field_027","UNVERIFIED_BY_INFO","NOT_PRESENT_OR_UNRESOLVED","stg.manifestos.pending_contract_field_027","","OPACO_PRESERVADO_BLOQUEADO","G03/G04"
"DE-INFO-6399-028","DATA_EXPORT_FIELD","manifestos","6399","/info/__unresolved_info_field_028","UNVERIFIED_BY_INFO","NOT_PRESENT_OR_UNRESOLVED","stg.manifestos.pending_contract_field_028","","OPACO_PRESERVADO_BLOQUEADO","G03/G04"
"DE-INFO-6399-029","DATA_EXPORT_FIELD","manifestos","6399","/info/__unresolved_info_field_029","UNVERIFIED_BY_INFO","NOT_PRESENT_OR_UNRESOLVED","stg.manifestos.pending_contract_field_029","","OPACO_PRESERVADO_BLOQUEADO","G03/G04"
"DE-INFO-6399-030","DATA_EXPORT_FIELD","manifestos","6399","/info/__unresolved_info_field_030","UNVERIFIED_BY_INFO","NOT_PRESENT_OR_UNRESOLVED","stg.manifestos.pending_contract_field_030","","OPACO_PRESERVADO_BLOQUEADO","G03/G04"
"DE-INFO-6399-031","DATA_EXPORT_FIELD","manifestos","6399","/info/__unresolved_info_field_031","UNVERIFIED_BY_INFO","NOT_PRESENT_OR_UNRESOLVED","stg.manifestos.pending_contract_field_031","","OPACO_PRESERVADO_BLOQUEADO","G03/G04"
"DE-INFO-6399-032","DATA_EXPORT_FIELD","manifestos","6399","/info/__unresolved_info_field_032","UNVERIFIED_BY_INFO","NOT_PRESENT_OR_UNRESOLVED","stg.manifestos.pending_contract_field_032","","OPACO_PRESERVADO_BLOQUEADO","G03/G04"
"DE-INFO-6399-033","DATA_EXPORT_FIELD","manifestos","6399","/info/__unresolved_info_field_033","UNVERIFIED_BY_INFO","NOT_PRESENT_OR_UNRESOLVED","stg.manifestos.pending_contract_field_033","","OPACO_PRESERVADO_BLOQUEADO","G03/G04"
"DE-INFO-6399-034","DATA_EXPORT_FIELD","manifestos","6399","/info/__unresolved_info_field_034","UNVERIFIED_BY_INFO","NOT_PRESENT_OR_UNRESOLVED","stg.manifestos.pending_contract_field_034","","OPACO_PRESERVADO_BLOQUEADO","G03/G04"
"DE-INFO-6399-035","DATA_EXPORT_FIELD","manifestos","6399","/info/__unresolved_info_field_035","UNVERIFIED_BY_INFO","NOT_PRESENT_OR_UNRESOLVED","stg.manifestos.pending_contract_field_035","","OPACO_PRESERVADO_BLOQUEADO","G03/G04"
"DE-INFO-6399-036","DATA_EXPORT_FIELD","manifestos","6399","/info/__unresolved_info_field_036","UNVERIFIED_BY_INFO","NOT_PRESENT_OR_UNRESOLVED","stg.manifestos.pending_contract_field_036","","OPACO_PRESERVADO_BLOQUEADO","G03/G04"
"DE-INFO-6399-037","DATA_EXPORT_FIELD","manifestos","6399","/info/__unresolved_info_field_037","UNVERIFIED_BY_INFO","NOT_PRESENT_OR_UNRESOLVED","stg.manifestos.pending_contract_field_037","","OPACO_PRESERVADO_BLOQUEADO","G03/G04"
"DE-INFO-6399-038","DATA_EXPORT_FIELD","manifestos","6399","/info/__unresolved_info_field_038","UNVERIFIED_BY_INFO","NOT_PRESENT_OR_UNRESOLVED","stg.manifestos.pending_contract_field_038","","OPACO_PRESERVADO_BLOQUEADO","G03/G04"
"DE-INFO-6399-039","DATA_EXPORT_FIELD","manifestos","6399","/info/__unresolved_info_field_039","UNVERIFIED_BY_INFO","NOT_PRESENT_OR_UNRESOLVED","stg.manifestos.pending_contract_field_039","","OPACO_PRESERVADO_BLOQUEADO","G03/G04"
"DE-INFO-6399-040","DATA_EXPORT_FIELD","manifestos","6399","/info/__unresolved_info_field_040","UNVERIFIED_BY_INFO","NOT_PRESENT_OR_UNRESOLVED","stg.manifestos.pending_contract_field_040","","OPACO_PRESERVADO_BLOQUEADO","G03/G04"
"DE-INFO-6399-041","DATA_EXPORT_FIELD","manifestos","6399","/info/__unresolved_info_field_041","UNVERIFIED_BY_INFO","NOT_PRESENT_OR_UNRESOLVED","stg.manifestos.pending_contract_field_041","","OPACO_PRESERVADO_BLOQUEADO","G03/G04"
"DE-INFO-6399-042","DATA_EXPORT_FIELD","manifestos","6399","/info/__unresolved_info_field_042","UNVERIFIED_BY_INFO","NOT_PRESENT_OR_UNRESOLVED","stg.manifestos.pending_contract_field_042","","OPACO_PRESERVADO_BLOQUEADO","G03/G04"
"DE-INFO-6399-043","DATA_EXPORT_FIELD","manifestos","6399","/info/__unresolved_info_field_043","UNVERIFIED_BY_INFO","NOT_PRESENT_OR_UNRESOLVED","stg.manifestos.pending_contract_field_043","","OPACO_PRESERVADO_BLOQUEADO","G03/G04"
"DE-INFO-6399-044","DATA_EXPORT_FIELD","manifestos","6399","/info/__unresolved_info_field_044","UNVERIFIED_BY_INFO","NOT_PRESENT_OR_UNRESOLVED","stg.manifestos.pending_contract_field_044","","OPACO_PRESERVADO_BLOQUEADO","G03/G04"
"DE-INFO-6399-045","DATA_EXPORT_FIELD","manifestos","6399","/info/__unresolved_info_field_045","UNVERIFIED_BY_INFO","NOT_PRESENT_OR_UNRESOLVED","stg.manifestos.pending_contract_field_045","","OPACO_PRESERVADO_BLOQUEADO","G03/G04"
"DE-INFO-6399-046","DATA_EXPORT_FIELD","manifestos","6399","/info/__unresolved_info_field_046","UNVERIFIED_BY_INFO","NOT_PRESENT_OR_UNRESOLVED","stg.manifestos.pending_contract_field_046","","OPACO_PRESERVADO_BLOQUEADO","G03/G04"
"DE-INFO-6399-047","DATA_EXPORT_FIELD","manifestos","6399","/info/__unresolved_info_field_047","UNVERIFIED_BY_INFO","NOT_PRESENT_OR_UNRESOLVED","stg.manifestos.pending_contract_field_047","","OPACO_PRESERVADO_BLOQUEADO","G03/G04"
"DE-INFO-6399-048","DATA_EXPORT_FIELD","manifestos","6399","/info/__unresolved_info_field_048","UNVERIFIED_BY_INFO","NOT_PRESENT_OR_UNRESOLVED","stg.manifestos.pending_contract_field_048","","OPACO_PRESERVADO_BLOQUEADO","G03/G04"
"DE-INFO-6399-049","DATA_EXPORT_FIELD","manifestos","6399","/info/__unresolved_info_field_049","UNVERIFIED_BY_INFO","NOT_PRESENT_OR_UNRESOLVED","stg.manifestos.pending_contract_field_049","","OPACO_PRESERVADO_BLOQUEADO","G03/G04"
"DE-INFO-6399-050","DATA_EXPORT_FIELD","manifestos","6399","/info/__unresolved_info_field_050","UNVERIFIED_BY_INFO","NOT_PRESENT_OR_UNRESOLVED","stg.manifestos.pending_contract_field_050","","OPACO_PRESERVADO_BLOQUEADO","G03/G04"
"DE-INFO-6399-051","DATA_EXPORT_FIELD","manifestos","6399","/info/__unresolved_info_field_051","UNVERIFIED_BY_INFO","NOT_PRESENT_OR_UNRESOLVED","stg.manifestos.pending_contract_field_051","","OPACO_PRESERVADO_BLOQUEADO","G03/G04"
"DE-INFO-6399-052","DATA_EXPORT_FIELD","manifestos","6399","/info/__unresolved_info_field_052","UNVERIFIED_BY_INFO","NOT_PRESENT_OR_UNRESOLVED","stg.manifestos.pending_contract_field_052","","OPACO_PRESERVADO_BLOQUEADO","G03/G04"
"DE-INFO-6399-053","DATA_EXPORT_FIELD","manifestos","6399","/info/__unresolved_info_field_053","UNVERIFIED_BY_INFO","NOT_PRESENT_OR_UNRESOLVED","stg.manifestos.pending_contract_field_053","","OPACO_PRESERVADO_BLOQUEADO","G03/G04"
"DE-INFO-6399-054","DATA_EXPORT_FIELD","manifestos","6399","/info/__unresolved_info_field_054","UNVERIFIED_BY_INFO","NOT_PRESENT_OR_UNRESOLVED","stg.manifestos.pending_contract_field_054","","OPACO_PRESERVADO_BLOQUEADO","G03/G04"
"DE-INFO-6399-055","DATA_EXPORT_FIELD","manifestos","6399","/info/__unresolved_info_field_055","UNVERIFIED_BY_INFO","NOT_PRESENT_OR_UNRESOLVED","stg.manifestos.pending_contract_field_055","","OPACO_PRESERVADO_BLOQUEADO","G03/G04"
"DE-INFO-6399-056","DATA_EXPORT_FIELD","manifestos","6399","/info/__unresolved_info_field_056","UNVERIFIED_BY_INFO","NOT_PRESENT_OR_UNRESOLVED","stg.manifestos.pending_contract_field_056","","OPACO_PRESERVADO_BLOQUEADO","G03/G04"
"DE-INFO-6399-057","DATA_EXPORT_FIELD","manifestos","6399","/info/__unresolved_info_field_057","UNVERIFIED_BY_INFO","NOT_PRESENT_OR_UNRESOLVED","stg.manifestos.pending_contract_field_057","","OPACO_PRESERVADO_BLOQUEADO","G03/G04"
"DE-INFO-6399-058","DATA_EXPORT_FIELD","manifestos","6399","/info/__unresolved_info_field_058","UNVERIFIED_BY_INFO","NOT_PRESENT_OR_UNRESOLVED","stg.manifestos.pending_contract_field_058","","OPACO_PRESERVADO_BLOQUEADO","G03/G04"
"DE-INFO-6399-059","DATA_EXPORT_FIELD","manifestos","6399","/info/__unresolved_info_field_059","UNVERIFIED_BY_INFO","NOT_PRESENT_OR_UNRESOLVED","stg.manifestos.pending_contract_field_059","","OPACO_PRESERVADO_BLOQUEADO","G03/G04"
"DE-INFO-6399-060","DATA_EXPORT_FIELD","manifestos","6399","/info/__unresolved_info_field_060","UNVERIFIED_BY_INFO","NOT_PRESENT_OR_UNRESOLVED","stg.manifestos.pending_contract_field_060","","OPACO_PRESERVADO_BLOQUEADO","G03/G04"
"DE-INFO-6399-061","DATA_EXPORT_FIELD","manifestos","6399","/info/__unresolved_info_field_061","UNVERIFIED_BY_INFO","NOT_PRESENT_OR_UNRESOLVED","stg.manifestos.pending_contract_field_061","","OPACO_PRESERVADO_BLOQUEADO","G03/G04"
"DE-INFO-6399-062","DATA_EXPORT_FIELD","manifestos","6399","/info/__unresolved_info_field_062","UNVERIFIED_BY_INFO","NOT_PRESENT_OR_UNRESOLVED","stg.manifestos.pending_contract_field_062","","OPACO_PRESERVADO_BLOQUEADO","G03/G04"
"DE-INFO-6399-063","DATA_EXPORT_FIELD","manifestos","6399","/info/__unresolved_info_field_063","UNVERIFIED_BY_INFO","NOT_PRESENT_OR_UNRESOLVED","stg.manifestos.pending_contract_field_063","","OPACO_PRESERVADO_BLOQUEADO","G03/G04"
"DE-INFO-6399-064","DATA_EXPORT_FIELD","manifestos","6399","/info/__unresolved_info_field_064","UNVERIFIED_BY_INFO","NOT_PRESENT_OR_UNRESOLVED","stg.manifestos.pending_contract_field_064","","OPACO_PRESERVADO_BLOQUEADO","G03/G04"
"DE-INFO-6399-065","DATA_EXPORT_FIELD","manifestos","6399","/info/__unresolved_info_field_065","UNVERIFIED_BY_INFO","NOT_PRESENT_OR_UNRESOLVED","stg.manifestos.pending_contract_field_065","","OPACO_PRESERVADO_BLOQUEADO","G03/G04"
"DE-INFO-6399-066","DATA_EXPORT_FIELD","manifestos","6399","/info/__unresolved_info_field_066","UNVERIFIED_BY_INFO","NOT_PRESENT_OR_UNRESOLVED","stg.manifestos.pending_contract_field_066","","OPACO_PRESERVADO_BLOQUEADO","G03/G04"
"DE-INFO-6399-067","DATA_EXPORT_FIELD","manifestos","6399","/info/__unresolved_info_field_067","UNVERIFIED_BY_INFO","NOT_PRESENT_OR_UNRESOLVED","stg.manifestos.pending_contract_field_067","","OPACO_PRESERVADO_BLOQUEADO","G03/G04"
"DE-INFO-6399-068","DATA_EXPORT_FIELD","manifestos","6399","/info/__unresolved_info_field_068","UNVERIFIED_BY_INFO","NOT_PRESENT_OR_UNRESOLVED","stg.manifestos.pending_contract_field_068","","OPACO_PRESERVADO_BLOQUEADO","G03/G04"
"DE-INFO-6399-069","DATA_EXPORT_FIELD","manifestos","6399","/info/__unresolved_info_field_069","UNVERIFIED_BY_INFO","NOT_PRESENT_OR_UNRESOLVED","stg.manifestos.pending_contract_field_069","","OPACO_PRESERVADO_BLOQUEADO","G03/G04"
"DE-INFO-6399-070","DATA_EXPORT_FIELD","manifestos","6399","/info/__unresolved_info_field_070","UNVERIFIED_BY_INFO","NOT_PRESENT_OR_UNRESOLVED","stg.manifestos.pending_contract_field_070","","OPACO_PRESERVADO_BLOQUEADO","G03/G04"
"DE-INFO-6399-071","DATA_EXPORT_FIELD","manifestos","6399","/info/__unresolved_info_field_071","UNVERIFIED_BY_INFO","NOT_PRESENT_OR_UNRESOLVED","stg.manifestos.pending_contract_field_071","","OPACO_PRESERVADO_BLOQUEADO","G03/G04"
"DE-INFO-6399-072","DATA_EXPORT_FIELD","manifestos","6399","/info/__unresolved_info_field_072","UNVERIFIED_BY_INFO","NOT_PRESENT_OR_UNRESOLVED","stg.manifestos.pending_contract_field_072","","OPACO_PRESERVADO_BLOQUEADO","G03/G04"
"DE-INFO-6399-073","DATA_EXPORT_FIELD","manifestos","6399","/info/__unresolved_info_field_073","UNVERIFIED_BY_INFO","NOT_PRESENT_OR_UNRESOLVED","stg.manifestos.pending_contract_field_073","","OPACO_PRESERVADO_BLOQUEADO","G03/G04"
"DE-INFO-6399-074","DATA_EXPORT_FIELD","manifestos","6399","/info/__unresolved_info_field_074","UNVERIFIED_BY_INFO","NOT_PRESENT_OR_UNRESOLVED","stg.manifestos.pending_contract_field_074","","OPACO_PRESERVADO_BLOQUEADO","G03/G04"
"DE-INFO-6399-075","DATA_EXPORT_FIELD","manifestos","6399","/info/__unresolved_info_field_075","UNVERIFIED_BY_INFO","NOT_PRESENT_OR_UNRESOLVED","stg.manifestos.pending_contract_field_075","","OPACO_PRESERVADO_BLOQUEADO","G03/G04"
"DE-INFO-6399-076","DATA_EXPORT_FIELD","manifestos","6399","/info/__unresolved_info_field_076","UNVERIFIED_BY_INFO","NOT_PRESENT_OR_UNRESOLVED","stg.manifestos.pending_contract_field_076","","OPACO_PRESERVADO_BLOQUEADO","G03/G04"
"DE-INFO-6399-077","DATA_EXPORT_FIELD","manifestos","6399","/info/__unresolved_info_field_077","UNVERIFIED_BY_INFO","NOT_PRESENT_OR_UNRESOLVED","stg.manifestos.pending_contract_field_077","","OPACO_PRESERVADO_BLOQUEADO","G03/G04"
"DE-INFO-6399-078","DATA_EXPORT_FIELD","manifestos","6399","/info/__unresolved_info_field_078","UNVERIFIED_BY_INFO","NOT_PRESENT_OR_UNRESOLVED","stg.manifestos.pending_contract_field_078","","OPACO_PRESERVADO_BLOQUEADO","G03/G04"
"DE-INFO-6399-079","DATA_EXPORT_FIELD","manifestos","6399","/info/__unresolved_info_field_079","UNVERIFIED_BY_INFO","NOT_PRESENT_OR_UNRESOLVED","stg.manifestos.pending_contract_field_079","","OPACO_PRESERVADO_BLOQUEADO","G03/G04"
"DE-INFO-6399-080","DATA_EXPORT_FIELD","manifestos","6399","/info/__unresolved_info_field_080","UNVERIFIED_BY_INFO","NOT_PRESENT_OR_UNRESOLVED","stg.manifestos.pending_contract_field_080","","OPACO_PRESERVADO_BLOQUEADO","G03/G04"
"DE-INFO-6399-081","DATA_EXPORT_FIELD","manifestos","6399","/info/__unresolved_info_field_081","UNVERIFIED_BY_INFO","NOT_PRESENT_OR_UNRESOLVED","stg.manifestos.pending_contract_field_081","","OPACO_PRESERVADO_BLOQUEADO","G03/G04"
"DE-INFO-6399-082","DATA_EXPORT_FIELD","manifestos","6399","/info/__unresolved_info_field_082","UNVERIFIED_BY_INFO","NOT_PRESENT_OR_UNRESOLVED","stg.manifestos.pending_contract_field_082","","OPACO_PRESERVADO_BLOQUEADO","G03/G04"
"DE-INFO-6399-083","DATA_EXPORT_FIELD","manifestos","6399","/info/__unresolved_info_field_083","UNVERIFIED_BY_INFO","NOT_PRESENT_OR_UNRESOLVED","stg.manifestos.pending_contract_field_083","","OPACO_PRESERVADO_BLOQUEADO","G03/G04"
"DE-INFO-6399-084","DATA_EXPORT_FIELD","manifestos","6399","/info/__unresolved_info_field_084","UNVERIFIED_BY_INFO","NOT_PRESENT_OR_UNRESOLVED","stg.manifestos.pending_contract_field_084","","OPACO_PRESERVADO_BLOQUEADO","G03/G04"
"DE-INFO-6399-085","DATA_EXPORT_FIELD","manifestos","6399","/info/__unresolved_info_field_085","UNVERIFIED_BY_INFO","NOT_PRESENT_OR_UNRESOLVED","stg.manifestos.pending_contract_field_085","","OPACO_PRESERVADO_BLOQUEADO","G03/G04"
"DE-INFO-6399-086","DATA_EXPORT_FIELD","manifestos","6399","/info/__unresolved_info_field_086","UNVERIFIED_BY_INFO","NOT_PRESENT_OR_UNRESOLVED","stg.manifestos.pending_contract_field_086","","OPACO_PRESERVADO_BLOQUEADO","G03/G04"
"DE-INFO-6399-087","DATA_EXPORT_FIELD","manifestos","6399","/info/__unresolved_info_field_087","UNVERIFIED_BY_INFO","NOT_PRESENT_OR_UNRESOLVED","stg.manifestos.pending_contract_field_087","","OPACO_PRESERVADO_BLOQUEADO","G03/G04"
"DE-INFO-6399-088","DATA_EXPORT_FIELD","manifestos","6399","/info/__unresolved_info_field_088","UNVERIFIED_BY_INFO","NOT_PRESENT_OR_UNRESOLVED","stg.manifestos.pending_contract_field_088","","OPACO_PRESERVADO_BLOQUEADO","G03/G04"
"DE-INFO-6399-089","DATA_EXPORT_FIELD","manifestos","6399","/info/__unresolved_info_field_089","UNVERIFIED_BY_INFO","NOT_PRESENT_OR_UNRESOLVED","stg.manifestos.pending_contract_field_089","","OPACO_PRESERVADO_BLOQUEADO","G03/G04"
"DE-INFO-6399-090","DATA_EXPORT_FIELD","manifestos","6399","/info/__unresolved_info_field_090","UNVERIFIED_BY_INFO","NOT_PRESENT_OR_UNRESOLVED","stg.manifestos.pending_contract_field_090","","OPACO_PRESERVADO_BLOQUEADO","G03/G04"
"DE-INFO-6399-091","DATA_EXPORT_FIELD","manifestos","6399","/info/__unresolved_info_field_091","UNVERIFIED_BY_INFO","NOT_PRESENT_OR_UNRESOLVED","stg.manifestos.pending_contract_field_091","","OPACO_PRESERVADO_BLOQUEADO","G03/G04"
"DE-INFO-6906-001","DATA_EXPORT_FIELD","cotacoes","6906","/info/__unresolved_info_field_001","UNVERIFIED_BY_INFO","NOT_PRESENT_OR_UNRESOLVED","stg.cotacoes.pending_contract_field_001","","OPACO_PRESERVADO_BLOQUEADO","G03/G04"
"DE-INFO-6906-002","DATA_EXPORT_FIELD","cotacoes","6906","/info/__unresolved_info_field_002","UNVERIFIED_BY_INFO","NOT_PRESENT_OR_UNRESOLVED","stg.cotacoes.pending_contract_field_002","","OPACO_PRESERVADO_BLOQUEADO","G03/G04"
"DE-INFO-6906-003","DATA_EXPORT_FIELD","cotacoes","6906","/info/__unresolved_info_field_003","UNVERIFIED_BY_INFO","NOT_PRESENT_OR_UNRESOLVED","stg.cotacoes.pending_contract_field_003","","OPACO_PRESERVADO_BLOQUEADO","G03/G04"
"DE-INFO-6906-004","DATA_EXPORT_FIELD","cotacoes","6906","/info/__unresolved_info_field_004","UNVERIFIED_BY_INFO","NOT_PRESENT_OR_UNRESOLVED","stg.cotacoes.pending_contract_field_004","","OPACO_PRESERVADO_BLOQUEADO","G03/G04"
"DE-INFO-6906-005","DATA_EXPORT_FIELD","cotacoes","6906","/info/__unresolved_info_field_005","UNVERIFIED_BY_INFO","NOT_PRESENT_OR_UNRESOLVED","stg.cotacoes.pending_contract_field_005","","OPACO_PRESERVADO_BLOQUEADO","G03/G04"
"DE-INFO-6906-006","DATA_EXPORT_FIELD","cotacoes","6906","/info/__unresolved_info_field_006","UNVERIFIED_BY_INFO","NOT_PRESENT_OR_UNRESOLVED","stg.cotacoes.pending_contract_field_006","","OPACO_PRESERVADO_BLOQUEADO","G03/G04"
"DE-INFO-6906-007","DATA_EXPORT_FIELD","cotacoes","6906","/info/__unresolved_info_field_007","UNVERIFIED_BY_INFO","NOT_PRESENT_OR_UNRESOLVED","stg.cotacoes.pending_contract_field_007","","OPACO_PRESERVADO_BLOQUEADO","G03/G04"
"DE-INFO-6906-008","DATA_EXPORT_FIELD","cotacoes","6906","/info/__unresolved_info_field_008","UNVERIFIED_BY_INFO","NOT_PRESENT_OR_UNRESOLVED","stg.cotacoes.pending_contract_field_008","","OPACO_PRESERVADO_BLOQUEADO","G03/G04"
"DE-INFO-6906-009","DATA_EXPORT_FIELD","cotacoes","6906","/info/__unresolved_info_field_009","UNVERIFIED_BY_INFO","NOT_PRESENT_OR_UNRESOLVED","stg.cotacoes.pending_contract_field_009","","OPACO_PRESERVADO_BLOQUEADO","G03/G04"
"DE-INFO-6906-010","DATA_EXPORT_FIELD","cotacoes","6906","/info/__unresolved_info_field_010","UNVERIFIED_BY_INFO","NOT_PRESENT_OR_UNRESOLVED","stg.cotacoes.pending_contract_field_010","","OPACO_PRESERVADO_BLOQUEADO","G03/G04"
"DE-INFO-6906-011","DATA_EXPORT_FIELD","cotacoes","6906","/info/__unresolved_info_field_011","UNVERIFIED_BY_INFO","NOT_PRESENT_OR_UNRESOLVED","stg.cotacoes.pending_contract_field_011","","OPACO_PRESERVADO_BLOQUEADO","G03/G04"
"DE-INFO-6906-012","DATA_EXPORT_FIELD","cotacoes","6906","/info/__unresolved_info_field_012","UNVERIFIED_BY_INFO","NOT_PRESENT_OR_UNRESOLVED","stg.cotacoes.pending_contract_field_012","","OPACO_PRESERVADO_BLOQUEADO","G03/G04"
"DE-INFO-6906-013","DATA_EXPORT_FIELD","cotacoes","6906","/info/__unresolved_info_field_013","UNVERIFIED_BY_INFO","NOT_PRESENT_OR_UNRESOLVED","stg.cotacoes.pending_contract_field_013","","OPACO_PRESERVADO_BLOQUEADO","G03/G04"
"DE-INFO-6906-014","DATA_EXPORT_FIELD","cotacoes","6906","/info/__unresolved_info_field_014","UNVERIFIED_BY_INFO","NOT_PRESENT_OR_UNRESOLVED","stg.cotacoes.pending_contract_field_014","","OPACO_PRESERVADO_BLOQUEADO","G03/G04"
"DE-INFO-6906-015","DATA_EXPORT_FIELD","cotacoes","6906","/info/__unresolved_info_field_015","UNVERIFIED_BY_INFO","NOT_PRESENT_OR_UNRESOLVED","stg.cotacoes.pending_contract_field_015","","OPACO_PRESERVADO_BLOQUEADO","G03/G04"
"DE-INFO-6906-016","DATA_EXPORT_FIELD","cotacoes","6906","/info/__unresolved_info_field_016","UNVERIFIED_BY_INFO","NOT_PRESENT_OR_UNRESOLVED","stg.cotacoes.pending_contract_field_016","","OPACO_PRESERVADO_BLOQUEADO","G03/G04"
"DE-INFO-6906-017","DATA_EXPORT_FIELD","cotacoes","6906","/info/__unresolved_info_field_017","UNVERIFIED_BY_INFO","NOT_PRESENT_OR_UNRESOLVED","stg.cotacoes.pending_contract_field_017","","OPACO_PRESERVADO_BLOQUEADO","G03/G04"
"DE-INFO-6906-018","DATA_EXPORT_FIELD","cotacoes","6906","/info/__unresolved_info_field_018","UNVERIFIED_BY_INFO","NOT_PRESENT_OR_UNRESOLVED","stg.cotacoes.pending_contract_field_018","","OPACO_PRESERVADO_BLOQUEADO","G03/G04"
"DE-INFO-6906-019","DATA_EXPORT_FIELD","cotacoes","6906","/info/__unresolved_info_field_019","UNVERIFIED_BY_INFO","NOT_PRESENT_OR_UNRESOLVED","stg.cotacoes.pending_contract_field_019","","OPACO_PRESERVADO_BLOQUEADO","G03/G04"
"DE-INFO-6906-020","DATA_EXPORT_FIELD","cotacoes","6906","/info/__unresolved_info_field_020","UNVERIFIED_BY_INFO","NOT_PRESENT_OR_UNRESOLVED","stg.cotacoes.pending_contract_field_020","","OPACO_PRESERVADO_BLOQUEADO","G03/G04"
"DE-INFO-6906-021","DATA_EXPORT_FIELD","cotacoes","6906","/info/__unresolved_info_field_021","UNVERIFIED_BY_INFO","NOT_PRESENT_OR_UNRESOLVED","stg.cotacoes.pending_contract_field_021","","OPACO_PRESERVADO_BLOQUEADO","G03/G04"
"DE-INFO-6906-022","DATA_EXPORT_FIELD","cotacoes","6906","/info/__unresolved_info_field_022","UNVERIFIED_BY_INFO","NOT_PRESENT_OR_UNRESOLVED","stg.cotacoes.pending_contract_field_022","","OPACO_PRESERVADO_BLOQUEADO","G03/G04"
"DE-INFO-6906-023","DATA_EXPORT_FIELD","cotacoes","6906","/info/__unresolved_info_field_023","UNVERIFIED_BY_INFO","NOT_PRESENT_OR_UNRESOLVED","stg.cotacoes.pending_contract_field_023","","OPACO_PRESERVADO_BLOQUEADO","G03/G04"
"DE-INFO-6906-024","DATA_EXPORT_FIELD","cotacoes","6906","/info/__unresolved_info_field_024","UNVERIFIED_BY_INFO","NOT_PRESENT_OR_UNRESOLVED","stg.cotacoes.pending_contract_field_024","","OPACO_PRESERVADO_BLOQUEADO","G03/G04"
"DE-INFO-6906-025","DATA_EXPORT_FIELD","cotacoes","6906","/info/__unresolved_info_field_025","UNVERIFIED_BY_INFO","NOT_PRESENT_OR_UNRESOLVED","stg.cotacoes.pending_contract_field_025","","OPACO_PRESERVADO_BLOQUEADO","G03/G04"
"DE-INFO-6906-026","DATA_EXPORT_FIELD","cotacoes","6906","/info/__unresolved_info_field_026","UNVERIFIED_BY_INFO","NOT_PRESENT_OR_UNRESOLVED","stg.cotacoes.pending_contract_field_026","","OPACO_PRESERVADO_BLOQUEADO","G03/G04"
"DE-INFO-6906-027","DATA_EXPORT_FIELD","cotacoes","6906","/info/__unresolved_info_field_027","UNVERIFIED_BY_INFO","NOT_PRESENT_OR_UNRESOLVED","stg.cotacoes.pending_contract_field_027","","OPACO_PRESERVADO_BLOQUEADO","G03/G04"
"DE-INFO-6906-028","DATA_EXPORT_FIELD","cotacoes","6906","/info/__unresolved_info_field_028","UNVERIFIED_BY_INFO","NOT_PRESENT_OR_UNRESOLVED","stg.cotacoes.pending_contract_field_028","","OPACO_PRESERVADO_BLOQUEADO","G03/G04"
"DE-INFO-6906-029","DATA_EXPORT_FIELD","cotacoes","6906","/info/__unresolved_info_field_029","UNVERIFIED_BY_INFO","NOT_PRESENT_OR_UNRESOLVED","stg.cotacoes.pending_contract_field_029","","OPACO_PRESERVADO_BLOQUEADO","G03/G04"
"DE-INFO-6906-030","DATA_EXPORT_FIELD","cotacoes","6906","/info/__unresolved_info_field_030","UNVERIFIED_BY_INFO","NOT_PRESENT_OR_UNRESOLVED","stg.cotacoes.pending_contract_field_030","","OPACO_PRESERVADO_BLOQUEADO","G03/G04"
"DE-INFO-6906-031","DATA_EXPORT_FIELD","cotacoes","6906","/info/__unresolved_info_field_031","UNVERIFIED_BY_INFO","NOT_PRESENT_OR_UNRESOLVED","stg.cotacoes.pending_contract_field_031","","OPACO_PRESERVADO_BLOQUEADO","G03/G04"
"DE-INFO-6906-032","DATA_EXPORT_FIELD","cotacoes","6906","/info/__unresolved_info_field_032","UNVERIFIED_BY_INFO","NOT_PRESENT_OR_UNRESOLVED","stg.cotacoes.pending_contract_field_032","","OPACO_PRESERVADO_BLOQUEADO","G03/G04"
"DE-INFO-6906-033","DATA_EXPORT_FIELD","cotacoes","6906","/info/__unresolved_info_field_033","UNVERIFIED_BY_INFO","NOT_PRESENT_OR_UNRESOLVED","stg.cotacoes.pending_contract_field_033","","OPACO_PRESERVADO_BLOQUEADO","G03/G04"
"DE-INFO-6906-034","DATA_EXPORT_FIELD","cotacoes","6906","/info/__unresolved_info_field_034","UNVERIFIED_BY_INFO","NOT_PRESENT_OR_UNRESOLVED","stg.cotacoes.pending_contract_field_034","","OPACO_PRESERVADO_BLOQUEADO","G03/G04"
"DE-INFO-6906-035","DATA_EXPORT_FIELD","cotacoes","6906","/info/__unresolved_info_field_035","UNVERIFIED_BY_INFO","NOT_PRESENT_OR_UNRESOLVED","stg.cotacoes.pending_contract_field_035","","OPACO_PRESERVADO_BLOQUEADO","G03/G04"
"DE-INFO-6906-036","DATA_EXPORT_FIELD","cotacoes","6906","/info/__unresolved_info_field_036","UNVERIFIED_BY_INFO","NOT_PRESENT_OR_UNRESOLVED","stg.cotacoes.pending_contract_field_036","","OPACO_PRESERVADO_BLOQUEADO","G03/G04"
"DE-INFO-6906-037","DATA_EXPORT_FIELD","cotacoes","6906","/info/__unresolved_info_field_037","UNVERIFIED_BY_INFO","NOT_PRESENT_OR_UNRESOLVED","stg.cotacoes.pending_contract_field_037","","OPACO_PRESERVADO_BLOQUEADO","G03/G04"
"DE-INFO-6908-001","DATA_EXPORT_FIELD","coletas","6908","/info/__unresolved_info_field_001","UNVERIFIED_BY_INFO","NOT_PRESENT_OR_UNRESOLVED","stg.coletas.pending_contract_field_001","","OPACO_PRESERVADO_BLOQUEADO","G03/G04"
"DE-INFO-6908-002","DATA_EXPORT_FIELD","coletas","6908","/info/__unresolved_info_field_002","UNVERIFIED_BY_INFO","NOT_PRESENT_OR_UNRESOLVED","stg.coletas.pending_contract_field_002","","OPACO_PRESERVADO_BLOQUEADO","G03/G04"
"DE-INFO-6908-003","DATA_EXPORT_FIELD","coletas","6908","/info/__unresolved_info_field_003","UNVERIFIED_BY_INFO","NOT_PRESENT_OR_UNRESOLVED","stg.coletas.pending_contract_field_003","","OPACO_PRESERVADO_BLOQUEADO","G03/G04"
"DE-INFO-6908-004","DATA_EXPORT_FIELD","coletas","6908","/info/__unresolved_info_field_004","UNVERIFIED_BY_INFO","NOT_PRESENT_OR_UNRESOLVED","stg.coletas.pending_contract_field_004","","OPACO_PRESERVADO_BLOQUEADO","G03/G04"
"DE-INFO-6908-005","DATA_EXPORT_FIELD","coletas","6908","/info/__unresolved_info_field_005","UNVERIFIED_BY_INFO","NOT_PRESENT_OR_UNRESOLVED","stg.coletas.pending_contract_field_005","","OPACO_PRESERVADO_BLOQUEADO","G03/G04"
"DE-INFO-6908-006","DATA_EXPORT_FIELD","coletas","6908","/info/__unresolved_info_field_006","UNVERIFIED_BY_INFO","NOT_PRESENT_OR_UNRESOLVED","stg.coletas.pending_contract_field_006","","OPACO_PRESERVADO_BLOQUEADO","G03/G04"
"DE-INFO-6908-007","DATA_EXPORT_FIELD","coletas","6908","/info/__unresolved_info_field_007","UNVERIFIED_BY_INFO","NOT_PRESENT_OR_UNRESOLVED","stg.coletas.pending_contract_field_007","","OPACO_PRESERVADO_BLOQUEADO","G03/G04"
"DE-INFO-6908-008","DATA_EXPORT_FIELD","coletas","6908","/info/__unresolved_info_field_008","UNVERIFIED_BY_INFO","NOT_PRESENT_OR_UNRESOLVED","stg.coletas.pending_contract_field_008","","OPACO_PRESERVADO_BLOQUEADO","G03/G04"
"DE-INFO-6908-009","DATA_EXPORT_FIELD","coletas","6908","/info/__unresolved_info_field_009","UNVERIFIED_BY_INFO","NOT_PRESENT_OR_UNRESOLVED","stg.coletas.pending_contract_field_009","","OPACO_PRESERVADO_BLOQUEADO","G03/G04"
"DE-INFO-6908-010","DATA_EXPORT_FIELD","coletas","6908","/info/__unresolved_info_field_010","UNVERIFIED_BY_INFO","NOT_PRESENT_OR_UNRESOLVED","stg.coletas.pending_contract_field_010","","OPACO_PRESERVADO_BLOQUEADO","G03/G04"
"DE-INFO-6908-011","DATA_EXPORT_FIELD","coletas","6908","/info/__unresolved_info_field_011","UNVERIFIED_BY_INFO","NOT_PRESENT_OR_UNRESOLVED","stg.coletas.pending_contract_field_011","","OPACO_PRESERVADO_BLOQUEADO","G03/G04"
"DE-INFO-6908-012","DATA_EXPORT_FIELD","coletas","6908","/info/__unresolved_info_field_012","UNVERIFIED_BY_INFO","NOT_PRESENT_OR_UNRESOLVED","stg.coletas.pending_contract_field_012","","OPACO_PRESERVADO_BLOQUEADO","G03/G04"
"DE-INFO-6908-013","DATA_EXPORT_FIELD","coletas","6908","/info/__unresolved_info_field_013","UNVERIFIED_BY_INFO","NOT_PRESENT_OR_UNRESOLVED","stg.coletas.pending_contract_field_013","","OPACO_PRESERVADO_BLOQUEADO","G03/G04"
"DE-INFO-6908-014","DATA_EXPORT_FIELD","coletas","6908","/info/__unresolved_info_field_014","UNVERIFIED_BY_INFO","NOT_PRESENT_OR_UNRESOLVED","stg.coletas.pending_contract_field_014","","OPACO_PRESERVADO_BLOQUEADO","G03/G04"
"DE-INFO-6908-015","DATA_EXPORT_FIELD","coletas","6908","/info/__unresolved_info_field_015","UNVERIFIED_BY_INFO","NOT_PRESENT_OR_UNRESOLVED","stg.coletas.pending_contract_field_015","","OPACO_PRESERVADO_BLOQUEADO","G03/G04"
"DE-INFO-6908-016","DATA_EXPORT_FIELD","coletas","6908","/info/__unresolved_info_field_016","UNVERIFIED_BY_INFO","NOT_PRESENT_OR_UNRESOLVED","stg.coletas.pending_contract_field_016","","OPACO_PRESERVADO_BLOQUEADO","G03/G04"
"DE-INFO-6908-017","DATA_EXPORT_FIELD","coletas","6908","/info/__unresolved_info_field_017","UNVERIFIED_BY_INFO","NOT_PRESENT_OR_UNRESOLVED","stg.coletas.pending_contract_field_017","","OPACO_PRESERVADO_BLOQUEADO","G03/G04"
"DE-INFO-6908-018","DATA_EXPORT_FIELD","coletas","6908","/info/__unresolved_info_field_018","UNVERIFIED_BY_INFO","NOT_PRESENT_OR_UNRESOLVED","stg.coletas.pending_contract_field_018","","OPACO_PRESERVADO_BLOQUEADO","G03/G04"
"DE-INFO-6908-019","DATA_EXPORT_FIELD","coletas","6908","/info/__unresolved_info_field_019","UNVERIFIED_BY_INFO","NOT_PRESENT_OR_UNRESOLVED","stg.coletas.pending_contract_field_019","","OPACO_PRESERVADO_BLOQUEADO","G03/G04"
"DE-INFO-6908-020","DATA_EXPORT_FIELD","coletas","6908","/info/__unresolved_info_field_020","UNVERIFIED_BY_INFO","NOT_PRESENT_OR_UNRESOLVED","stg.coletas.pending_contract_field_020","","OPACO_PRESERVADO_BLOQUEADO","G03/G04"
"DE-INFO-6908-021","DATA_EXPORT_FIELD","coletas","6908","/info/__unresolved_info_field_021","UNVERIFIED_BY_INFO","NOT_PRESENT_OR_UNRESOLVED","stg.coletas.pending_contract_field_021","","OPACO_PRESERVADO_BLOQUEADO","G03/G04"
"DE-INFO-6908-022","DATA_EXPORT_FIELD","coletas","6908","/info/__unresolved_info_field_022","UNVERIFIED_BY_INFO","NOT_PRESENT_OR_UNRESOLVED","stg.coletas.pending_contract_field_022","","OPACO_PRESERVADO_BLOQUEADO","G03/G04"
"DE-INFO-6908-023","DATA_EXPORT_FIELD","coletas","6908","/info/__unresolved_info_field_023","UNVERIFIED_BY_INFO","NOT_PRESENT_OR_UNRESOLVED","stg.coletas.pending_contract_field_023","","OPACO_PRESERVADO_BLOQUEADO","G03/G04"
"DE-INFO-6908-024","DATA_EXPORT_FIELD","coletas","6908","/info/__unresolved_info_field_024","UNVERIFIED_BY_INFO","NOT_PRESENT_OR_UNRESOLVED","stg.coletas.pending_contract_field_024","","OPACO_PRESERVADO_BLOQUEADO","G03/G04"
"DE-INFO-6908-025","DATA_EXPORT_FIELD","coletas","6908","/info/__unresolved_info_field_025","UNVERIFIED_BY_INFO","NOT_PRESENT_OR_UNRESOLVED","stg.coletas.pending_contract_field_025","","OPACO_PRESERVADO_BLOQUEADO","G03/G04"
"DE-INFO-6908-026","DATA_EXPORT_FIELD","coletas","6908","/info/__unresolved_info_field_026","UNVERIFIED_BY_INFO","NOT_PRESENT_OR_UNRESOLVED","stg.coletas.pending_contract_field_026","","OPACO_PRESERVADO_BLOQUEADO","G03/G04"
"DE-INFO-6908-027","DATA_EXPORT_FIELD","coletas","6908","/info/__unresolved_info_field_027","UNVERIFIED_BY_INFO","NOT_PRESENT_OR_UNRESOLVED","stg.coletas.pending_contract_field_027","","OPACO_PRESERVADO_BLOQUEADO","G03/G04"
"DE-INFO-6908-028","DATA_EXPORT_FIELD","coletas","6908","/info/__unresolved_info_field_028","UNVERIFIED_BY_INFO","NOT_PRESENT_OR_UNRESOLVED","stg.coletas.pending_contract_field_028","","OPACO_PRESERVADO_BLOQUEADO","G03/G04"
"DE-INFO-6908-029","DATA_EXPORT_FIELD","coletas","6908","/info/__unresolved_info_field_029","UNVERIFIED_BY_INFO","NOT_PRESENT_OR_UNRESOLVED","stg.coletas.pending_contract_field_029","","OPACO_PRESERVADO_BLOQUEADO","G03/G04"
"DE-INFO-6908-030","DATA_EXPORT_FIELD","coletas","6908","/info/__unresolved_info_field_030","UNVERIFIED_BY_INFO","NOT_PRESENT_OR_UNRESOLVED","stg.coletas.pending_contract_field_030","","OPACO_PRESERVADO_BLOQUEADO","G03/G04"
"DE-INFO-6908-031","DATA_EXPORT_FIELD","coletas","6908","/info/__unresolved_info_field_031","UNVERIFIED_BY_INFO","NOT_PRESENT_OR_UNRESOLVED","stg.coletas.pending_contract_field_031","","OPACO_PRESERVADO_BLOQUEADO","G03/G04"
"DE-INFO-8636-001","DATA_EXPORT_FIELD","contas_a_pagar","8636","/info/__unresolved_info_field_001","UNVERIFIED_BY_INFO","NOT_PRESENT_OR_UNRESOLVED","stg.contas_a_pagar.pending_contract_field_001","","OPACO_PRESERVADO_BLOQUEADO","G03/G04"
"DE-INFO-8636-002","DATA_EXPORT_FIELD","contas_a_pagar","8636","/info/__unresolved_info_field_002","UNVERIFIED_BY_INFO","NOT_PRESENT_OR_UNRESOLVED","stg.contas_a_pagar.pending_contract_field_002","","OPACO_PRESERVADO_BLOQUEADO","G03/G04"
"DE-INFO-8636-003","DATA_EXPORT_FIELD","contas_a_pagar","8636","/info/__unresolved_info_field_003","UNVERIFIED_BY_INFO","NOT_PRESENT_OR_UNRESOLVED","stg.contas_a_pagar.pending_contract_field_003","","OPACO_PRESERVADO_BLOQUEADO","G03/G04"
"DE-INFO-8636-004","DATA_EXPORT_FIELD","contas_a_pagar","8636","/info/__unresolved_info_field_004","UNVERIFIED_BY_INFO","NOT_PRESENT_OR_UNRESOLVED","stg.contas_a_pagar.pending_contract_field_004","","OPACO_PRESERVADO_BLOQUEADO","G03/G04"
"DE-INFO-8636-005","DATA_EXPORT_FIELD","contas_a_pagar","8636","/info/__unresolved_info_field_005","UNVERIFIED_BY_INFO","NOT_PRESENT_OR_UNRESOLVED","stg.contas_a_pagar.pending_contract_field_005","","OPACO_PRESERVADO_BLOQUEADO","G03/G04"
"DE-INFO-8636-006","DATA_EXPORT_FIELD","contas_a_pagar","8636","/info/__unresolved_info_field_006","UNVERIFIED_BY_INFO","NOT_PRESENT_OR_UNRESOLVED","stg.contas_a_pagar.pending_contract_field_006","","OPACO_PRESERVADO_BLOQUEADO","G03/G04"
"DE-INFO-8636-007","DATA_EXPORT_FIELD","contas_a_pagar","8636","/info/__unresolved_info_field_007","UNVERIFIED_BY_INFO","NOT_PRESENT_OR_UNRESOLVED","stg.contas_a_pagar.pending_contract_field_007","","OPACO_PRESERVADO_BLOQUEADO","G03/G04"
"DE-INFO-8636-008","DATA_EXPORT_FIELD","contas_a_pagar","8636","/info/__unresolved_info_field_008","UNVERIFIED_BY_INFO","NOT_PRESENT_OR_UNRESOLVED","stg.contas_a_pagar.pending_contract_field_008","","OPACO_PRESERVADO_BLOQUEADO","G03/G04"
"DE-INFO-8636-009","DATA_EXPORT_FIELD","contas_a_pagar","8636","/info/__unresolved_info_field_009","UNVERIFIED_BY_INFO","NOT_PRESENT_OR_UNRESOLVED","stg.contas_a_pagar.pending_contract_field_009","","OPACO_PRESERVADO_BLOQUEADO","G03/G04"
"DE-INFO-8636-010","DATA_EXPORT_FIELD","contas_a_pagar","8636","/info/__unresolved_info_field_010","UNVERIFIED_BY_INFO","NOT_PRESENT_OR_UNRESOLVED","stg.contas_a_pagar.pending_contract_field_010","","OPACO_PRESERVADO_BLOQUEADO","G03/G04"
"DE-INFO-8636-011","DATA_EXPORT_FIELD","contas_a_pagar","8636","/info/__unresolved_info_field_011","UNVERIFIED_BY_INFO","NOT_PRESENT_OR_UNRESOLVED","stg.contas_a_pagar.pending_contract_field_011","","OPACO_PRESERVADO_BLOQUEADO","G03/G04"
"DE-INFO-8636-012","DATA_EXPORT_FIELD","contas_a_pagar","8636","/info/__unresolved_info_field_012","UNVERIFIED_BY_INFO","NOT_PRESENT_OR_UNRESOLVED","stg.contas_a_pagar.pending_contract_field_012","","OPACO_PRESERVADO_BLOQUEADO","G03/G04"
"DE-INFO-8636-013","DATA_EXPORT_FIELD","contas_a_pagar","8636","/info/__unresolved_info_field_013","UNVERIFIED_BY_INFO","NOT_PRESENT_OR_UNRESOLVED","stg.contas_a_pagar.pending_contract_field_013","","OPACO_PRESERVADO_BLOQUEADO","G03/G04"
"DE-INFO-8636-014","DATA_EXPORT_FIELD","contas_a_pagar","8636","/info/__unresolved_info_field_014","UNVERIFIED_BY_INFO","NOT_PRESENT_OR_UNRESOLVED","stg.contas_a_pagar.pending_contract_field_014","","OPACO_PRESERVADO_BLOQUEADO","G03/G04"
"DE-INFO-8636-015","DATA_EXPORT_FIELD","contas_a_pagar","8636","/info/__unresolved_info_field_015","UNVERIFIED_BY_INFO","NOT_PRESENT_OR_UNRESOLVED","stg.contas_a_pagar.pending_contract_field_015","","OPACO_PRESERVADO_BLOQUEADO","G03/G04"
"DE-INFO-8636-016","DATA_EXPORT_FIELD","contas_a_pagar","8636","/info/__unresolved_info_field_016","UNVERIFIED_BY_INFO","NOT_PRESENT_OR_UNRESOLVED","stg.contas_a_pagar.pending_contract_field_016","","OPACO_PRESERVADO_BLOQUEADO","G03/G04"
"DE-INFO-8636-017","DATA_EXPORT_FIELD","contas_a_pagar","8636","/info/__unresolved_info_field_017","UNVERIFIED_BY_INFO","NOT_PRESENT_OR_UNRESOLVED","stg.contas_a_pagar.pending_contract_field_017","","OPACO_PRESERVADO_BLOQUEADO","G03/G04"
"DE-INFO-8636-018","DATA_EXPORT_FIELD","contas_a_pagar","8636","/info/__unresolved_info_field_018","UNVERIFIED_BY_INFO","NOT_PRESENT_OR_UNRESOLVED","stg.contas_a_pagar.pending_contract_field_018","","OPACO_PRESERVADO_BLOQUEADO","G03/G04"
"DE-INFO-8636-019","DATA_EXPORT_FIELD","contas_a_pagar","8636","/info/__unresolved_info_field_019","UNVERIFIED_BY_INFO","NOT_PRESENT_OR_UNRESOLVED","stg.contas_a_pagar.pending_contract_field_019","","OPACO_PRESERVADO_BLOQUEADO","G03/G04"
"DE-INFO-8636-020","DATA_EXPORT_FIELD","contas_a_pagar","8636","/info/__unresolved_info_field_020","UNVERIFIED_BY_INFO","NOT_PRESENT_OR_UNRESOLVED","stg.contas_a_pagar.pending_contract_field_020","","OPACO_PRESERVADO_BLOQUEADO","G03/G04"
"DE-INFO-8636-021","DATA_EXPORT_FIELD","contas_a_pagar","8636","/info/__unresolved_info_field_021","UNVERIFIED_BY_INFO","NOT_PRESENT_OR_UNRESOLVED","stg.contas_a_pagar.pending_contract_field_021","","OPACO_PRESERVADO_BLOQUEADO","G03/G04"
"DE-INFO-8636-022","DATA_EXPORT_FIELD","contas_a_pagar","8636","/info/__unresolved_info_field_022","UNVERIFIED_BY_INFO","NOT_PRESENT_OR_UNRESOLVED","stg.contas_a_pagar.pending_contract_field_022","","OPACO_PRESERVADO_BLOQUEADO","G03/G04"
"DE-INFO-8636-023","DATA_EXPORT_FIELD","contas_a_pagar","8636","/info/__unresolved_info_field_023","UNVERIFIED_BY_INFO","NOT_PRESENT_OR_UNRESOLVED","stg.contas_a_pagar.pending_contract_field_023","","OPACO_PRESERVADO_BLOQUEADO","G03/G04"
"DE-INFO-8636-024","DATA_EXPORT_FIELD","contas_a_pagar","8636","/info/__unresolved_info_field_024","UNVERIFIED_BY_INFO","NOT_PRESENT_OR_UNRESOLVED","stg.contas_a_pagar.pending_contract_field_024","","OPACO_PRESERVADO_BLOQUEADO","G03/G04"
"DE-INFO-8636-025","DATA_EXPORT_FIELD","contas_a_pagar","8636","/info/__unresolved_info_field_025","UNVERIFIED_BY_INFO","NOT_PRESENT_OR_UNRESOLVED","stg.contas_a_pagar.pending_contract_field_025","","OPACO_PRESERVADO_BLOQUEADO","G03/G04"
"DE-INFO-8636-026","DATA_EXPORT_FIELD","contas_a_pagar","8636","/info/__unresolved_info_field_026","UNVERIFIED_BY_INFO","NOT_PRESENT_OR_UNRESOLVED","stg.contas_a_pagar.pending_contract_field_026","","OPACO_PRESERVADO_BLOQUEADO","G03/G04"
"DE-INFO-8636-027","DATA_EXPORT_FIELD","contas_a_pagar","8636","/info/__unresolved_info_field_027","UNVERIFIED_BY_INFO","NOT_PRESENT_OR_UNRESOLVED","stg.contas_a_pagar.pending_contract_field_027","","OPACO_PRESERVADO_BLOQUEADO","G03/G04"
"DE-INFO-8636-028","DATA_EXPORT_FIELD","contas_a_pagar","8636","/info/__unresolved_info_field_028","UNVERIFIED_BY_INFO","NOT_PRESENT_OR_UNRESOLVED","stg.contas_a_pagar.pending_contract_field_028","","OPACO_PRESERVADO_BLOQUEADO","G03/G04"
"DE-INFO-8656-001","DATA_EXPORT_FIELD","localizacao_cargas","8656","/info/__unresolved_info_field_001","UNVERIFIED_BY_INFO","NOT_PRESENT_OR_UNRESOLVED","stg.localizacao_cargas.pending_contract_field_001","","OPACO_PRESERVADO_BLOQUEADO","G03/G04"
"DE-INFO-8656-002","DATA_EXPORT_FIELD","localizacao_cargas","8656","/info/__unresolved_info_field_002","UNVERIFIED_BY_INFO","NOT_PRESENT_OR_UNRESOLVED","stg.localizacao_cargas.pending_contract_field_002","","OPACO_PRESERVADO_BLOQUEADO","G03/G04"
"DE-INFO-8656-003","DATA_EXPORT_FIELD","localizacao_cargas","8656","/info/__unresolved_info_field_003","UNVERIFIED_BY_INFO","NOT_PRESENT_OR_UNRESOLVED","stg.localizacao_cargas.pending_contract_field_003","","OPACO_PRESERVADO_BLOQUEADO","G03/G04"
"DE-INFO-8656-004","DATA_EXPORT_FIELD","localizacao_cargas","8656","/info/__unresolved_info_field_004","UNVERIFIED_BY_INFO","NOT_PRESENT_OR_UNRESOLVED","stg.localizacao_cargas.pending_contract_field_004","","OPACO_PRESERVADO_BLOQUEADO","G03/G04"
"DE-INFO-8656-005","DATA_EXPORT_FIELD","localizacao_cargas","8656","/info/__unresolved_info_field_005","UNVERIFIED_BY_INFO","NOT_PRESENT_OR_UNRESOLVED","stg.localizacao_cargas.pending_contract_field_005","","OPACO_PRESERVADO_BLOQUEADO","G03/G04"
"DE-INFO-8656-006","DATA_EXPORT_FIELD","localizacao_cargas","8656","/info/__unresolved_info_field_006","UNVERIFIED_BY_INFO","NOT_PRESENT_OR_UNRESOLVED","stg.localizacao_cargas.pending_contract_field_006","","OPACO_PRESERVADO_BLOQUEADO","G03/G04"
"DE-INFO-8656-007","DATA_EXPORT_FIELD","localizacao_cargas","8656","/info/__unresolved_info_field_007","UNVERIFIED_BY_INFO","NOT_PRESENT_OR_UNRESOLVED","stg.localizacao_cargas.pending_contract_field_007","","OPACO_PRESERVADO_BLOQUEADO","G03/G04"
"DE-INFO-8656-008","DATA_EXPORT_FIELD","localizacao_cargas","8656","/info/__unresolved_info_field_008","UNVERIFIED_BY_INFO","NOT_PRESENT_OR_UNRESOLVED","stg.localizacao_cargas.pending_contract_field_008","","OPACO_PRESERVADO_BLOQUEADO","G03/G04"
"DE-INFO-8656-009","DATA_EXPORT_FIELD","localizacao_cargas","8656","/info/__unresolved_info_field_009","UNVERIFIED_BY_INFO","NOT_PRESENT_OR_UNRESOLVED","stg.localizacao_cargas.pending_contract_field_009","","OPACO_PRESERVADO_BLOQUEADO","G03/G04"
"DE-INFO-8656-010","DATA_EXPORT_FIELD","localizacao_cargas","8656","/info/__unresolved_info_field_010","UNVERIFIED_BY_INFO","NOT_PRESENT_OR_UNRESOLVED","stg.localizacao_cargas.pending_contract_field_010","","OPACO_PRESERVADO_BLOQUEADO","G03/G04"
"DE-INFO-8656-011","DATA_EXPORT_FIELD","localizacao_cargas","8656","/info/__unresolved_info_field_011","UNVERIFIED_BY_INFO","NOT_PRESENT_OR_UNRESOLVED","stg.localizacao_cargas.pending_contract_field_011","","OPACO_PRESERVADO_BLOQUEADO","G03/G04"
"DE-INFO-8656-012","DATA_EXPORT_FIELD","localizacao_cargas","8656","/info/__unresolved_info_field_012","UNVERIFIED_BY_INFO","NOT_PRESENT_OR_UNRESOLVED","stg.localizacao_cargas.pending_contract_field_012","","OPACO_PRESERVADO_BLOQUEADO","G03/G04"
"DE-INFO-8656-013","DATA_EXPORT_FIELD","localizacao_cargas","8656","/info/__unresolved_info_field_013","UNVERIFIED_BY_INFO","NOT_PRESENT_OR_UNRESOLVED","stg.localizacao_cargas.pending_contract_field_013","","OPACO_PRESERVADO_BLOQUEADO","G03/G04"
"DE-INFO-8656-014","DATA_EXPORT_FIELD","localizacao_cargas","8656","/info/__unresolved_info_field_014","UNVERIFIED_BY_INFO","NOT_PRESENT_OR_UNRESOLVED","stg.localizacao_cargas.pending_contract_field_014","","OPACO_PRESERVADO_BLOQUEADO","G03/G04"
"DE-INFO-8656-015","DATA_EXPORT_FIELD","localizacao_cargas","8656","/info/__unresolved_info_field_015","UNVERIFIED_BY_INFO","NOT_PRESENT_OR_UNRESOLVED","stg.localizacao_cargas.pending_contract_field_015","","OPACO_PRESERVADO_BLOQUEADO","G03/G04"
"DE-INFO-8656-016","DATA_EXPORT_FIELD","localizacao_cargas","8656","/info/__unresolved_info_field_016","UNVERIFIED_BY_INFO","NOT_PRESENT_OR_UNRESOLVED","stg.localizacao_cargas.pending_contract_field_016","","OPACO_PRESERVADO_BLOQUEADO","G03/G04"
"DE-INFO-8656-017","DATA_EXPORT_FIELD","localizacao_cargas","8656","/info/__unresolved_info_field_017","UNVERIFIED_BY_INFO","NOT_PRESENT_OR_UNRESOLVED","stg.localizacao_cargas.pending_contract_field_017","","OPACO_PRESERVADO_BLOQUEADO","G03/G04"
"DE-INFO-8656-018","DATA_EXPORT_FIELD","localizacao_cargas","8656","/info/__unresolved_info_field_018","UNVERIFIED_BY_INFO","NOT_PRESENT_OR_UNRESOLVED","stg.localizacao_cargas.pending_contract_field_018","","OPACO_PRESERVADO_BLOQUEADO","G03/G04"
"DE-INFO-8656-019","DATA_EXPORT_FIELD","localizacao_cargas","8656","/info/__unresolved_info_field_019","UNVERIFIED_BY_INFO","NOT_PRESENT_OR_UNRESOLVED","stg.localizacao_cargas.pending_contract_field_019","","OPACO_PRESERVADO_BLOQUEADO","G03/G04"
"DE-INFO-8656-020","DATA_EXPORT_FIELD","localizacao_cargas","8656","/info/__unresolved_info_field_020","UNVERIFIED_BY_INFO","NOT_PRESENT_OR_UNRESOLVED","stg.localizacao_cargas.pending_contract_field_020","","OPACO_PRESERVADO_BLOQUEADO","G03/G04"
"DE-INFO-8656-021","DATA_EXPORT_FIELD","localizacao_cargas","8656","/info/__unresolved_info_field_021","UNVERIFIED_BY_INFO","NOT_PRESENT_OR_UNRESOLVED","stg.localizacao_cargas.pending_contract_field_021","","OPACO_PRESERVADO_BLOQUEADO","G03/G04"
"DE-INFO-8656-022","DATA_EXPORT_FIELD","localizacao_cargas","8656","/info/__unresolved_info_field_022","UNVERIFIED_BY_INFO","NOT_PRESENT_OR_UNRESOLVED","stg.localizacao_cargas.pending_contract_field_022","","OPACO_PRESERVADO_BLOQUEADO","G03/G04"
"DE-INFO-8656-023","DATA_EXPORT_FIELD","localizacao_cargas","8656","/info/__unresolved_info_field_023","UNVERIFIED_BY_INFO","NOT_PRESENT_OR_UNRESOLVED","stg.localizacao_cargas.pending_contract_field_023","","OPACO_PRESERVADO_BLOQUEADO","G03/G04"
"DE-INFO-8656-024","DATA_EXPORT_FIELD","localizacao_cargas","8656","/info/__unresolved_info_field_024","UNVERIFIED_BY_INFO","NOT_PRESENT_OR_UNRESOLVED","stg.localizacao_cargas.pending_contract_field_024","","OPACO_PRESERVADO_BLOQUEADO","G03/G04"
"GQL-0001","GRAPHQL_SELECTION","coletas","QUERY_COLETAS","pick.edges.cursor","GRAPHQL_TYPE_UNVERIFIED","NOT_PRESENT_OR_UNRESOLVED","ctl.source_cursor_evidence","","VINCULO_INDIVIDUAL_CONDICIONADO","G03/G04"
"GQL-0002","GRAPHQL_SELECTION","coletas","QUERY_COLETAS","pick.edges.node.id","GRAPHQL_TYPE_UNVERIFIED","NOT_PRESENT_OR_UNRESOLVED","stg.coletas.sidecar_id","","TRANSITORIO_COM_SAIDA_GOVERNADA","G03/G04"
"GQL-0003","GRAPHQL_SELECTION","coletas","QUERY_COLETAS","pick.edges.node.status","GRAPHQL_TYPE_UNVERIFIED","NOT_PRESENT_OR_UNRESOLVED","stg.coletas.sidecar_status","","VINCULO_INDIVIDUAL_CONDICIONADO","G03/G04"
"GQL-0004","GRAPHQL_SELECTION","coletas","QUERY_COLETAS","pick.edges.node.requestDate","GRAPHQL_TYPE_UNVERIFIED","NOT_PRESENT_OR_UNRESOLVED","stg.coletas.sidecar_requestdate","","VINCULO_INDIVIDUAL_CONDICIONADO","G03/G04"
"GQL-0005","GRAPHQL_SELECTION","coletas","QUERY_COLETAS","pick.edges.node.serviceDate","GRAPHQL_TYPE_UNVERIFIED","NOT_PRESENT_OR_UNRESOLVED","stg.coletas.sidecar_servicedate","","VINCULO_INDIVIDUAL_CONDICIONADO","G03/G04"
"GQL-0006","GRAPHQL_SELECTION","coletas","QUERY_COLETAS","pick.edges.node.sequenceCode","GRAPHQL_TYPE_UNVERIFIED","NOT_PRESENT_OR_UNRESOLVED","stg.coletas.sidecar_sequencecode","","TRANSITORIO_COM_SAIDA_GOVERNADA","G03/G04"
"GQL-0007","GRAPHQL_SELECTION","coletas","QUERY_COLETAS","pick.edges.node.requestHour","GRAPHQL_TYPE_UNVERIFIED","NOT_PRESENT_OR_UNRESOLVED","stg.coletas.sidecar_requesthour","","VINCULO_INDIVIDUAL_CONDICIONADO","G03/G04"
"GQL-0008","GRAPHQL_SELECTION","coletas","QUERY_COLETAS","pick.edges.node.serviceStartHour","GRAPHQL_TYPE_UNVERIFIED","NOT_PRESENT_OR_UNRESOLVED","stg.coletas.sidecar_servicestarthour","","VINCULO_INDIVIDUAL_CONDICIONADO","G03/G04"
"GQL-0009","GRAPHQL_SELECTION","coletas","QUERY_COLETAS","pick.edges.node.finishDate","GRAPHQL_TYPE_UNVERIFIED","NOT_PRESENT_OR_UNRESOLVED","stg.coletas.sidecar_finishdate","","VINCULO_INDIVIDUAL_CONDICIONADO","G03/G04"
"GQL-0010","GRAPHQL_SELECTION","coletas","QUERY_COLETAS","pick.edges.node.serviceEndHour","GRAPHQL_TYPE_UNVERIFIED","NOT_PRESENT_OR_UNRESOLVED","stg.coletas.sidecar_serviceendhour","","VINCULO_INDIVIDUAL_CONDICIONADO","G03/G04"
"GQL-0011","GRAPHQL_SELECTION","coletas","QUERY_COLETAS","pick.edges.node.requester","GRAPHQL_TYPE_UNVERIFIED","NOT_PRESENT_OR_UNRESOLVED","stg.coletas.sidecar_requester","","VINCULO_INDIVIDUAL_CONDICIONADO","G03/G04"
"GQL-0012","GRAPHQL_SELECTION","coletas","QUERY_COLETAS","pick.edges.node.corporation.id","GRAPHQL_TYPE_UNVERIFIED","NOT_PRESENT_OR_UNRESOLVED","crosswalk.coletas.alias_corporation_id","","VINCULO_INDIVIDUAL_CONDICIONADO","G03/G04"
"GQL-0013","GRAPHQL_SELECTION","coletas","QUERY_COLETAS","pick.edges.node.corporation.person.nickname","GRAPHQL_TYPE_UNVERIFIED","NOT_PRESENT_OR_UNRESOLVED","stg.coletas.sidecar_corporation_person_nickname","","VINCULO_INDIVIDUAL_CONDICIONADO","G03/G04"
"GQL-0014","GRAPHQL_SELECTION","coletas","QUERY_COLETAS","pick.edges.node.corporation.person.cnpj","GRAPHQL_TYPE_UNVERIFIED","NOT_PRESENT_OR_UNRESOLVED","stg.coletas.sidecar_corporation_person_cnpj","","VINCULO_INDIVIDUAL_CONDICIONADO","G03/G04"
"GQL-0015","GRAPHQL_SELECTION","coletas","QUERY_COLETAS","pick.edges.node.customer.id","GRAPHQL_TYPE_UNVERIFIED","NOT_PRESENT_OR_UNRESOLVED","crosswalk.coletas.alias_customer_id","","VINCULO_INDIVIDUAL_CONDICIONADO","G03/G04"
"GQL-0016","GRAPHQL_SELECTION","coletas","QUERY_COLETAS","pick.edges.node.customer.name","GRAPHQL_TYPE_UNVERIFIED","NOT_PRESENT_OR_UNRESOLVED","stg.coletas.sidecar_customer_name","","VINCULO_INDIVIDUAL_CONDICIONADO","G03/G04"
"GQL-0017","GRAPHQL_SELECTION","coletas","QUERY_COLETAS","pick.edges.node.customer.cnpj","GRAPHQL_TYPE_UNVERIFIED","NOT_PRESENT_OR_UNRESOLVED","stg.coletas.sidecar_customer_cnpj","","VINCULO_INDIVIDUAL_CONDICIONADO","G03/G04"
"GQL-0018","GRAPHQL_SELECTION","coletas","QUERY_COLETAS","pick.edges.node.pickAddress.line1","GRAPHQL_TYPE_UNVERIFIED","NOT_PRESENT_OR_UNRESOLVED","stg.coletas.sidecar_pickaddress_line1","","VINCULO_INDIVIDUAL_CONDICIONADO","G03/G04"
"GQL-0019","GRAPHQL_SELECTION","coletas","QUERY_COLETAS","pick.edges.node.pickAddress.line2","GRAPHQL_TYPE_UNVERIFIED","NOT_PRESENT_OR_UNRESOLVED","stg.coletas.sidecar_pickaddress_line2","","VINCULO_INDIVIDUAL_CONDICIONADO","G03/G04"
"GQL-0020","GRAPHQL_SELECTION","coletas","QUERY_COLETAS","pick.edges.node.pickAddress.number","GRAPHQL_TYPE_UNVERIFIED","NOT_PRESENT_OR_UNRESOLVED","stg.coletas.sidecar_pickaddress_number","","VINCULO_INDIVIDUAL_CONDICIONADO","G03/G04"
"GQL-0021","GRAPHQL_SELECTION","coletas","QUERY_COLETAS","pick.edges.node.pickAddress.neighborhood","GRAPHQL_TYPE_UNVERIFIED","NOT_PRESENT_OR_UNRESOLVED","stg.coletas.sidecar_pickaddress_neighborhood","","VINCULO_INDIVIDUAL_CONDICIONADO","G03/G04"
"GQL-0022","GRAPHQL_SELECTION","coletas","QUERY_COLETAS","pick.edges.node.pickAddress.postalCode","GRAPHQL_TYPE_UNVERIFIED","NOT_PRESENT_OR_UNRESOLVED","stg.coletas.sidecar_pickaddress_postalcode","","VINCULO_INDIVIDUAL_CONDICIONADO","G03/G04"
"GQL-0023","GRAPHQL_SELECTION","coletas","QUERY_COLETAS","pick.edges.node.pickAddress.city.name","GRAPHQL_TYPE_UNVERIFIED","NOT_PRESENT_OR_UNRESOLVED","stg.coletas.sidecar_pickaddress_city_name","","VINCULO_INDIVIDUAL_CONDICIONADO","G03/G04"
"GQL-0024","GRAPHQL_SELECTION","coletas","QUERY_COLETAS","pick.edges.node.pickAddress.city.state.code","GRAPHQL_TYPE_UNVERIFIED","NOT_PRESENT_OR_UNRESOLVED","stg.coletas.sidecar_pickaddress_city_state_code","","VINCULO_INDIVIDUAL_CONDICIONADO","G03/G04"
"GQL-0025","GRAPHQL_SELECTION","coletas","QUERY_COLETAS","pick.edges.node.invoicesValue","GRAPHQL_TYPE_UNVERIFIED","NOT_PRESENT_OR_UNRESOLVED","stg.coletas.sidecar_invoicesvalue","","VINCULO_INDIVIDUAL_CONDICIONADO","G03/G04"
"GQL-0026","GRAPHQL_SELECTION","coletas","QUERY_COLETAS","pick.edges.node.invoicesWeight","GRAPHQL_TYPE_UNVERIFIED","NOT_PRESENT_OR_UNRESOLVED","stg.coletas.sidecar_invoicesweight","","VINCULO_INDIVIDUAL_CONDICIONADO","G03/G04"
"GQL-0027","GRAPHQL_SELECTION","coletas","QUERY_COLETAS","pick.edges.node.taxedWeight","GRAPHQL_TYPE_UNVERIFIED","NOT_PRESENT_OR_UNRESOLVED","stg.coletas.sidecar_taxedweight","","VINCULO_INDIVIDUAL_CONDICIONADO","G03/G04"
"GQL-0028","GRAPHQL_SELECTION","coletas","QUERY_COLETAS","pick.edges.node.invoicesVolumes","GRAPHQL_TYPE_UNVERIFIED","NOT_PRESENT_OR_UNRESOLVED","stg.coletas.sidecar_invoicesvolumes","","VINCULO_INDIVIDUAL_CONDICIONADO","G03/G04"
"GQL-0029","GRAPHQL_SELECTION","coletas","QUERY_COLETAS","pick.edges.node.user.id","GRAPHQL_TYPE_UNVERIFIED","NOT_PRESENT_OR_UNRESOLVED","crosswalk.coletas.alias_user_id","","VINCULO_INDIVIDUAL_CONDICIONADO","G03/G04"
"GQL-0030","GRAPHQL_SELECTION","coletas","QUERY_COLETAS","pick.edges.node.user.name","GRAPHQL_TYPE_UNVERIFIED","NOT_PRESENT_OR_UNRESOLVED","stg.coletas.sidecar_user_name","","VINCULO_INDIVIDUAL_CONDICIONADO","G03/G04"
"GQL-0031","GRAPHQL_SELECTION","coletas","QUERY_COLETAS","pick.edges.node.comments","GRAPHQL_TYPE_UNVERIFIED","NOT_PRESENT_OR_UNRESOLVED","stg.coletas.sidecar_comments","","VINCULO_INDIVIDUAL_CONDICIONADO","G03/G04"
"GQL-0032","GRAPHQL_SELECTION","coletas","QUERY_COLETAS","pick.edges.node.agentId","GRAPHQL_TYPE_UNVERIFIED","NOT_PRESENT_OR_UNRESOLVED","stg.coletas.sidecar_agentid","","VINCULO_INDIVIDUAL_CONDICIONADO","G03/G04"
"GQL-0033","GRAPHQL_SELECTION","coletas","QUERY_COLETAS","pick.edges.node.manifestItemPickId","GRAPHQL_TYPE_UNVERIFIED","NOT_PRESENT_OR_UNRESOLVED","stg.coletas.sidecar_manifestitempickid","","VINCULO_INDIVIDUAL_CONDICIONADO","G03/G04"
"GQL-0034","GRAPHQL_SELECTION","coletas","QUERY_COLETAS","pick.edges.node.pickItems.id","GRAPHQL_TYPE_UNVERIFIED","NOT_PRESENT_OR_UNRESOLVED","crosswalk.coletas.pending_relation_pickitems_id","","TRANSITORIO_COM_SAIDA_GOVERNADA","G03/G04"
"GQL-0035","GRAPHQL_SELECTION","coletas","QUERY_COLETAS","pick.edges.node.vehicleTypeId","GRAPHQL_TYPE_UNVERIFIED","NOT_PRESENT_OR_UNRESOLVED","stg.coletas.sidecar_vehicletypeid","","VINCULO_INDIVIDUAL_CONDICIONADO","G03/G04"
"GQL-0036","GRAPHQL_SELECTION","coletas","QUERY_COLETAS","pick.edges.node.invoicesCubedWeight","GRAPHQL_TYPE_UNVERIFIED","NOT_PRESENT_OR_UNRESOLVED","stg.coletas.sidecar_invoicescubedweight","","VINCULO_INDIVIDUAL_CONDICIONADO","G03/G04"
"GQL-0037","GRAPHQL_SELECTION","coletas","QUERY_COLETAS","pick.edges.node.cancellationReason","GRAPHQL_TYPE_UNVERIFIED","NOT_PRESENT_OR_UNRESOLVED","stg.coletas.sidecar_cancellationreason","","VINCULO_INDIVIDUAL_CONDICIONADO","G03/G04"
"GQL-0038","GRAPHQL_SELECTION","coletas","QUERY_COLETAS","pick.edges.node.cancellationUserId","GRAPHQL_TYPE_UNVERIFIED","NOT_PRESENT_OR_UNRESOLVED","stg.coletas.sidecar_cancellationuserid","","VINCULO_INDIVIDUAL_CONDICIONADO","G03/G04"
"GQL-0039","GRAPHQL_SELECTION","coletas","QUERY_COLETAS","pick.edges.node.cargoClassificationId","GRAPHQL_TYPE_UNVERIFIED","NOT_PRESENT_OR_UNRESOLVED","stg.coletas.sidecar_cargoclassificationid","","VINCULO_INDIVIDUAL_CONDICIONADO","G03/G04"
"GQL-0040","GRAPHQL_SELECTION","coletas","QUERY_COLETAS","pick.edges.node.costCenterId","GRAPHQL_TYPE_UNVERIFIED","NOT_PRESENT_OR_UNRESOLVED","stg.coletas.sidecar_costcenterid","","VINCULO_INDIVIDUAL_CONDICIONADO","G03/G04"
"GQL-0041","GRAPHQL_SELECTION","coletas","QUERY_COLETAS","pick.edges.node.destroyReason","GRAPHQL_TYPE_UNVERIFIED","NOT_PRESENT_OR_UNRESOLVED","stg.coletas.sidecar_destroyreason","","VINCULO_INDIVIDUAL_CONDICIONADO","G03/G04"
"GQL-0042","GRAPHQL_SELECTION","coletas","QUERY_COLETAS","pick.edges.node.destroyUserId","GRAPHQL_TYPE_UNVERIFIED","NOT_PRESENT_OR_UNRESOLVED","stg.coletas.sidecar_destroyuserid","","VINCULO_INDIVIDUAL_CONDICIONADO","G03/G04"
"GQL-0043","GRAPHQL_SELECTION","coletas","QUERY_COLETAS","pick.edges.node.lunchBreakEndHour","GRAPHQL_TYPE_UNVERIFIED","NOT_PRESENT_OR_UNRESOLVED","stg.coletas.sidecar_lunchbreakendhour","","VINCULO_INDIVIDUAL_CONDICIONADO","G03/G04"
"GQL-0044","GRAPHQL_SELECTION","coletas","QUERY_COLETAS","pick.edges.node.lunchBreakStartHour","GRAPHQL_TYPE_UNVERIFIED","NOT_PRESENT_OR_UNRESOLVED","stg.coletas.sidecar_lunchbreakstarthour","","VINCULO_INDIVIDUAL_CONDICIONADO","G03/G04"
"GQL-0045","GRAPHQL_SELECTION","coletas","QUERY_COLETAS","pick.edges.node.notificationEmail","GRAPHQL_TYPE_UNVERIFIED","NOT_PRESENT_OR_UNRESOLVED","stg.coletas.sidecar_notificationemail","","VINCULO_INDIVIDUAL_CONDICIONADO","G03/G04"
"GQL-0046","GRAPHQL_SELECTION","coletas","QUERY_COLETAS","pick.edges.node.notificationPhone","GRAPHQL_TYPE_UNVERIFIED","NOT_PRESENT_OR_UNRESOLVED","stg.coletas.sidecar_notificationphone","","VINCULO_INDIVIDUAL_CONDICIONADO","G03/G04"
"GQL-0047","GRAPHQL_SELECTION","coletas","QUERY_COLETAS","pick.edges.node.pickTypeId","GRAPHQL_TYPE_UNVERIFIED","NOT_PRESENT_OR_UNRESOLVED","stg.coletas.sidecar_picktypeid","","VINCULO_INDIVIDUAL_CONDICIONADO","G03/G04"
"GQL-0048","GRAPHQL_SELECTION","coletas","QUERY_COLETAS","pick.edges.node.pickupLocationId","GRAPHQL_TYPE_UNVERIFIED","NOT_PRESENT_OR_UNRESOLVED","stg.coletas.sidecar_pickuplocationid","","VINCULO_INDIVIDUAL_CONDICIONADO","G03/G04"
"GQL-0049","GRAPHQL_SELECTION","coletas","QUERY_COLETAS","pick.edges.node.statusUpdatedAt","GRAPHQL_TYPE_UNVERIFIED","NOT_PRESENT_OR_UNRESOLVED","stg.coletas.sidecar_statusupdatedat","","VINCULO_INDIVIDUAL_CONDICIONADO","G03/G04"
"GQL-0050","GRAPHQL_SELECTION","coletas","QUERY_COLETAS","pick.pageInfo.hasNextPage","GRAPHQL_TYPE_UNVERIFIED","NOT_PRESENT_OR_UNRESOLVED","ctl.source_cursor_evidence","","TRANSITORIO_COM_SAIDA_GOVERNADA","G03/G04"
"GQL-0051","GRAPHQL_SELECTION","coletas","QUERY_COLETAS","pick.pageInfo.endCursor","GRAPHQL_TYPE_UNVERIFIED","NOT_PRESENT_OR_UNRESOLVED","ctl.source_cursor_evidence","","TRANSITORIO_COM_SAIDA_GOVERNADA","G03/G04"
"GQL-0052","GRAPHQL_SELECTION","fretes","QUERY_FRETES","freight.edges.node.id","GRAPHQL_TYPE_UNVERIFIED","NOT_PRESENT_OR_UNRESOLVED","stg.fretes.sidecar_id","","TRANSITORIO_COM_SAIDA_GOVERNADA","G03/G04"
"GQL-0053","GRAPHQL_SELECTION","fretes","QUERY_FRETES","freight.edges.node.accountingCreditId","GRAPHQL_TYPE_UNVERIFIED","NOT_PRESENT_OR_UNRESOLVED","stg.fretes.sidecar_accountingcreditid","","TRANSITORIO_COM_SAIDA_GOVERNADA","G03/G04"
"GQL-0054","GRAPHQL_SELECTION","fretes","QUERY_FRETES","freight.edges.node.accountingCreditInstallmentId","GRAPHQL_TYPE_UNVERIFIED","NOT_PRESENT_OR_UNRESOLVED","stg.fretes.sidecar_accountingcreditinstallmentid","","TRANSITORIO_COM_SAIDA_GOVERNADA","G03/G04"
"GQL-0055","GRAPHQL_SELECTION","fretes","QUERY_FRETES","freight.edges.node.referenceNumber","GRAPHQL_TYPE_UNVERIFIED","NOT_PRESENT_OR_UNRESOLVED","stg.fretes.sidecar_referencenumber","","TRANSITORIO_COM_SAIDA_GOVERNADA","G03/G04"
"GQL-0056","GRAPHQL_SELECTION","fretes","QUERY_FRETES","freight.edges.node.serviceAt","GRAPHQL_TYPE_UNVERIFIED","NOT_PRESENT_OR_UNRESOLVED","stg.fretes.sidecar_serviceat","","VINCULO_INDIVIDUAL_CONDICIONADO","G03/G04"
"GQL-0057","GRAPHQL_SELECTION","fretes","QUERY_FRETES","freight.edges.node.createdAt","GRAPHQL_TYPE_UNVERIFIED","NOT_PRESENT_OR_UNRESOLVED","stg.fretes.sidecar_createdat","","VINCULO_INDIVIDUAL_CONDICIONADO","G03/G04"
"GQL-0058","GRAPHQL_SELECTION","fretes","QUERY_FRETES","freight.edges.node.finishedAt","GRAPHQL_TYPE_UNVERIFIED","NOT_PRESENT_OR_UNRESOLVED","stg.fretes.sidecar_finishedat","","VINCULO_INDIVIDUAL_CONDICIONADO","G03/G04"
"GQL-0059","GRAPHQL_SELECTION","fretes","QUERY_FRETES","freight.edges.node.cte.id","GRAPHQL_TYPE_UNVERIFIED","NOT_PRESENT_OR_UNRESOLVED","crosswalk.fretes.alias_cte_id","","VINCULO_INDIVIDUAL_CONDICIONADO","G03/G04"
"GQL-0060","GRAPHQL_SELECTION","fretes","QUERY_FRETES","freight.edges.node.cte.key","GRAPHQL_TYPE_UNVERIFIED","NOT_PRESENT_OR_UNRESOLVED","stg.fretes.sidecar_cte_key","","TRANSITORIO_COM_SAIDA_GOVERNADA","G03/G04"
"GQL-0061","GRAPHQL_SELECTION","fretes","QUERY_FRETES","freight.edges.node.cte.number","GRAPHQL_TYPE_UNVERIFIED","NOT_PRESENT_OR_UNRESOLVED","stg.fretes.sidecar_cte_number","","VINCULO_INDIVIDUAL_CONDICIONADO","G03/G04"
"GQL-0062","GRAPHQL_SELECTION","fretes","QUERY_FRETES","freight.edges.node.cte.series","GRAPHQL_TYPE_UNVERIFIED","NOT_PRESENT_OR_UNRESOLVED","stg.fretes.sidecar_cte_series","","VINCULO_INDIVIDUAL_CONDICIONADO","G03/G04"
"GQL-0063","GRAPHQL_SELECTION","fretes","QUERY_FRETES","freight.edges.node.cte.issuedAt","GRAPHQL_TYPE_UNVERIFIED","NOT_PRESENT_OR_UNRESOLVED","stg.fretes.sidecar_cte_issuedat","","VINCULO_INDIVIDUAL_CONDICIONADO","G03/G04"
"GQL-0064","GRAPHQL_SELECTION","fretes","QUERY_FRETES","freight.edges.node.cte.createdAt","GRAPHQL_TYPE_UNVERIFIED","NOT_PRESENT_OR_UNRESOLVED","stg.fretes.sidecar_cte_createdat","","VINCULO_INDIVIDUAL_CONDICIONADO","G03/G04"
"GQL-0065","GRAPHQL_SELECTION","fretes","QUERY_FRETES","freight.edges.node.cte.emissionType","GRAPHQL_TYPE_UNVERIFIED","NOT_PRESENT_OR_UNRESOLVED","stg.fretes.sidecar_cte_emissiontype","","VINCULO_INDIVIDUAL_CONDICIONADO","G03/G04"
"GQL-0066","GRAPHQL_SELECTION","fretes","QUERY_FRETES","freight.edges.node.total","GRAPHQL_TYPE_UNVERIFIED","NOT_PRESENT_OR_UNRESOLVED","stg.fretes.sidecar_total","","TRANSITORIO_COM_SAIDA_GOVERNADA","G03/G04"
"GQL-0067","GRAPHQL_SELECTION","fretes","QUERY_FRETES","freight.edges.node.subtotal","GRAPHQL_TYPE_UNVERIFIED","NOT_PRESENT_OR_UNRESOLVED","stg.fretes.sidecar_subtotal","","VINCULO_INDIVIDUAL_CONDICIONADO","G03/G04"
"GQL-0068","GRAPHQL_SELECTION","fretes","QUERY_FRETES","freight.edges.node.invoicesValue","GRAPHQL_TYPE_UNVERIFIED","NOT_PRESENT_OR_UNRESOLVED","stg.fretes.sidecar_invoicesvalue","","VINCULO_INDIVIDUAL_CONDICIONADO","G03/G04"
"GQL-0069","GRAPHQL_SELECTION","fretes","QUERY_FRETES","freight.edges.node.invoicesWeight","GRAPHQL_TYPE_UNVERIFIED","NOT_PRESENT_OR_UNRESOLVED","stg.fretes.sidecar_invoicesweight","","VINCULO_INDIVIDUAL_CONDICIONADO","G03/G04"
"GQL-0070","GRAPHQL_SELECTION","fretes","QUERY_FRETES","freight.edges.node.taxedWeight","GRAPHQL_TYPE_UNVERIFIED","NOT_PRESENT_OR_UNRESOLVED","stg.fretes.sidecar_taxedweight","","VINCULO_INDIVIDUAL_CONDICIONADO","G03/G04"
"GQL-0071","GRAPHQL_SELECTION","fretes","QUERY_FRETES","freight.edges.node.realWeight","GRAPHQL_TYPE_UNVERIFIED","NOT_PRESENT_OR_UNRESOLVED","stg.fretes.sidecar_realweight","","VINCULO_INDIVIDUAL_CONDICIONADO","G03/G04"
"GQL-0072","GRAPHQL_SELECTION","fretes","QUERY_FRETES","freight.edges.node.cubagesCubedWeight","GRAPHQL_TYPE_UNVERIFIED","NOT_PRESENT_OR_UNRESOLVED","stg.fretes.sidecar_cubagescubedweight","","VINCULO_INDIVIDUAL_CONDICIONADO","G03/G04"
"GQL-0073","GRAPHQL_SELECTION","fretes","QUERY_FRETES","freight.edges.node.totalCubicVolume","GRAPHQL_TYPE_UNVERIFIED","NOT_PRESENT_OR_UNRESOLVED","stg.fretes.sidecar_totalcubicvolume","","VINCULO_INDIVIDUAL_CONDICIONADO","G03/G04"
"GQL-0074","GRAPHQL_SELECTION","fretes","QUERY_FRETES","freight.edges.node.invoicesTotalVolumes","GRAPHQL_TYPE_UNVERIFIED","NOT_PRESENT_OR_UNRESOLVED","stg.fretes.sidecar_invoicestotalvolumes","","VINCULO_INDIVIDUAL_CONDICIONADO","G03/G04"
"GQL-0075","GRAPHQL_SELECTION","fretes","QUERY_FRETES","freight.edges.node.freightInvoices.invoice.number","GRAPHQL_TYPE_UNVERIFIED","NOT_PRESENT_OR_UNRESOLVED","crosswalk.fretes.pending_relation_freightinvoices_invoice_number","","VINCULO_INDIVIDUAL_CONDICIONADO","G03/G04"
"GQL-0076","GRAPHQL_SELECTION","fretes","QUERY_FRETES","freight.edges.node.freightInvoices.invoice.series","GRAPHQL_TYPE_UNVERIFIED","NOT_PRESENT_OR_UNRESOLVED","crosswalk.fretes.pending_relation_freightinvoices_invoice_series","","VINCULO_INDIVIDUAL_CONDICIONADO","G03/G04"
"GQL-0077","GRAPHQL_SELECTION","fretes","QUERY_FRETES","freight.edges.node.freightInvoices.invoice.key","GRAPHQL_TYPE_UNVERIFIED","NOT_PRESENT_OR_UNRESOLVED","crosswalk.fretes.pending_relation_freightinvoices_invoice_key","","VINCULO_INDIVIDUAL_CONDICIONADO","G03/G04"
"GQL-0078","GRAPHQL_SELECTION","fretes","QUERY_FRETES","freight.edges.node.freightInvoices.invoice.value","GRAPHQL_TYPE_UNVERIFIED","NOT_PRESENT_OR_UNRESOLVED","crosswalk.fretes.pending_relation_freightinvoices_invoice_value","","VINCULO_INDIVIDUAL_CONDICIONADO","G03/G04"
"GQL-0079","GRAPHQL_SELECTION","fretes","QUERY_FRETES","freight.edges.node.freightInvoices.invoice.weight","GRAPHQL_TYPE_UNVERIFIED","NOT_PRESENT_OR_UNRESOLVED","crosswalk.fretes.pending_relation_freightinvoices_invoice_weight","","VINCULO_INDIVIDUAL_CONDICIONADO","G03/G04"
"GQL-0080","GRAPHQL_SELECTION","fretes","QUERY_FRETES","freight.edges.node.sender.id","GRAPHQL_TYPE_UNVERIFIED","NOT_PRESENT_OR_UNRESOLVED","crosswalk.fretes.alias_sender_id","","VINCULO_INDIVIDUAL_CONDICIONADO","G03/G04"
"GQL-0081","GRAPHQL_SELECTION","fretes","QUERY_FRETES","freight.edges.node.sender.name","GRAPHQL_TYPE_UNVERIFIED","NOT_PRESENT_OR_UNRESOLVED","stg.fretes.sidecar_sender_name","","VINCULO_INDIVIDUAL_CONDICIONADO","G03/G04"
"GQL-0082","GRAPHQL_SELECTION","fretes","QUERY_FRETES","freight.edges.node.sender.cnpj","GRAPHQL_TYPE_UNVERIFIED","NOT_PRESENT_OR_UNRESOLVED","stg.fretes.sidecar_sender_cnpj","","VINCULO_INDIVIDUAL_CONDICIONADO","G03/G04"
"GQL-0083","GRAPHQL_SELECTION","fretes","QUERY_FRETES","freight.edges.node.sender.cpf","GRAPHQL_TYPE_UNVERIFIED","NOT_PRESENT_OR_UNRESOLVED","stg.fretes.sidecar_sender_cpf","","VINCULO_INDIVIDUAL_CONDICIONADO","G03/G04"
"GQL-0084","GRAPHQL_SELECTION","fretes","QUERY_FRETES","freight.edges.node.sender.inscricaoEstadual","GRAPHQL_TYPE_UNVERIFIED","NOT_PRESENT_OR_UNRESOLVED","stg.fretes.sidecar_sender_inscricaoestadual","","VINCULO_INDIVIDUAL_CONDICIONADO","G03/G04"
"GQL-0085","GRAPHQL_SELECTION","fretes","QUERY_FRETES","freight.edges.node.sender.mainAddress.city.name","GRAPHQL_TYPE_UNVERIFIED","NOT_PRESENT_OR_UNRESOLVED","stg.fretes.sidecar_sender_mainaddress_city_name","","VINCULO_INDIVIDUAL_CONDICIONADO","G03/G04"
"GQL-0086","GRAPHQL_SELECTION","fretes","QUERY_FRETES","freight.edges.node.sender.mainAddress.city.state.code","GRAPHQL_TYPE_UNVERIFIED","NOT_PRESENT_OR_UNRESOLVED","stg.fretes.sidecar_sender_mainaddress_city_state_code","","VINCULO_INDIVIDUAL_CONDICIONADO","G03/G04"
"GQL-0087","GRAPHQL_SELECTION","fretes","QUERY_FRETES","freight.edges.node.receiver.id","GRAPHQL_TYPE_UNVERIFIED","NOT_PRESENT_OR_UNRESOLVED","crosswalk.fretes.alias_receiver_id","","VINCULO_INDIVIDUAL_CONDICIONADO","G03/G04"
"GQL-0088","GRAPHQL_SELECTION","fretes","QUERY_FRETES","freight.edges.node.receiver.name","GRAPHQL_TYPE_UNVERIFIED","NOT_PRESENT_OR_UNRESOLVED","stg.fretes.sidecar_receiver_name","","VINCULO_INDIVIDUAL_CONDICIONADO","G03/G04"
"GQL-0089","GRAPHQL_SELECTION","fretes","QUERY_FRETES","freight.edges.node.receiver.cnpj","GRAPHQL_TYPE_UNVERIFIED","NOT_PRESENT_OR_UNRESOLVED","stg.fretes.sidecar_receiver_cnpj","","VINCULO_INDIVIDUAL_CONDICIONADO","G03/G04"
"GQL-0090","GRAPHQL_SELECTION","fretes","QUERY_FRETES","freight.edges.node.receiver.cpf","GRAPHQL_TYPE_UNVERIFIED","NOT_PRESENT_OR_UNRESOLVED","stg.fretes.sidecar_receiver_cpf","","VINCULO_INDIVIDUAL_CONDICIONADO","G03/G04"
"GQL-0091","GRAPHQL_SELECTION","fretes","QUERY_FRETES","freight.edges.node.receiver.inscricaoEstadual","GRAPHQL_TYPE_UNVERIFIED","NOT_PRESENT_OR_UNRESOLVED","stg.fretes.sidecar_receiver_inscricaoestadual","","VINCULO_INDIVIDUAL_CONDICIONADO","G03/G04"
"GQL-0092","GRAPHQL_SELECTION","fretes","QUERY_FRETES","freight.edges.node.receiver.mainAddress.city.name","GRAPHQL_TYPE_UNVERIFIED","NOT_PRESENT_OR_UNRESOLVED","stg.fretes.sidecar_receiver_mainaddress_city_name","","VINCULO_INDIVIDUAL_CONDICIONADO","G03/G04"
"GQL-0093","GRAPHQL_SELECTION","fretes","QUERY_FRETES","freight.edges.node.receiver.mainAddress.city.state.code","GRAPHQL_TYPE_UNVERIFIED","NOT_PRESENT_OR_UNRESOLVED","stg.fretes.sidecar_receiver_mainaddress_city_state_code","","VINCULO_INDIVIDUAL_CONDICIONADO","G03/G04"
"GQL-0094","GRAPHQL_SELECTION","fretes","QUERY_FRETES","freight.edges.node.payer.id","GRAPHQL_TYPE_UNVERIFIED","NOT_PRESENT_OR_UNRESOLVED","crosswalk.fretes.alias_payer_id","","VINCULO_INDIVIDUAL_CONDICIONADO","G03/G04"
"GQL-0095","GRAPHQL_SELECTION","fretes","QUERY_FRETES","freight.edges.node.payer.name","GRAPHQL_TYPE_UNVERIFIED","NOT_PRESENT_OR_UNRESOLVED","stg.fretes.sidecar_payer_name","","VINCULO_INDIVIDUAL_CONDICIONADO","G03/G04"
"GQL-0096","GRAPHQL_SELECTION","fretes","QUERY_FRETES","freight.edges.node.payer.cnpj","GRAPHQL_TYPE_UNVERIFIED","NOT_PRESENT_OR_UNRESOLVED","stg.fretes.sidecar_payer_cnpj","","VINCULO_INDIVIDUAL_CONDICIONADO","G03/G04"
"GQL-0097","GRAPHQL_SELECTION","fretes","QUERY_FRETES","freight.edges.node.payer.cpf","GRAPHQL_TYPE_UNVERIFIED","NOT_PRESENT_OR_UNRESOLVED","stg.fretes.sidecar_payer_cpf","","VINCULO_INDIVIDUAL_CONDICIONADO","G03/G04"
"GQL-0098","GRAPHQL_SELECTION","fretes","QUERY_FRETES","freight.edges.node.modal","GRAPHQL_TYPE_UNVERIFIED","NOT_PRESENT_OR_UNRESOLVED","stg.fretes.sidecar_modal","","VINCULO_INDIVIDUAL_CONDICIONADO","G03/G04"
"GQL-0099","GRAPHQL_SELECTION","fretes","QUERY_FRETES","freight.edges.node.modalCte","GRAPHQL_TYPE_UNVERIFIED","NOT_PRESENT_OR_UNRESOLVED","stg.fretes.sidecar_modalcte","","VINCULO_INDIVIDUAL_CONDICIONADO","G03/G04"
"GQL-0100","GRAPHQL_SELECTION","fretes","QUERY_FRETES","freight.edges.node.status","GRAPHQL_TYPE_UNVERIFIED","NOT_PRESENT_OR_UNRESOLVED","stg.fretes.sidecar_status","","VINCULO_INDIVIDUAL_CONDICIONADO","G03/G04"
"GQL-0101","GRAPHQL_SELECTION","fretes","QUERY_FRETES","freight.edges.node.courtesy","GRAPHQL_TYPE_UNVERIFIED","NOT_PRESENT_OR_UNRESOLVED","stg.fretes.sidecar_courtesy","","VINCULO_INDIVIDUAL_CONDICIONADO","G03/G04"
"GQL-0102","GRAPHQL_SELECTION","fretes","QUERY_FRETES","freight.edges.node.type","GRAPHQL_TYPE_UNVERIFIED","NOT_PRESENT_OR_UNRESOLVED","stg.fretes.sidecar_type","","VINCULO_INDIVIDUAL_CONDICIONADO","G03/G04"
"GQL-0103","GRAPHQL_SELECTION","fretes","QUERY_FRETES","freight.edges.node.serviceDate","GRAPHQL_TYPE_UNVERIFIED","NOT_PRESENT_OR_UNRESOLVED","stg.fretes.sidecar_servicedate","","VINCULO_INDIVIDUAL_CONDICIONADO","G03/G04"
"GQL-0104","GRAPHQL_SELECTION","fretes","QUERY_FRETES","freight.edges.node.serviceType","GRAPHQL_TYPE_UNVERIFIED","NOT_PRESENT_OR_UNRESOLVED","stg.fretes.sidecar_servicetype","","VINCULO_INDIVIDUAL_CONDICIONADO","G03/G04"
"GQL-0105","GRAPHQL_SELECTION","fretes","QUERY_FRETES","freight.edges.node.deliveryPredictionDate","GRAPHQL_TYPE_UNVERIFIED","NOT_PRESENT_OR_UNRESOLVED","stg.fretes.sidecar_deliverypredictiondate","","VINCULO_INDIVIDUAL_CONDICIONADO","G03/G04"
"GQL-0106","GRAPHQL_SELECTION","fretes","QUERY_FRETES","freight.edges.node.corporationSequenceNumber","GRAPHQL_TYPE_UNVERIFIED","NOT_PRESENT_OR_UNRESOLVED","stg.fretes.sidecar_corporationsequencenumber","","TRANSITORIO_COM_SAIDA_GOVERNADA","G03/G04"
"GQL-0107","GRAPHQL_SELECTION","fretes","QUERY_FRETES","freight.edges.node.pickItemId","GRAPHQL_TYPE_UNVERIFIED","NOT_PRESENT_OR_UNRESOLVED","stg.fretes.sidecar_pickitemid","","TRANSITORIO_COM_SAIDA_GOVERNADA","G03/G04"
"GQL-0108","GRAPHQL_SELECTION","fretes","QUERY_FRETES","freight.edges.node.corporation.id","GRAPHQL_TYPE_UNVERIFIED","NOT_PRESENT_OR_UNRESOLVED","crosswalk.fretes.alias_corporation_id","","VINCULO_INDIVIDUAL_CONDICIONADO","G03/G04"
"GQL-0109","GRAPHQL_SELECTION","fretes","QUERY_FRETES","freight.edges.node.corporation.nickname","GRAPHQL_TYPE_UNVERIFIED","NOT_PRESENT_OR_UNRESOLVED","stg.fretes.sidecar_corporation_nickname","","VINCULO_INDIVIDUAL_CONDICIONADO","G03/G04"
"GQL-0110","GRAPHQL_SELECTION","fretes","QUERY_FRETES","freight.edges.node.corporation.cnpj","GRAPHQL_TYPE_UNVERIFIED","NOT_PRESENT_OR_UNRESOLVED","stg.fretes.sidecar_corporation_cnpj","","VINCULO_INDIVIDUAL_CONDICIONADO","G03/G04"
"GQL-0111","GRAPHQL_SELECTION","fretes","QUERY_FRETES","freight.edges.node.customerPriceTable.name","GRAPHQL_TYPE_UNVERIFIED","NOT_PRESENT_OR_UNRESOLVED","stg.fretes.sidecar_customerpricetable_name","","VINCULO_INDIVIDUAL_CONDICIONADO","G03/G04"
"GQL-0112","GRAPHQL_SELECTION","fretes","QUERY_FRETES","freight.edges.node.freightClassification.name","GRAPHQL_TYPE_UNVERIFIED","NOT_PRESENT_OR_UNRESOLVED","stg.fretes.sidecar_freightclassification_name","","VINCULO_INDIVIDUAL_CONDICIONADO","G03/G04"
"GQL-0113","GRAPHQL_SELECTION","fretes","QUERY_FRETES","freight.edges.node.costCenter.name","GRAPHQL_TYPE_UNVERIFIED","NOT_PRESENT_OR_UNRESOLVED","stg.fretes.sidecar_costcenter_name","","VINCULO_INDIVIDUAL_CONDICIONADO","G03/G04"
"GQL-0114","GRAPHQL_SELECTION","fretes","QUERY_FRETES","freight.edges.node.originCity.name","GRAPHQL_TYPE_UNVERIFIED","NOT_PRESENT_OR_UNRESOLVED","stg.fretes.sidecar_origincity_name","","VINCULO_INDIVIDUAL_CONDICIONADO","G03/G04"
"GQL-0115","GRAPHQL_SELECTION","fretes","QUERY_FRETES","freight.edges.node.originCity.state.code","GRAPHQL_TYPE_UNVERIFIED","NOT_PRESENT_OR_UNRESOLVED","stg.fretes.sidecar_origincity_state_code","","VINCULO_INDIVIDUAL_CONDICIONADO","G03/G04"
"GQL-0116","GRAPHQL_SELECTION","fretes","QUERY_FRETES","freight.edges.node.destinationCity.name","GRAPHQL_TYPE_UNVERIFIED","NOT_PRESENT_OR_UNRESOLVED","stg.fretes.sidecar_destinationcity_name","","VINCULO_INDIVIDUAL_CONDICIONADO","G03/G04"
"GQL-0117","GRAPHQL_SELECTION","fretes","QUERY_FRETES","freight.edges.node.destinationCity.state.code","GRAPHQL_TYPE_UNVERIFIED","NOT_PRESENT_OR_UNRESOLVED","stg.fretes.sidecar_destinationcity_state_code","","VINCULO_INDIVIDUAL_CONDICIONADO","G03/G04"
"GQL-0118","GRAPHQL_SELECTION","fretes","QUERY_FRETES","freight.edges.node.destinationCityId","GRAPHQL_TYPE_UNVERIFIED","NOT_PRESENT_OR_UNRESOLVED","stg.fretes.sidecar_destinationcityid","","VINCULO_INDIVIDUAL_CONDICIONADO","G03/G04"
"GQL-0119","GRAPHQL_SELECTION","fretes","QUERY_FRETES","freight.edges.node.corporationId","GRAPHQL_TYPE_UNVERIFIED","NOT_PRESENT_OR_UNRESOLVED","stg.fretes.sidecar_corporationid","","VINCULO_INDIVIDUAL_CONDICIONADO","G03/G04"
"GQL-0120","GRAPHQL_SELECTION","fretes","QUERY_FRETES","freight.edges.node.freightWeightSubtotal","GRAPHQL_TYPE_UNVERIFIED","NOT_PRESENT_OR_UNRESOLVED","stg.fretes.sidecar_freightweightsubtotal","","VINCULO_INDIVIDUAL_CONDICIONADO","G03/G04"
"GQL-0121","GRAPHQL_SELECTION","fretes","QUERY_FRETES","freight.edges.node.globalized","GRAPHQL_TYPE_UNVERIFIED","NOT_PRESENT_OR_UNRESOLVED","stg.fretes.sidecar_globalized","","VINCULO_INDIVIDUAL_CONDICIONADO","G03/G04"
"GQL-0122","GRAPHQL_SELECTION","fretes","QUERY_FRETES","freight.edges.node.globalizedType","GRAPHQL_TYPE_UNVERIFIED","NOT_PRESENT_OR_UNRESOLVED","stg.fretes.sidecar_globalizedtype","","VINCULO_INDIVIDUAL_CONDICIONADO","G03/G04"
"GQL-0123","GRAPHQL_SELECTION","fretes","QUERY_FRETES","freight.edges.node.grisSubtotal","GRAPHQL_TYPE_UNVERIFIED","NOT_PRESENT_OR_UNRESOLVED","stg.fretes.sidecar_grissubtotal","","VINCULO_INDIVIDUAL_CONDICIONADO","G03/G04"
"GQL-0124","GRAPHQL_SELECTION","fretes","QUERY_FRETES","freight.edges.node.adValoremSubtotal","GRAPHQL_TYPE_UNVERIFIED","NOT_PRESENT_OR_UNRESOLVED","stg.fretes.sidecar_advaloremsubtotal","","VINCULO_INDIVIDUAL_CONDICIONADO","G03/G04"
"GQL-0125","GRAPHQL_SELECTION","fretes","QUERY_FRETES","freight.edges.node.insuranceAccountableType","GRAPHQL_TYPE_UNVERIFIED","NOT_PRESENT_OR_UNRESOLVED","stg.fretes.sidecar_insuranceaccountabletype","","VINCULO_INDIVIDUAL_CONDICIONADO","G03/G04"
"GQL-0126","GRAPHQL_SELECTION","fretes","QUERY_FRETES","freight.edges.node.insuranceEnabled","GRAPHQL_TYPE_UNVERIFIED","NOT_PRESENT_OR_UNRESOLVED","stg.fretes.sidecar_insuranceenabled","","VINCULO_INDIVIDUAL_CONDICIONADO","G03/G04"
"GQL-0127","GRAPHQL_SELECTION","fretes","QUERY_FRETES","freight.edges.node.insuranceId","GRAPHQL_TYPE_UNVERIFIED","NOT_PRESENT_OR_UNRESOLVED","stg.fretes.sidecar_insuranceid","","VINCULO_INDIVIDUAL_CONDICIONADO","G03/G04"
"GQL-0128","GRAPHQL_SELECTION","fretes","QUERY_FRETES","freight.edges.node.insuredValue","GRAPHQL_TYPE_UNVERIFIED","NOT_PRESENT_OR_UNRESOLVED","stg.fretes.sidecar_insuredvalue","","VINCULO_INDIVIDUAL_CONDICIONADO","G03/G04"
"GQL-0129","GRAPHQL_SELECTION","fretes","QUERY_FRETES","freight.edges.node.itrSubtotal","GRAPHQL_TYPE_UNVERIFIED","NOT_PRESENT_OR_UNRESOLVED","stg.fretes.sidecar_itrsubtotal","","VINCULO_INDIVIDUAL_CONDICIONADO","G03/G04"
"GQL-0130","GRAPHQL_SELECTION","fretes","QUERY_FRETES","freight.edges.node.tollSubtotal","GRAPHQL_TYPE_UNVERIFIED","NOT_PRESENT_OR_UNRESOLVED","stg.fretes.sidecar_tollsubtotal","","VINCULO_INDIVIDUAL_CONDICIONADO","G03/G04"
"GQL-0131","GRAPHQL_SELECTION","fretes","QUERY_FRETES","freight.edges.node.km","GRAPHQL_TYPE_UNVERIFIED","NOT_PRESENT_OR_UNRESOLVED","stg.fretes.sidecar_km","","VINCULO_INDIVIDUAL_CONDICIONADO","G03/G04"
"GQL-0132","GRAPHQL_SELECTION","fretes","QUERY_FRETES","freight.edges.node.nfseNumber","GRAPHQL_TYPE_UNVERIFIED","NOT_PRESENT_OR_UNRESOLVED","stg.fretes.sidecar_nfsenumber","","VINCULO_INDIVIDUAL_CONDICIONADO","G03/G04"
"GQL-0133","GRAPHQL_SELECTION","fretes","QUERY_FRETES","freight.edges.node.nfseSeries","GRAPHQL_TYPE_UNVERIFIED","NOT_PRESENT_OR_UNRESOLVED","stg.fretes.sidecar_nfseseries","","VINCULO_INDIVIDUAL_CONDICIONADO","G03/G04"
"GQL-0134","GRAPHQL_SELECTION","fretes","QUERY_FRETES","freight.edges.node.otherFees","GRAPHQL_TYPE_UNVERIFIED","NOT_PRESENT_OR_UNRESOLVED","stg.fretes.sidecar_otherfees","","VINCULO_INDIVIDUAL_CONDICIONADO","G03/G04"
"GQL-0135","GRAPHQL_SELECTION","fretes","QUERY_FRETES","freight.edges.node.paymentAccountableType","GRAPHQL_TYPE_UNVERIFIED","NOT_PRESENT_OR_UNRESOLVED","stg.fretes.sidecar_paymentaccountabletype","","VINCULO_INDIVIDUAL_CONDICIONADO","G03/G04"
"GQL-0136","GRAPHQL_SELECTION","fretes","QUERY_FRETES","freight.edges.node.paymentType","GRAPHQL_TYPE_UNVERIFIED","NOT_PRESENT_OR_UNRESOLVED","stg.fretes.sidecar_paymenttype","","VINCULO_INDIVIDUAL_CONDICIONADO","G03/G04"
"GQL-0137","GRAPHQL_SELECTION","fretes","QUERY_FRETES","freight.edges.node.previousDocumentType","GRAPHQL_TYPE_UNVERIFIED","NOT_PRESENT_OR_UNRESOLVED","stg.fretes.sidecar_previousdocumenttype","","VINCULO_INDIVIDUAL_CONDICIONADO","G03/G04"
"GQL-0138","GRAPHQL_SELECTION","fretes","QUERY_FRETES","freight.edges.node.priceTableAccountableType","GRAPHQL_TYPE_UNVERIFIED","NOT_PRESENT_OR_UNRESOLVED","stg.fretes.sidecar_pricetableaccountabletype","","VINCULO_INDIVIDUAL_CONDICIONADO","G03/G04"
"GQL-0139","GRAPHQL_SELECTION","fretes","QUERY_FRETES","freight.edges.node.productsValue","GRAPHQL_TYPE_UNVERIFIED","NOT_PRESENT_OR_UNRESOLVED","stg.fretes.sidecar_productsvalue","","VINCULO_INDIVIDUAL_CONDICIONADO","G03/G04"
"GQL-0140","GRAPHQL_SELECTION","fretes","QUERY_FRETES","freight.edges.node.redispatchSubtotal","GRAPHQL_TYPE_UNVERIFIED","NOT_PRESENT_OR_UNRESOLVED","stg.fretes.sidecar_redispatchsubtotal","","VINCULO_INDIVIDUAL_CONDICIONADO","G03/G04"
"GQL-0141","GRAPHQL_SELECTION","fretes","QUERY_FRETES","freight.edges.node.secCatSubtotal","GRAPHQL_TYPE_UNVERIFIED","NOT_PRESENT_OR_UNRESOLVED","stg.fretes.sidecar_seccatsubtotal","","VINCULO_INDIVIDUAL_CONDICIONADO","G03/G04"
"GQL-0142","GRAPHQL_SELECTION","fretes","QUERY_FRETES","freight.edges.node.suframaSubtotal","GRAPHQL_TYPE_UNVERIFIED","NOT_PRESENT_OR_UNRESOLVED","stg.fretes.sidecar_suframasubtotal","","VINCULO_INDIVIDUAL_CONDICIONADO","G03/G04"
"GQL-0143","GRAPHQL_SELECTION","fretes","QUERY_FRETES","freight.edges.node.tdeSubtotal","GRAPHQL_TYPE_UNVERIFIED","NOT_PRESENT_OR_UNRESOLVED","stg.fretes.sidecar_tdesubtotal","","VINCULO_INDIVIDUAL_CONDICIONADO","G03/G04"
"GQL-0144","GRAPHQL_SELECTION","fretes","QUERY_FRETES","freight.edges.node.fiscalDetail.cstType","GRAPHQL_TYPE_UNVERIFIED","NOT_PRESENT_OR_UNRESOLVED","stg.fretes.sidecar_fiscaldetail_csttype","","VINCULO_INDIVIDUAL_CONDICIONADO","G03/G04"
"GQL-0145","GRAPHQL_SELECTION","fretes","QUERY_FRETES","freight.edges.node.fiscalDetail.cfopCode","GRAPHQL_TYPE_UNVERIFIED","NOT_PRESENT_OR_UNRESOLVED","stg.fretes.sidecar_fiscaldetail_cfopcode","","VINCULO_INDIVIDUAL_CONDICIONADO","G03/G04"
"GQL-0146","GRAPHQL_SELECTION","fretes","QUERY_FRETES","freight.edges.node.fiscalDetail.calculationBasis","GRAPHQL_TYPE_UNVERIFIED","NOT_PRESENT_OR_UNRESOLVED","stg.fretes.sidecar_fiscaldetail_calculationbasis","","VINCULO_INDIVIDUAL_CONDICIONADO","G03/G04"
"GQL-0147","GRAPHQL_SELECTION","fretes","QUERY_FRETES","freight.edges.node.fiscalDetail.taxRate","GRAPHQL_TYPE_UNVERIFIED","NOT_PRESENT_OR_UNRESOLVED","stg.fretes.sidecar_fiscaldetail_taxrate","","VINCULO_INDIVIDUAL_CONDICIONADO","G03/G04"
"GQL-0148","GRAPHQL_SELECTION","fretes","QUERY_FRETES","freight.edges.node.fiscalDetail.taxValue","GRAPHQL_TYPE_UNVERIFIED","NOT_PRESENT_OR_UNRESOLVED","stg.fretes.sidecar_fiscaldetail_taxvalue","","VINCULO_INDIVIDUAL_CONDICIONADO","G03/G04"
"GQL-0149","GRAPHQL_SELECTION","fretes","QUERY_FRETES","freight.edges.node.fiscalDetail.pisRate","GRAPHQL_TYPE_UNVERIFIED","NOT_PRESENT_OR_UNRESOLVED","stg.fretes.sidecar_fiscaldetail_pisrate","","VINCULO_INDIVIDUAL_CONDICIONADO","G03/G04"
"GQL-0150","GRAPHQL_SELECTION","fretes","QUERY_FRETES","freight.edges.node.fiscalDetail.pisValue","GRAPHQL_TYPE_UNVERIFIED","NOT_PRESENT_OR_UNRESOLVED","stg.fretes.sidecar_fiscaldetail_pisvalue","","VINCULO_INDIVIDUAL_CONDICIONADO","G03/G04"
"GQL-0151","GRAPHQL_SELECTION","fretes","QUERY_FRETES","freight.edges.node.fiscalDetail.cofinsRate","GRAPHQL_TYPE_UNVERIFIED","NOT_PRESENT_OR_UNRESOLVED","stg.fretes.sidecar_fiscaldetail_cofinsrate","","VINCULO_INDIVIDUAL_CONDICIONADO","G03/G04"
"GQL-0152","GRAPHQL_SELECTION","fretes","QUERY_FRETES","freight.edges.node.fiscalDetail.cofinsValue","GRAPHQL_TYPE_UNVERIFIED","NOT_PRESENT_OR_UNRESOLVED","stg.fretes.sidecar_fiscaldetail_cofinsvalue","","VINCULO_INDIVIDUAL_CONDICIONADO","G03/G04"
"GQL-0153","GRAPHQL_SELECTION","fretes","QUERY_FRETES","freight.edges.node.fiscalDetail.hasDifal","GRAPHQL_TYPE_UNVERIFIED","NOT_PRESENT_OR_UNRESOLVED","stg.fretes.sidecar_fiscaldetail_hasdifal","","VINCULO_INDIVIDUAL_CONDICIONADO","G03/G04"
"GQL-0154","GRAPHQL_SELECTION","fretes","QUERY_FRETES","freight.edges.node.fiscalDetail.difalTaxValueOrigin","GRAPHQL_TYPE_UNVERIFIED","NOT_PRESENT_OR_UNRESOLVED","stg.fretes.sidecar_fiscaldetail_difaltaxvalueorigin","","VINCULO_INDIVIDUAL_CONDICIONADO","G03/G04"
"GQL-0155","GRAPHQL_SELECTION","fretes","QUERY_FRETES","freight.edges.node.fiscalDetail.difalTaxValueDestination","GRAPHQL_TYPE_UNVERIFIED","NOT_PRESENT_OR_UNRESOLVED","stg.fretes.sidecar_fiscaldetail_difaltaxvaluedestination","","VINCULO_INDIVIDUAL_CONDICIONADO","G03/G04"
"GQL-0156","GRAPHQL_SELECTION","fretes","QUERY_FRETES","freight.edges.node.trtSubtotal","GRAPHQL_TYPE_UNVERIFIED","NOT_PRESENT_OR_UNRESOLVED","stg.fretes.sidecar_trtsubtotal","","VINCULO_INDIVIDUAL_CONDICIONADO","G03/G04"
"GQL-0157","GRAPHQL_SELECTION","fretes","QUERY_FRETES","freight.pageInfo.hasNextPage","GRAPHQL_TYPE_UNVERIFIED","NOT_PRESENT_OR_UNRESOLVED","ctl.source_cursor_evidence","","TRANSITORIO_COM_SAIDA_GOVERNADA","G03/G04"
"GQL-0158","GRAPHQL_SELECTION","fretes","QUERY_FRETES","freight.pageInfo.endCursor","GRAPHQL_TYPE_UNVERIFIED","NOT_PRESENT_OR_UNRESOLVED","ctl.source_cursor_evidence","","TRANSITORIO_COM_SAIDA_GOVERNADA","G03/G04"
"GQL-0159","GRAPHQL_SELECTION","faturas_por_cliente","QUERY_NFSE","nfse.edges.node.id","GRAPHQL_TYPE_UNVERIFIED","NOT_PRESENT_OR_UNRESOLVED","stg.faturas_por_cliente.sidecar_id","","VINCULO_INDIVIDUAL_CONDICIONADO","G03/G04"
"GQL-0160","GRAPHQL_SELECTION","faturas_por_cliente","QUERY_NFSE","nfse.edges.node.freightId","GRAPHQL_TYPE_UNVERIFIED","NOT_PRESENT_OR_UNRESOLVED","crosswalk.faturas_por_cliente.pending_relation_freightid","","VINCULO_INDIVIDUAL_CONDICIONADO","G03/G04"
"GQL-0161","GRAPHQL_SELECTION","faturas_por_cliente","QUERY_NFSE","nfse.edges.node.freight.id","GRAPHQL_TYPE_UNVERIFIED","NOT_PRESENT_OR_UNRESOLVED","crosswalk.faturas_por_cliente.alias_freight_id","","VINCULO_INDIVIDUAL_CONDICIONADO","G03/G04"
"GQL-0162","GRAPHQL_SELECTION","faturas_por_cliente","QUERY_NFSE","nfse.edges.node.number","GRAPHQL_TYPE_UNVERIFIED","NOT_PRESENT_OR_UNRESOLVED","stg.faturas_por_cliente.sidecar_number","","VINCULO_INDIVIDUAL_CONDICIONADO","G03/G04"
"GQL-0163","GRAPHQL_SELECTION","faturas_por_cliente","QUERY_NFSE","nfse.edges.node.status","GRAPHQL_TYPE_UNVERIFIED","NOT_PRESENT_OR_UNRESOLVED","stg.faturas_por_cliente.sidecar_status","","VINCULO_INDIVIDUAL_CONDICIONADO","G03/G04"
"GQL-0164","GRAPHQL_SELECTION","faturas_por_cliente","QUERY_NFSE","nfse.edges.node.rpsSeries","GRAPHQL_TYPE_UNVERIFIED","NOT_PRESENT_OR_UNRESOLVED","stg.faturas_por_cliente.sidecar_rpsseries","","VINCULO_INDIVIDUAL_CONDICIONADO","G03/G04"
"GQL-0165","GRAPHQL_SELECTION","faturas_por_cliente","QUERY_NFSE","nfse.edges.node.issuedAt","GRAPHQL_TYPE_UNVERIFIED","NOT_PRESENT_OR_UNRESOLVED","stg.faturas_por_cliente.sidecar_issuedat","","VINCULO_INDIVIDUAL_CONDICIONADO","G03/G04"
"GQL-0166","GRAPHQL_SELECTION","faturas_por_cliente","QUERY_NFSE","nfse.edges.node.cancelationReason","GRAPHQL_TYPE_UNVERIFIED","NOT_PRESENT_OR_UNRESOLVED","stg.faturas_por_cliente.sidecar_cancelationreason","","VINCULO_INDIVIDUAL_CONDICIONADO","G03/G04"
"GQL-0167","GRAPHQL_SELECTION","faturas_por_cliente","QUERY_NFSE","nfse.edges.node.pdfServiceUrl","GRAPHQL_TYPE_UNVERIFIED","NOT_PRESENT_OR_UNRESOLVED","stg.faturas_por_cliente.sidecar_pdfserviceurl","","VINCULO_INDIVIDUAL_CONDICIONADO","G03/G04"
"GQL-0168","GRAPHQL_SELECTION","faturas_por_cliente","QUERY_NFSE","nfse.edges.node.xmlDocument","GRAPHQL_TYPE_UNVERIFIED","NOT_PRESENT_OR_UNRESOLVED","stg.faturas_por_cliente.sidecar_xmldocument","","VINCULO_INDIVIDUAL_CONDICIONADO","G03/G04"
"GQL-0169","GRAPHQL_SELECTION","faturas_por_cliente","QUERY_NFSE","nfse.edges.node.corporationId","GRAPHQL_TYPE_UNVERIFIED","NOT_PRESENT_OR_UNRESOLVED","stg.faturas_por_cliente.sidecar_corporationid","","VINCULO_INDIVIDUAL_CONDICIONADO","G03/G04"
"GQL-0170","GRAPHQL_SELECTION","faturas_por_cliente","QUERY_NFSE","nfse.edges.node.nfseService.id","GRAPHQL_TYPE_UNVERIFIED","NOT_PRESENT_OR_UNRESOLVED","crosswalk.faturas_por_cliente.alias_nfseservice_id","","VINCULO_INDIVIDUAL_CONDICIONADO","G03/G04"
"GQL-0171","GRAPHQL_SELECTION","faturas_por_cliente","QUERY_NFSE","nfse.edges.node.nfseService.description","GRAPHQL_TYPE_UNVERIFIED","NOT_PRESENT_OR_UNRESOLVED","crosswalk.faturas_por_cliente.pending_relation_nfseservice_description","","VINCULO_INDIVIDUAL_CONDICIONADO","G03/G04"
"GQL-0172","GRAPHQL_SELECTION","faturas_por_cliente","QUERY_NFSE","nfse.pageInfo.hasNextPage","GRAPHQL_TYPE_UNVERIFIED","NOT_PRESENT_OR_UNRESOLVED","ctl.source_cursor_evidence","","VINCULO_INDIVIDUAL_CONDICIONADO","G03/G04"
"GQL-0173","GRAPHQL_SELECTION","faturas_por_cliente","QUERY_NFSE","nfse.pageInfo.endCursor","GRAPHQL_TYPE_UNVERIFIED","NOT_PRESENT_OR_UNRESOLVED","ctl.source_cursor_evidence","","VINCULO_INDIVIDUAL_CONDICIONADO","G03/G04"
"GQL-0174","GRAPHQL_SELECTION","contas_a_pagar","QUERY_RESOLVER_CONTA_BANCARIA","bankAccount.edges.node.id","GRAPHQL_TYPE_UNVERIFIED","NOT_PRESENT_OR_UNRESOLVED","crosswalk.contas_a_pagar.pending_relation_id","","VINCULO_INDIVIDUAL_CONDICIONADO","G03/G04"
"GQL-0175","GRAPHQL_SELECTION","contas_a_pagar","QUERY_RESOLVER_CONTA_BANCARIA","bankAccount.edges.node.bankName","GRAPHQL_TYPE_UNVERIFIED","NOT_PRESENT_OR_UNRESOLVED","crosswalk.contas_a_pagar.pending_relation_bankname","","VINCULO_INDIVIDUAL_CONDICIONADO","G03/G04"
"GQL-0176","GRAPHQL_SELECTION","contas_a_pagar","QUERY_RESOLVER_CONTA_BANCARIA","bankAccount.edges.node.portfolioVariation","GRAPHQL_TYPE_UNVERIFIED","NOT_PRESENT_OR_UNRESOLVED","crosswalk.contas_a_pagar.pending_relation_portfoliovariation","","VINCULO_INDIVIDUAL_CONDICIONADO","G03/G04"
"GQL-0177","GRAPHQL_SELECTION","contas_a_pagar","QUERY_RESOLVER_CONTA_BANCARIA","bankAccount.edges.node.customInstruction","GRAPHQL_TYPE_UNVERIFIED","NOT_PRESENT_OR_UNRESOLVED","crosswalk.contas_a_pagar.pending_relation_custominstruction","","VINCULO_INDIVIDUAL_CONDICIONADO","G03/G04"
"GQL-0178","GRAPHQL_SELECTION","usuarios","QUERY_USUARIOS_SISTEMA","individual.pageInfo.hasNextPage","GRAPHQL_TYPE_UNVERIFIED","NOT_PRESENT_OR_UNRESOLVED","ctl.execution_page_audit.terminal_evidence_kind","","TRANSITORIO_COM_SAIDA_GOVERNADA","G03/G04"
"GQL-0179","GRAPHQL_SELECTION","usuarios","QUERY_USUARIOS_SISTEMA","individual.pageInfo.endCursor","GRAPHQL_TYPE_UNVERIFIED","NOT_PRESENT_OR_UNRESOLVED","ctl.execution_page_audit.page_number","","TRANSITORIO_COM_SAIDA_GOVERNADA","G03/G04"
"GQL-0180","GRAPHQL_SELECTION","usuarios","QUERY_USUARIOS_SISTEMA","individual.edges.node.id","GRAPHQL_TYPE_UNVERIFIED","NOT_PRESENT_OR_UNRESOLVED","stg.usuario_record.source_key + core.usuario.source_key","","TRANSITORIO_COM_SAIDA_GOVERNADA","G03/G04"
"GQL-0181","GRAPHQL_SELECTION","usuarios","QUERY_USUARIOS_SISTEMA","individual.edges.node.name","GRAPHQL_TYPE_UNVERIFIED","NOT_PRESENT_OR_UNRESOLVED","stg.usuario_record.usuario_name + core.usuario.usuario_name + core.usuario_history.usuario_name","","TRANSITORIO_COM_SAIDA_GOVERNADA","G03/G04"
"MART-0001","V1_FACT_COLUMN","fato_gestao_vista_fretes","MAT-01..MAT-05","SET_BASED_EXPRESSION_TO_RECONCILE","CHAR(2)","NOT_PRESENT_OR_UNRESOLVED","mart.fato_gestao_vista_fretes.indicador_codigo","","VINCULO_INDIVIDUAL_CONDICIONADO","G03/G04"
"MART-0002","V1_FACT_COLUMN","fato_gestao_vista_fretes","MAT-01..MAT-05","SET_BASED_EXPRESSION_TO_RECONCILE","DATE","NOT_PRESENT_OR_UNRESOLVED","mart.fato_gestao_vista_fretes.data_referencia","","VINCULO_INDIVIDUAL_CONDICIONADO","G03/G04"
"MART-0003","V1_FACT_COLUMN","fato_gestao_vista_fretes","MAT-01..MAT-05","SET_BASED_EXPRESSION_TO_RECONCILE","INT","NOT_PRESENT_OR_UNRESOLVED","mart.fato_gestao_vista_fretes.data_referencia_yyyymm","","VINCULO_INDIVIDUAL_CONDICIONADO","G03/G04"
"MART-0004","V1_FACT_COLUMN","fato_gestao_vista_fretes","MAT-01..MAT-05","SET_BASED_EXPRESSION_TO_RECONCILE","BIGINT","NOT_PRESENT_OR_UNRESOLVED","mart.fato_gestao_vista_fretes.numero_minuta","","VINCULO_INDIVIDUAL_CONDICIONADO","G03/G04"
"MART-0005","V1_FACT_COLUMN","fato_gestao_vista_fretes","MAT-01..MAT-05","SET_BASED_EXPRESSION_TO_RECONCILE","BIGINT","NOT_PRESENT_OR_UNRESOLVED","mart.fato_gestao_vista_fretes.frete_id_origem","","VINCULO_INDIVIDUAL_CONDICIONADO","G03/G04"
"MART-0006","V1_FACT_COLUMN","fato_gestao_vista_fretes","MAT-01..MAT-05","SET_BASED_EXPRESSION_TO_RECONCILE","DATETIMEOFFSET","NOT_PRESENT_OR_UNRESOLVED","mart.fato_gestao_vista_fretes.data_frete","","VINCULO_INDIVIDUAL_CONDICIONADO","G03/G04"
"MART-0007","V1_FACT_COLUMN","fato_gestao_vista_fretes","MAT-01..MAT-05","SET_BASED_EXPRESSION_TO_RECONCILE","DATE","NOT_PRESENT_OR_UNRESOLVED","mart.fato_gestao_vista_fretes.data_frete_date","","VINCULO_INDIVIDUAL_CONDICIONADO","G03/G04"
"MART-0008","V1_FACT_COLUMN","fato_gestao_vista_fretes","MAT-01..MAT-05","SET_BASED_EXPRESSION_TO_RECONCILE","DATE","NOT_PRESENT_OR_UNRESOLVED","mart.fato_gestao_vista_fretes.data_previsao_entrega","","VINCULO_INDIVIDUAL_CONDICIONADO","G03/G04"
"MART-0009","V1_FACT_COLUMN","fato_gestao_vista_fretes","MAT-01..MAT-05","SET_BASED_EXPRESSION_TO_RECONCILE","DATE","NOT_PRESENT_OR_UNRESOLVED","mart.fato_gestao_vista_fretes.data_finalizacao_performance","","VINCULO_INDIVIDUAL_CONDICIONADO","G03/G04"
"MART-0010","V1_FACT_COLUMN","fato_gestao_vista_fretes","MAT-01..MAT-05","SET_BASED_EXPRESSION_TO_RECONCILE","NVARCHAR(255)","NOT_PRESENT_OR_UNRESOLVED","mart.fato_gestao_vista_fretes.filial_emissora","","VINCULO_INDIVIDUAL_CONDICIONADO","G03/G04"
"MART-0011","V1_FACT_COLUMN","fato_gestao_vista_fretes","MAT-01..MAT-05","SET_BASED_EXPRESSION_TO_RECONCILE","NVARCHAR(255)","NOT_PRESENT_OR_UNRESOLVED","mart.fato_gestao_vista_fretes.filial_emissora_key","","VINCULO_INDIVIDUAL_CONDICIONADO","G03/G04"
"MART-0012","V1_FACT_COLUMN","fato_gestao_vista_fretes","MAT-01..MAT-05","SET_BASED_EXPRESSION_TO_RECONCILE","NVARCHAR(255)","NOT_PRESENT_OR_UNRESOLVED","mart.fato_gestao_vista_fretes.filial_performance","","VINCULO_INDIVIDUAL_CONDICIONADO","G03/G04"
"MART-0013","V1_FACT_COLUMN","fato_gestao_vista_fretes","MAT-01..MAT-05","SET_BASED_EXPRESSION_TO_RECONCILE","NVARCHAR(255)","NOT_PRESENT_OR_UNRESOLVED","mart.fato_gestao_vista_fretes.filial_performance_key","","VINCULO_INDIVIDUAL_CONDICIONADO","G03/G04"
"MART-0014","V1_FACT_COLUMN","fato_gestao_vista_fretes","MAT-01..MAT-05","SET_BASED_EXPRESSION_TO_RECONCILE","NVARCHAR(255)","NOT_PRESENT_OR_UNRESOLVED","mart.fato_gestao_vista_fretes.responsavel_regiao_destino","","VINCULO_INDIVIDUAL_CONDICIONADO","G03/G04"
"MART-0015","V1_FACT_COLUMN","fato_gestao_vista_fretes","MAT-01..MAT-05","SET_BASED_EXPRESSION_TO_RECONCILE","NVARCHAR(255)","NOT_PRESENT_OR_UNRESOLVED","mart.fato_gestao_vista_fretes.responsavel_regiao_destino_key","","VINCULO_INDIVIDUAL_CONDICIONADO","G03/G04"
"MART-0016","V1_FACT_COLUMN","fato_gestao_vista_fretes","MAT-01..MAT-05","SET_BASED_EXPRESSION_TO_RECONCILE","NVARCHAR(255)","NOT_PRESENT_OR_UNRESOLVED","mart.fato_gestao_vista_fretes.regiao_destino","","VINCULO_INDIVIDUAL_CONDICIONADO","G03/G04"
"MART-0017","V1_FACT_COLUMN","fato_gestao_vista_fretes","MAT-01..MAT-05","SET_BASED_EXPRESSION_TO_RECONCILE","NVARCHAR(255)","NOT_PRESENT_OR_UNRESOLVED","mart.fato_gestao_vista_fretes.pagador_nome","","VINCULO_INDIVIDUAL_CONDICIONADO","G03/G04"
"MART-0018","V1_FACT_COLUMN","fato_gestao_vista_fretes","MAT-01..MAT-05","SET_BASED_EXPRESSION_TO_RECONCILE","NVARCHAR(50)","NOT_PRESENT_OR_UNRESOLVED","mart.fato_gestao_vista_fretes.pagador_documento","","VINCULO_INDIVIDUAL_CONDICIONADO","G03/G04"
"MART-0019","V1_FACT_COLUMN","fato_gestao_vista_fretes","MAT-01..MAT-05","SET_BASED_EXPRESSION_TO_RECONCILE","NVARCHAR(50)","NOT_PRESENT_OR_UNRESOLVED","mart.fato_gestao_vista_fretes.pagador_documento_key","","VINCULO_INDIVIDUAL_CONDICIONADO","G03/G04"
"MART-0020","V1_FACT_COLUMN","fato_gestao_vista_fretes","MAT-01..MAT-05","SET_BASED_EXPRESSION_TO_RECONCILE","NVARCHAR(50)","NOT_PRESENT_OR_UNRESOLVED","mart.fato_gestao_vista_fretes.remetente_documento","","VINCULO_INDIVIDUAL_CONDICIONADO","G03/G04"
"MART-0021","V1_FACT_COLUMN","fato_gestao_vista_fretes","MAT-01..MAT-05","SET_BASED_EXPRESSION_TO_RECONCILE","NVARCHAR(50)","NOT_PRESENT_OR_UNRESOLVED","mart.fato_gestao_vista_fretes.destinatario_documento","","VINCULO_INDIVIDUAL_CONDICIONADO","G03/G04"
"MART-0022","V1_FACT_COLUMN","fato_gestao_vista_fretes","MAT-01..MAT-05","SET_BASED_EXPRESSION_TO_RECONCILE","NVARCHAR(255)","NOT_PRESENT_OR_UNRESOLVED","mart.fato_gestao_vista_fretes.destino","","VINCULO_INDIVIDUAL_CONDICIONADO","G03/G04"
"MART-0023","V1_FACT_COLUMN","fato_gestao_vista_fretes","MAT-01..MAT-05","SET_BASED_EXPRESSION_TO_RECONCILE","NVARCHAR(255)","NOT_PRESENT_OR_UNRESOLVED","mart.fato_gestao_vista_fretes.destino_cidade","","VINCULO_INDIVIDUAL_CONDICIONADO","G03/G04"
"MART-0024","V1_FACT_COLUMN","fato_gestao_vista_fretes","MAT-01..MAT-05","SET_BASED_EXPRESSION_TO_RECONCILE","NVARCHAR(10)","NOT_PRESENT_OR_UNRESOLVED","mart.fato_gestao_vista_fretes.destino_uf","","VINCULO_INDIVIDUAL_CONDICIONADO","G03/G04"
"MART-0025","V1_FACT_COLUMN","fato_gestao_vista_fretes","MAT-01..MAT-05","SET_BASED_EXPRESSION_TO_RECONCILE","NVARCHAR(50)","NOT_PRESENT_OR_UNRESOLVED","mart.fato_gestao_vista_fretes.status_norm","","VINCULO_INDIVIDUAL_CONDICIONADO","G03/G04"
"MART-0026","V1_FACT_COLUMN","fato_gestao_vista_fretes","MAT-01..MAT-05","SET_BASED_EXPRESSION_TO_RECONCILE","NVARCHAR(50)","NOT_PRESENT_OR_UNRESOLVED","mart.fato_gestao_vista_fretes.documento_oficial_tipo","","VINCULO_INDIVIDUAL_CONDICIONADO","G03/G04"
"MART-0027","V1_FACT_COLUMN","fato_gestao_vista_fretes","MAT-01..MAT-05","SET_BASED_EXPRESSION_TO_RECONCILE","NVARCHAR(100)","NOT_PRESENT_OR_UNRESOLVED","mart.fato_gestao_vista_fretes.tipo_frete","","VINCULO_INDIVIDUAL_CONDICIONADO","G03/G04"
"MART-0028","V1_FACT_COLUMN","fato_gestao_vista_fretes","MAT-01..MAT-05","SET_BASED_EXPRESSION_TO_RECONCILE","NVARCHAR(50)","NOT_PRESENT_OR_UNRESOLVED","mart.fato_gestao_vista_fretes.modal","","VINCULO_INDIVIDUAL_CONDICIONADO","G03/G04"
"MART-0029","V1_FACT_COLUMN","fato_gestao_vista_fretes","MAT-01..MAT-05","SET_BASED_EXPRESSION_TO_RECONCILE","DECIMAL(18,2)","NOT_PRESENT_OR_UNRESOLVED","mart.fato_gestao_vista_fretes.valor_total","","VINCULO_INDIVIDUAL_CONDICIONADO","G03/G04"
"MART-0030","V1_FACT_COLUMN","fato_gestao_vista_fretes","MAT-01..MAT-05","SET_BASED_EXPRESSION_TO_RECONCILE","DECIMAL(18,3)","NOT_PRESENT_OR_UNRESOLVED","mart.fato_gestao_vista_fretes.peso_taxado","","VINCULO_INDIVIDUAL_CONDICIONADO","G03/G04"
"MART-0031","V1_FACT_COLUMN","fato_gestao_vista_fretes","MAT-01..MAT-05","SET_BASED_EXPRESSION_TO_RECONCILE","DECIMAL(18,3)","NOT_PRESENT_OR_UNRESOLVED","mart.fato_gestao_vista_fretes.peso_real","","VINCULO_INDIVIDUAL_CONDICIONADO","G03/G04"
"MART-0032","V1_FACT_COLUMN","fato_gestao_vista_fretes","MAT-01..MAT-05","SET_BASED_EXPRESSION_TO_RECONCILE","DECIMAL(18,6)","NOT_PRESENT_OR_UNRESOLVED","mart.fato_gestao_vista_fretes.peso_cubado","","VINCULO_INDIVIDUAL_CONDICIONADO","G03/G04"
"MART-0033","V1_FACT_COLUMN","fato_gestao_vista_fretes","MAT-01..MAT-05","SET_BASED_EXPRESSION_TO_RECONCILE","DECIMAL(18,6)","NOT_PRESENT_OR_UNRESOLVED","mart.fato_gestao_vista_fretes.total_m3","","VINCULO_INDIVIDUAL_CONDICIONADO","G03/G04"
"MART-0034","V1_FACT_COLUMN","fato_gestao_vista_fretes","MAT-01..MAT-05","SET_BASED_EXPRESSION_TO_RECONCILE","INT","NOT_PRESENT_OR_UNRESOLVED","mart.fato_gestao_vista_fretes.volumes","","VINCULO_INDIVIDUAL_CONDICIONADO","G03/G04"
"MART-0035","V1_FACT_COLUMN","fato_gestao_vista_fretes","MAT-01..MAT-05","SET_BASED_EXPRESSION_TO_RECONCILE","SMALLINT","NOT_PRESENT_OR_UNRESOLVED","mart.fato_gestao_vista_fretes.performance_diferenca_dias","","VINCULO_INDIVIDUAL_CONDICIONADO","G03/G04"
"MART-0036","V1_FACT_COLUMN","fato_gestao_vista_fretes","MAT-01..MAT-05","SET_BASED_EXPRESSION_TO_RECONCILE","NVARCHAR(50)","NOT_PRESENT_OR_UNRESOLVED","mart.fato_gestao_vista_fretes.performance_status","","VINCULO_INDIVIDUAL_CONDICIONADO","G03/G04"
"MART-0037","V1_FACT_COLUMN","fato_gestao_vista_fretes","MAT-01..MAT-05","SET_BASED_EXPRESSION_TO_RECONCILE","TINYINT","NOT_PRESENT_OR_UNRESOLVED","mart.fato_gestao_vista_fretes.performance_status_codigo","","VINCULO_INDIVIDUAL_CONDICIONADO","G03/G04"
"MART-0038","V1_FACT_COLUMN","fato_gestao_vista_fretes","MAT-01..MAT-05","SET_BASED_EXPRESSION_TO_RECONCILE","BIT","NOT_PRESENT_OR_UNRESOLVED","mart.fato_gestao_vista_fretes.is_no_prazo","","VINCULO_INDIVIDUAL_CONDICIONADO","G03/G04"
"MART-0039","V1_FACT_COLUMN","fato_gestao_vista_fretes","MAT-01..MAT-05","SET_BASED_EXPRESSION_TO_RECONCILE","BIT","NOT_PRESENT_OR_UNRESOLVED","mart.fato_gestao_vista_fretes.is_fora_prazo","","VINCULO_INDIVIDUAL_CONDICIONADO","G03/G04"
"MART-0040","V1_FACT_COLUMN","fato_gestao_vista_fretes","MAT-01..MAT-05","SET_BASED_EXPRESSION_TO_RECONCILE","BIT","NOT_PRESENT_OR_UNRESOLVED","mart.fato_gestao_vista_fretes.is_cubado","","VINCULO_INDIVIDUAL_CONDICIONADO","G03/G04"
"MART-0041","V1_FACT_COLUMN","fato_gestao_vista_fretes","MAT-01..MAT-05","SET_BASED_EXPRESSION_TO_RECONCILE","BIT","NOT_PRESENT_OR_UNRESOLVED","mart.fato_gestao_vista_fretes.is_peso_real_informado","","VINCULO_INDIVIDUAL_CONDICIONADO","G03/G04"
"MART-0042","V1_FACT_COLUMN","fato_gestao_vista_fretes","MAT-01..MAT-05","SET_BASED_EXPRESSION_TO_RECONCILE","BIT","NOT_PRESENT_OR_UNRESOLVED","mart.fato_gestao_vista_fretes.is_cancelado","","VINCULO_INDIVIDUAL_CONDICIONADO","G03/G04"
"MART-0043","V1_FACT_COLUMN","fato_gestao_vista_fretes","MAT-01..MAT-05","SET_BASED_EXPRESSION_TO_RECONCILE","BIT","NOT_PRESENT_OR_UNRESOLVED","mart.fato_gestao_vista_fretes.is_cortesia","","VINCULO_INDIVIDUAL_CONDICIONADO","G03/G04"
"MART-0044","V1_FACT_COLUMN","fato_gestao_vista_fretes","MAT-01..MAT-05","SET_BASED_EXPRESSION_TO_RECONCILE","BIT","NOT_PRESENT_OR_UNRESOLVED","mart.fato_gestao_vista_fretes.is_documento_emitido","","VINCULO_INDIVIDUAL_CONDICIONADO","G03/G04"
"MART-0045","V1_FACT_COLUMN","fato_gestao_vista_fretes","MAT-01..MAT-05","SET_BASED_EXPRESSION_TO_RECONCILE","BIT","NOT_PRESENT_OR_UNRESOLVED","mart.fato_gestao_vista_fretes.is_elegivel_operacional","","VINCULO_INDIVIDUAL_CONDICIONADO","G03/G04"
"MART-0046","V1_FACT_COLUMN","fato_gestao_vista_fretes","MAT-01..MAT-05","SET_BASED_EXPRESSION_TO_RECONCILE","BIT","NOT_PRESENT_OR_UNRESOLVED","mart.fato_gestao_vista_fretes.is_elegivel_operacional_com_valor","","VINCULO_INDIVIDUAL_CONDICIONADO","G03/G04"
"MART-0047","V1_FACT_COLUMN","fato_gestao_vista_fretes","MAT-01..MAT-05","SET_BASED_EXPRESSION_TO_RECONCILE","BIT","NOT_PRESENT_OR_UNRESOLVED","mart.fato_gestao_vista_fretes.is_pagador_excluido_cubagem","","VINCULO_INDIVIDUAL_CONDICIONADO","G03/G04"
"MART-0048","V1_FACT_COLUMN","fato_gestao_vista_fretes","MAT-01..MAT-05","SET_BASED_EXPRESSION_TO_RECONCILE","BIT","NOT_PRESENT_OR_UNRESOLVED","mart.fato_gestao_vista_fretes.is_linha_valida_indicador","","VINCULO_INDIVIDUAL_CONDICIONADO","G03/G04"
"MART-0049","V1_FACT_COLUMN","fato_gestao_vista_fretes","MAT-01..MAT-05","SET_BASED_EXPRESSION_TO_RECONCILE","BIT","NOT_PRESENT_OR_UNRESOLVED","mart.fato_gestao_vista_fretes.excluido_na_origem","","VINCULO_INDIVIDUAL_CONDICIONADO","G03/G04"
"MART-0050","V1_FACT_COLUMN","fato_gestao_vista_fretes","MAT-01..MAT-05","SET_BASED_EXPRESSION_TO_RECONCILE","DATETIME2(0)","NOT_PRESENT_OR_UNRESOLVED","mart.fato_gestao_vista_fretes.data_exclusao_origem","","VINCULO_INDIVIDUAL_CONDICIONADO","G03/G04"
"MART-0051","V1_FACT_COLUMN","fato_gestao_vista_fretes","MAT-01..MAT-05","SET_BASED_EXPRESSION_TO_RECONCILE","DATETIME2(0)","NOT_PRESENT_OR_UNRESOLVED","mart.fato_gestao_vista_fretes.ultima_reconciliacao_origem_em","","VINCULO_INDIVIDUAL_CONDICIONADO","G03/G04"
"MART-0052","V1_FACT_COLUMN","fato_gestao_vista_fretes","MAT-01..MAT-05","SET_BASED_EXPRESSION_TO_RECONCILE","DATETIME2(0)","NOT_PRESENT_OR_UNRESOLVED","mart.fato_gestao_vista_fretes.data_extracao","","VINCULO_INDIVIDUAL_CONDICIONADO","G03/G04"
"MART-0053","V1_FACT_COLUMN","fato_gestao_vista_fretes","MAT-01..MAT-05","SET_BASED_EXPRESSION_TO_RECONCILE","DATETIME2(0)","NOT_PRESENT_OR_UNRESOLVED","mart.fato_gestao_vista_fretes.snapshot_em","","VINCULO_INDIVIDUAL_CONDICIONADO","G03/G04"
"MART-0054","V1_FACT_COLUMN","fato_gestao_vista_fretes","MAT-01..MAT-05","SET_BASED_EXPRESSION_TO_RECONCILE","BINARY(32)","NOT_PRESENT_OR_UNRESOLVED","mart.fato_gestao_vista_fretes.hash_linha","","VINCULO_INDIVIDUAL_CONDICIONADO","G03/G04"
"MART-0055","V1_FACT_COLUMN","fato_gestao_vista_coletores","MAT-01..MAT-05","SET_BASED_EXPRESSION_TO_RECONCILE","DATE","NOT_PRESENT_OR_UNRESOLVED","mart.fato_gestao_vista_coletores.data_referencia","","VINCULO_INDIVIDUAL_CONDICIONADO","G03/G04"
"MART-0056","V1_FACT_COLUMN","fato_gestao_vista_coletores","MAT-01..MAT-05","SET_BASED_EXPRESSION_TO_RECONCILE","INT","NOT_PRESENT_OR_UNRESOLVED","mart.fato_gestao_vista_coletores.data_referencia_yyyymm","","VINCULO_INDIVIDUAL_CONDICIONADO","G03/G04"
"MART-0057","V1_FACT_COLUMN","fato_gestao_vista_coletores","MAT-01..MAT-05","SET_BASED_EXPRESSION_TO_RECONCILE","NVARCHAR(255)","NOT_PRESENT_OR_UNRESOLVED","mart.fato_gestao_vista_coletores.filial","","VINCULO_INDIVIDUAL_CONDICIONADO","G03/G04"
"MART-0058","V1_FACT_COLUMN","fato_gestao_vista_coletores","MAT-01..MAT-05","SET_BASED_EXPRESSION_TO_RECONCILE","NVARCHAR(255)","NOT_PRESENT_OR_UNRESOLVED","mart.fato_gestao_vista_coletores.filial_key","","VINCULO_INDIVIDUAL_CONDICIONADO","G03/G04"
"MART-0059","V1_FACT_COLUMN","fato_gestao_vista_coletores","MAT-01..MAT-05","SET_BASED_EXPRESSION_TO_RECONCILE","NVARCHAR(50)","NOT_PRESENT_OR_UNRESOLVED","mart.fato_gestao_vista_coletores.classificacao","","VINCULO_INDIVIDUAL_CONDICIONADO","G03/G04"
"MART-0060","V1_FACT_COLUMN","fato_gestao_vista_coletores","MAT-01..MAT-05","SET_BASED_EXPRESSION_TO_RECONCILE","BIGINT","NOT_PRESENT_OR_UNRESOLVED","mart.fato_gestao_vista_coletores.manifestos_bipados","","VINCULO_INDIVIDUAL_CONDICIONADO","G03/G04"
"MART-0061","V1_FACT_COLUMN","fato_gestao_vista_coletores","MAT-01..MAT-05","SET_BASED_EXPRESSION_TO_RECONCILE","BIGINT","NOT_PRESENT_OR_UNRESOLVED","mart.fato_gestao_vista_coletores.manifestos_emitidos","","VINCULO_INDIVIDUAL_CONDICIONADO","G03/G04"
"MART-0062","V1_FACT_COLUMN","fato_gestao_vista_coletores","MAT-01..MAT-05","SET_BASED_EXPRESSION_TO_RECONCILE","BIGINT","NOT_PRESENT_OR_UNRESOLVED","mart.fato_gestao_vista_coletores.manifestos_descarregamento","","VINCULO_INDIVIDUAL_CONDICIONADO","G03/G04"
"MART-0063","V1_FACT_COLUMN","fato_gestao_vista_coletores","MAT-01..MAT-05","SET_BASED_EXPRESSION_TO_RECONCILE","BIGINT","NOT_PRESENT_OR_UNRESOLVED","mart.fato_gestao_vista_coletores.total_manifestos","","VINCULO_INDIVIDUAL_CONDICIONADO","G03/G04"
"MART-0064","V1_FACT_COLUMN","fato_gestao_vista_coletores","MAT-01..MAT-05","SET_BASED_EXPRESSION_TO_RECONCILE","BIGINT","NOT_PRESENT_OR_UNRESOLVED","mart.fato_gestao_vista_coletores.manifestos_incompletos","","VINCULO_INDIVIDUAL_CONDICIONADO","G03/G04"
"MART-0065","V1_FACT_COLUMN","fato_gestao_vista_coletores","MAT-01..MAT-05","SET_BASED_EXPRESSION_TO_RECONCILE","DECIMAL(9,4)","NOT_PRESENT_OR_UNRESOLVED","mart.fato_gestao_vista_coletores.pct_utilizacao","","VINCULO_INDIVIDUAL_CONDICIONADO","G03/G04"
"MART-0066","V1_FACT_COLUMN","fato_gestao_vista_coletores","MAT-01..MAT-05","SET_BASED_EXPRESSION_TO_RECONCILE","BIT","NOT_PRESENT_OR_UNRESOLVED","mart.fato_gestao_vista_coletores.tem_ordens_conferencia","","VINCULO_INDIVIDUAL_CONDICIONADO","G03/G04"
"MART-0067","V1_FACT_COLUMN","fato_gestao_vista_coletores","MAT-01..MAT-05","SET_BASED_EXPRESSION_TO_RECONCILE","BIT","NOT_PRESENT_OR_UNRESOLVED","mart.fato_gestao_vista_coletores.tem_manifestos_bipaveis","","VINCULO_INDIVIDUAL_CONDICIONADO","G03/G04"
"MART-0068","V1_FACT_COLUMN","fato_gestao_vista_coletores","MAT-01..MAT-05","SET_BASED_EXPRESSION_TO_RECONCILE","BIT","NOT_PRESENT_OR_UNRESOLVED","mart.fato_gestao_vista_coletores.is_filial_operacional","","VINCULO_INDIVIDUAL_CONDICIONADO","G03/G04"
"MART-0069","V1_FACT_COLUMN","fato_gestao_vista_coletores","MAT-01..MAT-05","SET_BASED_EXPRESSION_TO_RECONCILE","BIT","NOT_PRESENT_OR_UNRESOLVED","mart.fato_gestao_vista_coletores.is_linha_valida_indicador","","VINCULO_INDIVIDUAL_CONDICIONADO","G03/G04"
"MART-0070","V1_FACT_COLUMN","fato_gestao_vista_coletores","MAT-01..MAT-05","SET_BASED_EXPRESSION_TO_RECONCILE","BIT","NOT_PRESENT_OR_UNRESOLVED","mart.fato_gestao_vista_coletores.excluido_na_origem","","VINCULO_INDIVIDUAL_CONDICIONADO","G03/G04"
"MART-0071","V1_FACT_COLUMN","fato_gestao_vista_coletores","MAT-01..MAT-05","SET_BASED_EXPRESSION_TO_RECONCILE","DATETIME2(0)","NOT_PRESENT_OR_UNRESOLVED","mart.fato_gestao_vista_coletores.data_exclusao_origem","","VINCULO_INDIVIDUAL_CONDICIONADO","G03/G04"
"MART-0072","V1_FACT_COLUMN","fato_gestao_vista_coletores","MAT-01..MAT-05","SET_BASED_EXPRESSION_TO_RECONCILE","DATETIME2(0)","NOT_PRESENT_OR_UNRESOLVED","mart.fato_gestao_vista_coletores.ultima_reconciliacao_origem_em","","VINCULO_INDIVIDUAL_CONDICIONADO","G03/G04"
"MART-0073","V1_FACT_COLUMN","fato_gestao_vista_coletores","MAT-01..MAT-05","SET_BASED_EXPRESSION_TO_RECONCILE","DATETIME2(0)","NOT_PRESENT_OR_UNRESOLVED","mart.fato_gestao_vista_coletores.updated_at","","VINCULO_INDIVIDUAL_CONDICIONADO","G03/G04"
"MART-0074","V1_FACT_COLUMN","fato_gestao_vista_coletores","MAT-01..MAT-05","SET_BASED_EXPRESSION_TO_RECONCILE","DATETIME2(0)","NOT_PRESENT_OR_UNRESOLVED","mart.fato_gestao_vista_coletores.snapshot_em","","VINCULO_INDIVIDUAL_CONDICIONADO","G03/G04"
"MART-0075","V1_FACT_COLUMN","fato_gestao_vista_coletores","MAT-01..MAT-05","SET_BASED_EXPRESSION_TO_RECONCILE","BINARY(32)","NOT_PRESENT_OR_UNRESOLVED","mart.fato_gestao_vista_coletores.hash_linha","","VINCULO_INDIVIDUAL_CONDICIONADO","G03/G04"
"MART-0076","V1_FACT_COLUMN","fato_fretes_faturamento","MAT-01..MAT-05","SET_BASED_EXPRESSION_TO_RECONCILE","BIGINT","NOT_PRESENT_OR_UNRESOLVED","mart.fato_fretes_faturamento.frete_id","","VINCULO_INDIVIDUAL_CONDICIONADO","G03/G04"
"MART-0077","V1_FACT_COLUMN","fato_fretes_faturamento","MAT-01..MAT-05","SET_BASED_EXPRESSION_TO_RECONCILE","BIGINT","NOT_PRESENT_OR_UNRESOLVED","mart.fato_fretes_faturamento.numero_minuta","","VINCULO_INDIVIDUAL_CONDICIONADO","G03/G04"
"MART-0078","V1_FACT_COLUMN","fato_fretes_faturamento","MAT-01..MAT-05","SET_BASED_EXPRESSION_TO_RECONCILE","DATETIMEOFFSET","NOT_PRESENT_OR_UNRESOLVED","mart.fato_fretes_faturamento.data_referencia_faturamento","","VINCULO_INDIVIDUAL_CONDICIONADO","G03/G04"
"MART-0079","V1_FACT_COLUMN","fato_fretes_faturamento","MAT-01..MAT-05","SET_BASED_EXPRESSION_TO_RECONCILE","DATE","NOT_PRESENT_OR_UNRESOLVED","mart.fato_fretes_faturamento.data_referencia_faturamento_date","","VINCULO_INDIVIDUAL_CONDICIONADO","G03/G04"
"MART-0080","V1_FACT_COLUMN","fato_fretes_faturamento","MAT-01..MAT-05","SET_BASED_EXPRESSION_TO_RECONCILE","INT","NOT_PRESENT_OR_UNRESOLVED","mart.fato_fretes_faturamento.data_referencia_faturamento_yyyymm","","VINCULO_INDIVIDUAL_CONDICIONADO","G03/G04"
"MART-0081","V1_FACT_COLUMN","fato_fretes_faturamento","MAT-01..MAT-05","SET_BASED_EXPRESSION_TO_RECONCILE","DATETIMEOFFSET","NOT_PRESENT_OR_UNRESOLVED","mart.fato_fretes_faturamento.data_referencia_faturamento_real","","VINCULO_INDIVIDUAL_CONDICIONADO","G03/G04"
"MART-0082","V1_FACT_COLUMN","fato_fretes_faturamento","MAT-01..MAT-05","SET_BASED_EXPRESSION_TO_RECONCILE","DATE","NOT_PRESENT_OR_UNRESOLVED","mart.fato_fretes_faturamento.data_referencia_faturamento_real_date","","VINCULO_INDIVIDUAL_CONDICIONADO","G03/G04"
"MART-0083","V1_FACT_COLUMN","fato_fretes_faturamento","MAT-01..MAT-05","SET_BASED_EXPRESSION_TO_RECONCILE","INT","NOT_PRESENT_OR_UNRESOLVED","mart.fato_fretes_faturamento.data_referencia_faturamento_real_yyyymm","","VINCULO_INDIVIDUAL_CONDICIONADO","G03/G04"
"MART-0084","V1_FACT_COLUMN","fato_fretes_faturamento","MAT-01..MAT-05","SET_BASED_EXPRESSION_TO_RECONCILE","BIT","NOT_PRESENT_OR_UNRESOLVED","mart.fato_fretes_faturamento.is_data_faturamento_retroagida","","VINCULO_INDIVIDUAL_CONDICIONADO","G03/G04"
"MART-0085","V1_FACT_COLUMN","fato_fretes_faturamento","MAT-01..MAT-05","SET_BASED_EXPRESSION_TO_RECONCILE","DATETIMEOFFSET","NOT_PRESENT_OR_UNRESOLVED","mart.fato_fretes_faturamento.data_frete","","VINCULO_INDIVIDUAL_CONDICIONADO","G03/G04"
"MART-0086","V1_FACT_COLUMN","fato_fretes_faturamento","MAT-01..MAT-05","SET_BASED_EXPRESSION_TO_RECONCILE","DATE","NOT_PRESENT_OR_UNRESOLVED","mart.fato_fretes_faturamento.data_frete_date","","VINCULO_INDIVIDUAL_CONDICIONADO","G03/G04"
"MART-0087","V1_FACT_COLUMN","fato_fretes_faturamento","MAT-01..MAT-05","SET_BASED_EXPRESSION_TO_RECONCILE","DATETIMEOFFSET","NOT_PRESENT_OR_UNRESOLVED","mart.fato_fretes_faturamento.data_emissao_cte","","VINCULO_INDIVIDUAL_CONDICIONADO","G03/G04"
"MART-0088","V1_FACT_COLUMN","fato_fretes_faturamento","MAT-01..MAT-05","SET_BASED_EXPRESSION_TO_RECONCILE","DATETIMEOFFSET","NOT_PRESENT_OR_UNRESOLVED","mart.fato_fretes_faturamento.criado_em","","VINCULO_INDIVIDUAL_CONDICIONADO","G03/G04"
"MART-0089","V1_FACT_COLUMN","fato_fretes_faturamento","MAT-01..MAT-05","SET_BASED_EXPRESSION_TO_RECONCILE","BIGINT","NOT_PRESENT_OR_UNRESOLVED","mart.fato_fretes_faturamento.filial_id","","VINCULO_INDIVIDUAL_CONDICIONADO","G03/G04"
"MART-0090","V1_FACT_COLUMN","fato_fretes_faturamento","MAT-01..MAT-05","SET_BASED_EXPRESSION_TO_RECONCILE","NVARCHAR(255)","NOT_PRESENT_OR_UNRESOLVED","mart.fato_fretes_faturamento.filial_nome","","VINCULO_INDIVIDUAL_CONDICIONADO","G03/G04"
"MART-0091","V1_FACT_COLUMN","fato_fretes_faturamento","MAT-01..MAT-05","SET_BASED_EXPRESSION_TO_RECONCILE","NVARCHAR(255)","NOT_PRESENT_OR_UNRESOLVED","mart.fato_fretes_faturamento.filial_key","","VINCULO_INDIVIDUAL_CONDICIONADO","G03/G04"
"MART-0092","V1_FACT_COLUMN","fato_fretes_faturamento","MAT-01..MAT-05","SET_BASED_EXPRESSION_TO_RECONCILE","NVARCHAR(255)","NOT_PRESENT_OR_UNRESOLVED","mart.fato_fretes_faturamento.filial_apelido","","VINCULO_INDIVIDUAL_CONDICIONADO","G03/G04"
"MART-0093","V1_FACT_COLUMN","fato_fretes_faturamento","MAT-01..MAT-05","SET_BASED_EXPRESSION_TO_RECONCILE","NVARCHAR(50)","NOT_PRESENT_OR_UNRESOLVED","mart.fato_fretes_faturamento.filial_cnpj","","VINCULO_INDIVIDUAL_CONDICIONADO","G03/G04"
"MART-0094","V1_FACT_COLUMN","fato_fretes_faturamento","MAT-01..MAT-05","SET_BASED_EXPRESSION_TO_RECONCILE","NVARCHAR(255)","NOT_PRESENT_OR_UNRESOLVED","mart.fato_fretes_faturamento.responsavel_regiao_destino","","VINCULO_INDIVIDUAL_CONDICIONADO","G03/G04"
"MART-0095","V1_FACT_COLUMN","fato_fretes_faturamento","MAT-01..MAT-05","SET_BASED_EXPRESSION_TO_RECONCILE","NVARCHAR(255)","NOT_PRESENT_OR_UNRESOLVED","mart.fato_fretes_faturamento.responsavel_regiao_destino_key","","VINCULO_INDIVIDUAL_CONDICIONADO","G03/G04"
"MART-0096","V1_FACT_COLUMN","fato_fretes_faturamento","MAT-01..MAT-05","SET_BASED_EXPRESSION_TO_RECONCILE","NVARCHAR(255)","NOT_PRESENT_OR_UNRESOLVED","mart.fato_fretes_faturamento.regiao_destino","","VINCULO_INDIVIDUAL_CONDICIONADO","G03/G04"
"MART-0097","V1_FACT_COLUMN","fato_fretes_faturamento","MAT-01..MAT-05","SET_BASED_EXPRESSION_TO_RECONCILE","BIGINT","NOT_PRESENT_OR_UNRESOLVED","mart.fato_fretes_faturamento.pagador_id","","VINCULO_INDIVIDUAL_CONDICIONADO","G03/G04"
"MART-0098","V1_FACT_COLUMN","fato_fretes_faturamento","MAT-01..MAT-05","SET_BASED_EXPRESSION_TO_RECONCILE","NVARCHAR(255)","NOT_PRESENT_OR_UNRESOLVED","mart.fato_fretes_faturamento.pagador_nome","","VINCULO_INDIVIDUAL_CONDICIONADO","G03/G04"
"MART-0099","V1_FACT_COLUMN","fato_fretes_faturamento","MAT-01..MAT-05","SET_BASED_EXPRESSION_TO_RECONCILE","NVARCHAR(50)","NOT_PRESENT_OR_UNRESOLVED","mart.fato_fretes_faturamento.pagador_documento","","VINCULO_INDIVIDUAL_CONDICIONADO","G03/G04"
"MART-0100","V1_FACT_COLUMN","fato_fretes_faturamento","MAT-01..MAT-05","SET_BASED_EXPRESSION_TO_RECONCILE","NVARCHAR(50)","NOT_PRESENT_OR_UNRESOLVED","mart.fato_fretes_faturamento.pagador_documento_key","","VINCULO_INDIVIDUAL_CONDICIONADO","G03/G04"
"MART-0101","V1_FACT_COLUMN","fato_fretes_faturamento","MAT-01..MAT-05","SET_BASED_EXPRESSION_TO_RECONCILE","BIGINT","NOT_PRESENT_OR_UNRESOLVED","mart.fato_fretes_faturamento.remetente_id","","VINCULO_INDIVIDUAL_CONDICIONADO","G03/G04"
"MART-0102","V1_FACT_COLUMN","fato_fretes_faturamento","MAT-01..MAT-05","SET_BASED_EXPRESSION_TO_RECONCILE","NVARCHAR(255)","NOT_PRESENT_OR_UNRESOLVED","mart.fato_fretes_faturamento.remetente_nome","","VINCULO_INDIVIDUAL_CONDICIONADO","G03/G04"
"MART-0103","V1_FACT_COLUMN","fato_fretes_faturamento","MAT-01..MAT-05","SET_BASED_EXPRESSION_TO_RECONCILE","NVARCHAR(50)","NOT_PRESENT_OR_UNRESOLVED","mart.fato_fretes_faturamento.remetente_documento","","VINCULO_INDIVIDUAL_CONDICIONADO","G03/G04"
"MART-0104","V1_FACT_COLUMN","fato_fretes_faturamento","MAT-01..MAT-05","SET_BASED_EXPRESSION_TO_RECONCILE","BIGINT","NOT_PRESENT_OR_UNRESOLVED","mart.fato_fretes_faturamento.destinatario_id","","VINCULO_INDIVIDUAL_CONDICIONADO","G03/G04"
"MART-0105","V1_FACT_COLUMN","fato_fretes_faturamento","MAT-01..MAT-05","SET_BASED_EXPRESSION_TO_RECONCILE","NVARCHAR(255)","NOT_PRESENT_OR_UNRESOLVED","mart.fato_fretes_faturamento.destinatario_nome","","VINCULO_INDIVIDUAL_CONDICIONADO","G03/G04"
"MART-0106","V1_FACT_COLUMN","fato_fretes_faturamento","MAT-01..MAT-05","SET_BASED_EXPRESSION_TO_RECONCILE","NVARCHAR(50)","NOT_PRESENT_OR_UNRESOLVED","mart.fato_fretes_faturamento.destinatario_documento","","VINCULO_INDIVIDUAL_CONDICIONADO","G03/G04"
"MART-0107","V1_FACT_COLUMN","fato_fretes_faturamento","MAT-01..MAT-05","SET_BASED_EXPRESSION_TO_RECONCILE","NVARCHAR(255)","NOT_PRESENT_OR_UNRESOLVED","mart.fato_fretes_faturamento.origem_cidade","","VINCULO_INDIVIDUAL_CONDICIONADO","G03/G04"
"MART-0108","V1_FACT_COLUMN","fato_fretes_faturamento","MAT-01..MAT-05","SET_BASED_EXPRESSION_TO_RECONCILE","NVARCHAR(10)","NOT_PRESENT_OR_UNRESOLVED","mart.fato_fretes_faturamento.origem_uf","","VINCULO_INDIVIDUAL_CONDICIONADO","G03/G04"
"MART-0109","V1_FACT_COLUMN","fato_fretes_faturamento","MAT-01..MAT-05","SET_BASED_EXPRESSION_TO_RECONCILE","NVARCHAR(255)","NOT_PRESENT_OR_UNRESOLVED","mart.fato_fretes_faturamento.destino_cidade","","VINCULO_INDIVIDUAL_CONDICIONADO","G03/G04"
"MART-0110","V1_FACT_COLUMN","fato_fretes_faturamento","MAT-01..MAT-05","SET_BASED_EXPRESSION_TO_RECONCILE","NVARCHAR(10)","NOT_PRESENT_OR_UNRESOLVED","mart.fato_fretes_faturamento.destino_uf","","VINCULO_INDIVIDUAL_CONDICIONADO","G03/G04"
"MART-0111","V1_FACT_COLUMN","fato_fretes_faturamento","MAT-01..MAT-05","SET_BASED_EXPRESSION_TO_RECONCILE","NVARCHAR(50)","NOT_PRESENT_OR_UNRESOLVED","mart.fato_fretes_faturamento.status_frete","","VINCULO_INDIVIDUAL_CONDICIONADO","G03/G04"
"MART-0112","V1_FACT_COLUMN","fato_fretes_faturamento","MAT-01..MAT-05","SET_BASED_EXPRESSION_TO_RECONCILE","NVARCHAR(50)","NOT_PRESENT_OR_UNRESOLVED","mart.fato_fretes_faturamento.status_frete_norm","","VINCULO_INDIVIDUAL_CONDICIONADO","G03/G04"
"MART-0113","V1_FACT_COLUMN","fato_fretes_faturamento","MAT-01..MAT-05","SET_BASED_EXPRESSION_TO_RECONCILE","NVARCHAR(255)","NOT_PRESENT_OR_UNRESOLVED","mart.fato_fretes_faturamento.classificacao_nome","","VINCULO_INDIVIDUAL_CONDICIONADO","G03/G04"
"MART-0114","V1_FACT_COLUMN","fato_fretes_faturamento","MAT-01..MAT-05","SET_BASED_EXPRESSION_TO_RECONCILE","NVARCHAR(255)","NOT_PRESENT_OR_UNRESOLVED","mart.fato_fretes_faturamento.centro_custo_nome","","VINCULO_INDIVIDUAL_CONDICIONADO","G03/G04"
"MART-0115","V1_FACT_COLUMN","fato_fretes_faturamento","MAT-01..MAT-05","SET_BASED_EXPRESSION_TO_RECONCILE","NVARCHAR(100)","NOT_PRESENT_OR_UNRESOLVED","mart.fato_fretes_faturamento.tipo_frete","","VINCULO_INDIVIDUAL_CONDICIONADO","G03/G04"
"MART-0116","V1_FACT_COLUMN","fato_fretes_faturamento","MAT-01..MAT-05","SET_BASED_EXPRESSION_TO_RECONCILE","NVARCHAR(50)","NOT_PRESENT_OR_UNRESOLVED","mart.fato_fretes_faturamento.modal","","VINCULO_INDIVIDUAL_CONDICIONADO","G03/G04"
"MART-0117","V1_FACT_COLUMN","fato_fretes_faturamento","MAT-01..MAT-05","SET_BASED_EXPRESSION_TO_RECONCILE","NVARCHAR(50)","NOT_PRESENT_OR_UNRESOLVED","mart.fato_fretes_faturamento.modal_cte","","VINCULO_INDIVIDUAL_CONDICIONADO","G03/G04"
"MART-0118","V1_FACT_COLUMN","fato_fretes_faturamento","MAT-01..MAT-05","SET_BASED_EXPRESSION_TO_RECONCILE","NVARCHAR(255)","NOT_PRESENT_OR_UNRESOLVED","mart.fato_fretes_faturamento.tabela_preco_nome","","VINCULO_INDIVIDUAL_CONDICIONADO","G03/G04"
"MART-0119","V1_FACT_COLUMN","fato_fretes_faturamento","MAT-01..MAT-05","SET_BASED_EXPRESSION_TO_RECONCILE","NVARCHAR(255)","NOT_PRESENT_OR_UNRESOLVED","mart.fato_fretes_faturamento.usuario_nome","","VINCULO_INDIVIDUAL_CONDICIONADO","G03/G04"
"MART-0120","V1_FACT_COLUMN","fato_fretes_faturamento","MAT-01..MAT-05","SET_BASED_EXPRESSION_TO_RECONCILE","NVARCHAR(100)","NOT_PRESENT_OR_UNRESOLVED","mart.fato_fretes_faturamento.reference_number","","VINCULO_INDIVIDUAL_CONDICIONADO","G03/G04"
"MART-0121","V1_FACT_COLUMN","fato_fretes_faturamento","MAT-01..MAT-05","SET_BASED_EXPRESSION_TO_RECONCILE","BIGINT","NOT_PRESENT_OR_UNRESOLVED","mart.fato_fretes_faturamento.cte_id","","VINCULO_INDIVIDUAL_CONDICIONADO","G03/G04"
"MART-0122","V1_FACT_COLUMN","fato_fretes_faturamento","MAT-01..MAT-05","SET_BASED_EXPRESSION_TO_RECONCILE","NVARCHAR(100)","NOT_PRESENT_OR_UNRESOLVED","mart.fato_fretes_faturamento.chave_cte","","VINCULO_INDIVIDUAL_CONDICIONADO","G03/G04"
"MART-0123","V1_FACT_COLUMN","fato_fretes_faturamento","MAT-01..MAT-05","SET_BASED_EXPRESSION_TO_RECONCILE","INT","NOT_PRESENT_OR_UNRESOLVED","mart.fato_fretes_faturamento.numero_cte","","VINCULO_INDIVIDUAL_CONDICIONADO","G03/G04"
"MART-0124","V1_FACT_COLUMN","fato_fretes_faturamento","MAT-01..MAT-05","SET_BASED_EXPRESSION_TO_RECONCILE","INT","NOT_PRESENT_OR_UNRESOLVED","mart.fato_fretes_faturamento.serie_cte","","VINCULO_INDIVIDUAL_CONDICIONADO","G03/G04"
"MART-0125","V1_FACT_COLUMN","fato_fretes_faturamento","MAT-01..MAT-05","SET_BASED_EXPRESSION_TO_RECONCILE","NVARCHAR(50)","NOT_PRESENT_OR_UNRESOLVED","mart.fato_fretes_faturamento.cte_emission_type","","VINCULO_INDIVIDUAL_CONDICIONADO","G03/G04"
"MART-0126","V1_FACT_COLUMN","fato_fretes_faturamento","MAT-01..MAT-05","SET_BASED_EXPRESSION_TO_RECONCILE","DATETIMEOFFSET","NOT_PRESENT_OR_UNRESOLVED","mart.fato_fretes_faturamento.cte_created_at","","VINCULO_INDIVIDUAL_CONDICIONADO","G03/G04"
"MART-0127","V1_FACT_COLUMN","fato_fretes_faturamento","MAT-01..MAT-05","SET_BASED_EXPRESSION_TO_RECONCILE","NVARCHAR(255)","NOT_PRESENT_OR_UNRESOLVED","mart.fato_fretes_faturamento.status_cte_real","","VINCULO_INDIVIDUAL_CONDICIONADO","G03/G04"
"MART-0128","V1_FACT_COLUMN","fato_fretes_faturamento","MAT-01..MAT-05","SET_BASED_EXPRESSION_TO_RECONCILE","NVARCHAR(4000)","NOT_PRESENT_OR_UNRESOLVED","mart.fato_fretes_faturamento.status_cte_result","","VINCULO_INDIVIDUAL_CONDICIONADO","G03/G04"
"MART-0129","V1_FACT_COLUMN","fato_fretes_faturamento","MAT-01..MAT-05","SET_BASED_EXPRESSION_TO_RECONCILE","NVARCHAR(255)","NOT_PRESENT_OR_UNRESOLVED","mart.fato_fretes_faturamento.status_cte_norm","","VINCULO_INDIVIDUAL_CONDICIONADO","G03/G04"
"MART-0130","V1_FACT_COLUMN","fato_fretes_faturamento","MAT-01..MAT-05","SET_BASED_EXPRESSION_TO_RECONCILE","NVARCHAR(255)","NOT_PRESENT_OR_UNRESOLVED","mart.fato_fretes_faturamento.cte_cancelado_evidencia","","VINCULO_INDIVIDUAL_CONDICIONADO","G03/G04"
"MART-0131","V1_FACT_COLUMN","fato_fretes_faturamento","MAT-01..MAT-05","SET_BASED_EXPRESSION_TO_RECONCILE","BIT","NOT_PRESENT_OR_UNRESOLVED","mart.fato_fretes_faturamento.is_documento_cte","","VINCULO_INDIVIDUAL_CONDICIONADO","G03/G04"
"MART-0132","V1_FACT_COLUMN","fato_fretes_faturamento","MAT-01..MAT-05","SET_BASED_EXPRESSION_TO_RECONCILE","BIT","NOT_PRESENT_OR_UNRESOLVED","mart.fato_fretes_faturamento.is_cte_cancelado","","VINCULO_INDIVIDUAL_CONDICIONADO","G03/G04"
"MART-0133","V1_FACT_COLUMN","fato_fretes_faturamento","MAT-01..MAT-05","SET_BASED_EXPRESSION_TO_RECONCILE","INT","NOT_PRESENT_OR_UNRESOLVED","mart.fato_fretes_faturamento.nfse_number","","VINCULO_INDIVIDUAL_CONDICIONADO","G03/G04"
"MART-0134","V1_FACT_COLUMN","fato_fretes_faturamento","MAT-01..MAT-05","SET_BASED_EXPRESSION_TO_RECONCILE","NVARCHAR(50)","NOT_PRESENT_OR_UNRESOLVED","mart.fato_fretes_faturamento.nfse_series","","VINCULO_INDIVIDUAL_CONDICIONADO","G03/G04"
"MART-0135","V1_FACT_COLUMN","fato_fretes_faturamento","MAT-01..MAT-05","SET_BASED_EXPRESSION_TO_RECONCILE","NVARCHAR(50)","NOT_PRESENT_OR_UNRESOLVED","mart.fato_fretes_faturamento.nfse_status","","VINCULO_INDIVIDUAL_CONDICIONADO","G03/G04"
"MART-0136","V1_FACT_COLUMN","fato_fretes_faturamento","MAT-01..MAT-05","SET_BASED_EXPRESSION_TO_RECONCILE","DATE","NOT_PRESENT_OR_UNRESOLVED","mart.fato_fretes_faturamento.nfse_issued_at","","VINCULO_INDIVIDUAL_CONDICIONADO","G03/G04"
"MART-0137","V1_FACT_COLUMN","fato_fretes_faturamento","MAT-01..MAT-05","SET_BASED_EXPRESSION_TO_RECONCILE","BIT","NOT_PRESENT_OR_UNRESOLVED","mart.fato_fretes_faturamento.is_cortesia","","VINCULO_INDIVIDUAL_CONDICIONADO","G03/G04"
"MART-0138","V1_FACT_COLUMN","fato_fretes_faturamento","MAT-01..MAT-05","SET_BASED_EXPRESSION_TO_RECONCILE","BIT","NOT_PRESENT_OR_UNRESOLVED","mart.fato_fretes_faturamento.is_bloqueio_faturamento","","VINCULO_INDIVIDUAL_CONDICIONADO","G03/G04"
"MART-0139","V1_FACT_COLUMN","fato_fretes_faturamento","MAT-01..MAT-05","SET_BASED_EXPRESSION_TO_RECONCILE","BIT","NOT_PRESENT_OR_UNRESOLVED","mart.fato_fretes_faturamento.is_elegivel_origem","","VINCULO_INDIVIDUAL_CONDICIONADO","G03/G04"
"MART-0140","V1_FACT_COLUMN","fato_fretes_faturamento","MAT-01..MAT-05","SET_BASED_EXPRESSION_TO_RECONCILE","BIT","NOT_PRESENT_OR_UNRESOLVED","mart.fato_fretes_faturamento.is_elegivel_faturamento","","VINCULO_INDIVIDUAL_CONDICIONADO","G03/G04"
"MART-0141","V1_FACT_COLUMN","fato_fretes_faturamento","MAT-01..MAT-05","SET_BASED_EXPRESSION_TO_RECONCILE","DECIMAL(18,2)","NOT_PRESENT_OR_UNRESOLVED","mart.fato_fretes_faturamento.valor_frete_original","","VINCULO_INDIVIDUAL_CONDICIONADO","G03/G04"
"MART-0142","V1_FACT_COLUMN","fato_fretes_faturamento","MAT-01..MAT-05","SET_BASED_EXPRESSION_TO_RECONCILE","DECIMAL(18,2)","NOT_PRESENT_OR_UNRESOLVED","mart.fato_fretes_faturamento.receita_bruta_original","","VINCULO_INDIVIDUAL_CONDICIONADO","G03/G04"
"MART-0143","V1_FACT_COLUMN","fato_fretes_faturamento","MAT-01..MAT-05","SET_BASED_EXPRESSION_TO_RECONCILE","DECIMAL(18,2)","NOT_PRESENT_OR_UNRESOLVED","mart.fato_fretes_faturamento.valor_frete","","VINCULO_INDIVIDUAL_CONDICIONADO","G03/G04"
"MART-0144","V1_FACT_COLUMN","fato_fretes_faturamento","MAT-01..MAT-05","SET_BASED_EXPRESSION_TO_RECONCILE","DECIMAL(18,2)","NOT_PRESENT_OR_UNRESOLVED","mart.fato_fretes_faturamento.receita_bruta","","VINCULO_INDIVIDUAL_CONDICIONADO","G03/G04"
"MART-0145","V1_FACT_COLUMN","fato_fretes_faturamento","MAT-01..MAT-05","SET_BASED_EXPRESSION_TO_RECONCILE","DECIMAL(18,2)","NOT_PRESENT_OR_UNRESOLVED","mart.fato_fretes_faturamento.valor_notas","","VINCULO_INDIVIDUAL_CONDICIONADO","G03/G04"
"MART-0146","V1_FACT_COLUMN","fato_fretes_faturamento","MAT-01..MAT-05","SET_BASED_EXPRESSION_TO_RECONCILE","DECIMAL(18,3)","NOT_PRESENT_OR_UNRESOLVED","mart.fato_fretes_faturamento.peso_notas","","VINCULO_INDIVIDUAL_CONDICIONADO","G03/G04"
"MART-0147","V1_FACT_COLUMN","fato_fretes_faturamento","MAT-01..MAT-05","SET_BASED_EXPRESSION_TO_RECONCILE","DECIMAL(18,3)","NOT_PRESENT_OR_UNRESOLVED","mart.fato_fretes_faturamento.peso_taxado","","VINCULO_INDIVIDUAL_CONDICIONADO","G03/G04"
"MART-0148","V1_FACT_COLUMN","fato_fretes_faturamento","MAT-01..MAT-05","SET_BASED_EXPRESSION_TO_RECONCILE","DECIMAL(18,3)","NOT_PRESENT_OR_UNRESOLVED","mart.fato_fretes_faturamento.peso_real","","VINCULO_INDIVIDUAL_CONDICIONADO","G03/G04"
"MART-0149","V1_FACT_COLUMN","fato_fretes_faturamento","MAT-01..MAT-05","SET_BASED_EXPRESSION_TO_RECONCILE","DECIMAL(18,6)","NOT_PRESENT_OR_UNRESOLVED","mart.fato_fretes_faturamento.peso_cubado","","VINCULO_INDIVIDUAL_CONDICIONADO","G03/G04"
"MART-0150","V1_FACT_COLUMN","fato_fretes_faturamento","MAT-01..MAT-05","SET_BASED_EXPRESSION_TO_RECONCILE","DECIMAL(18,6)","NOT_PRESENT_OR_UNRESOLVED","mart.fato_fretes_faturamento.total_m3","","VINCULO_INDIVIDUAL_CONDICIONADO","G03/G04"
"MART-0151","V1_FACT_COLUMN","fato_fretes_faturamento","MAT-01..MAT-05","SET_BASED_EXPRESSION_TO_RECONCILE","INT","NOT_PRESENT_OR_UNRESOLVED","mart.fato_fretes_faturamento.volumes","","VINCULO_INDIVIDUAL_CONDICIONADO","G03/G04"
"MART-0152","V1_FACT_COLUMN","fato_fretes_faturamento","MAT-01..MAT-05","SET_BASED_EXPRESSION_TO_RECONCILE","BIT","NOT_PRESENT_OR_UNRESOLVED","mart.fato_fretes_faturamento.excluido_na_origem","","VINCULO_INDIVIDUAL_CONDICIONADO","G03/G04"
"MART-0153","V1_FACT_COLUMN","fato_fretes_faturamento","MAT-01..MAT-05","SET_BASED_EXPRESSION_TO_RECONCILE","DATETIME2(0)","NOT_PRESENT_OR_UNRESOLVED","mart.fato_fretes_faturamento.data_exclusao_origem","","VINCULO_INDIVIDUAL_CONDICIONADO","G03/G04"
"MART-0154","V1_FACT_COLUMN","fato_fretes_faturamento","MAT-01..MAT-05","SET_BASED_EXPRESSION_TO_RECONCILE","DATETIME2(0)","NOT_PRESENT_OR_UNRESOLVED","mart.fato_fretes_faturamento.ultima_reconciliacao_origem_em","","VINCULO_INDIVIDUAL_CONDICIONADO","G03/G04"
"MART-0155","V1_FACT_COLUMN","fato_fretes_faturamento","MAT-01..MAT-05","SET_BASED_EXPRESSION_TO_RECONCILE","DATETIME2(0)","NOT_PRESENT_OR_UNRESOLVED","mart.fato_fretes_faturamento.data_extracao_origem","","VINCULO_INDIVIDUAL_CONDICIONADO","G03/G04"
"MART-0156","V1_FACT_COLUMN","fato_fretes_faturamento","MAT-01..MAT-05","SET_BASED_EXPRESSION_TO_RECONCILE","DATETIME2(0)","NOT_PRESENT_OR_UNRESOLVED","mart.fato_fretes_faturamento.data_extracao_faturas","","VINCULO_INDIVIDUAL_CONDICIONADO","G03/G04"
"MART-0157","V1_FACT_COLUMN","fato_fretes_faturamento","MAT-01..MAT-05","SET_BASED_EXPRESSION_TO_RECONCILE","DATETIME2(0)","NOT_PRESENT_OR_UNRESOLVED","mart.fato_fretes_faturamento.snapshot_em","","VINCULO_INDIVIDUAL_CONDICIONADO","G03/G04"
"MART-0158","V1_FACT_COLUMN","fato_fretes_faturamento","MAT-01..MAT-05","SET_BASED_EXPRESSION_TO_RECONCILE","BINARY(32)","NOT_PRESENT_OR_UNRESOLVED","mart.fato_fretes_faturamento.hash_linha","","VINCULO_INDIVIDUAL_CONDICIONADO","G03/G04"
"MART-0159","V1_FACT_COLUMN","fato_gestao_vista_faturas","MAT-01..MAT-05","SET_BASED_EXPRESSION_TO_RECONCILE","NVARCHAR(100)","NOT_PRESENT_OR_UNRESOLVED","mart.fato_gestao_vista_faturas.unique_id","","VINCULO_INDIVIDUAL_CONDICIONADO","G03/G04"
"MART-0160","V1_FACT_COLUMN","fato_gestao_vista_faturas","MAT-01..MAT-05","SET_BASED_EXPRESSION_TO_RECONCILE","NVARCHAR(220)","NOT_PRESENT_OR_UNRESOLVED","mart.fato_gestao_vista_faturas.chave_normalizacao","","VINCULO_INDIVIDUAL_CONDICIONADO","G03/G04"
"MART-0161","V1_FACT_COLUMN","fato_gestao_vista_faturas","MAT-01..MAT-05","SET_BASED_EXPRESSION_TO_RECONCILE","NVARCHAR(100)","NOT_PRESENT_OR_UNRESOLVED","mart.fato_gestao_vista_faturas.documento_fatura","","VINCULO_INDIVIDUAL_CONDICIONADO","G03/G04"
"MART-0162","V1_FACT_COLUMN","fato_gestao_vista_faturas","MAT-01..MAT-05","SET_BASED_EXPRESSION_TO_RECONCILE","NVARCHAR(50)","NOT_PRESENT_OR_UNRESOLVED","mart.fato_gestao_vista_faturas.numero_fatura","","VINCULO_INDIVIDUAL_CONDICIONADO","G03/G04"
"MART-0163","V1_FACT_COLUMN","fato_gestao_vista_faturas","MAT-01..MAT-05","SET_BASED_EXPRESSION_TO_RECONCILE","NVARCHAR(50)","NOT_PRESENT_OR_UNRESOLVED","mart.fato_gestao_vista_faturas.numero_documento","","VINCULO_INDIVIDUAL_CONDICIONADO","G03/G04"
"MART-0164","V1_FACT_COLUMN","fato_gestao_vista_faturas","MAT-01..MAT-05","SET_BASED_EXPRESSION_TO_RECONCILE","BIGINT","NOT_PRESENT_OR_UNRESOLVED","mart.fato_gestao_vista_faturas.numero_cte","","VINCULO_INDIVIDUAL_CONDICIONADO","G03/G04"
"MART-0165","V1_FACT_COLUMN","fato_gestao_vista_faturas","MAT-01..MAT-05","SET_BASED_EXPRESSION_TO_RECONCILE","NVARCHAR(100)","NOT_PRESENT_OR_UNRESOLVED","mart.fato_gestao_vista_faturas.chave_cte","","VINCULO_INDIVIDUAL_CONDICIONADO","G03/G04"
"MART-0166","V1_FACT_COLUMN","fato_gestao_vista_faturas","MAT-01..MAT-05","SET_BASED_EXPRESSION_TO_RECONCILE","BIGINT","NOT_PRESENT_OR_UNRESOLVED","mart.fato_gestao_vista_faturas.numero_nfse","","VINCULO_INDIVIDUAL_CONDICIONADO","G03/G04"
"MART-0167","V1_FACT_COLUMN","fato_gestao_vista_faturas","MAT-01..MAT-05","SET_BASED_EXPRESSION_TO_RECONCILE","NVARCHAR(50)","NOT_PRESENT_OR_UNRESOLVED","mart.fato_gestao_vista_faturas.serie_nfse","","VINCULO_INDIVIDUAL_CONDICIONADO","G03/G04"
"MART-0168","V1_FACT_COLUMN","fato_gestao_vista_faturas","MAT-01..MAT-05","SET_BASED_EXPRESSION_TO_RECONCILE","DATETIMEOFFSET","NOT_PRESENT_OR_UNRESOLVED","mart.fato_gestao_vista_faturas.data_emissao_cte","","VINCULO_INDIVIDUAL_CONDICIONADO","G03/G04"
"MART-0169","V1_FACT_COLUMN","fato_gestao_vista_faturas","MAT-01..MAT-05","SET_BASED_EXPRESSION_TO_RECONCILE","DATE","NOT_PRESENT_OR_UNRESOLVED","mart.fato_gestao_vista_faturas.data_emissao_cte_date","","VINCULO_INDIVIDUAL_CONDICIONADO","G03/G04"
"MART-0170","V1_FACT_COLUMN","fato_gestao_vista_faturas","MAT-01..MAT-05","SET_BASED_EXPRESSION_TO_RECONCILE","DATE","NOT_PRESENT_OR_UNRESOLVED","mart.fato_gestao_vista_faturas.data_emissao_fatura","","VINCULO_INDIVIDUAL_CONDICIONADO","G03/G04"
"MART-0171","V1_FACT_COLUMN","fato_gestao_vista_faturas","MAT-01..MAT-05","SET_BASED_EXPRESSION_TO_RECONCILE","INT","NOT_PRESENT_OR_UNRESOLVED","mart.fato_gestao_vista_faturas.data_emissao_fatura_yyyymm","","VINCULO_INDIVIDUAL_CONDICIONADO","G03/G04"
"MART-0172","V1_FACT_COLUMN","fato_gestao_vista_faturas","MAT-01..MAT-05","SET_BASED_EXPRESSION_TO_RECONCILE","DATE","NOT_PRESENT_OR_UNRESOLVED","mart.fato_gestao_vista_faturas.data_vencimento_fatura","","VINCULO_INDIVIDUAL_CONDICIONADO","G03/G04"
"MART-0173","V1_FACT_COLUMN","fato_gestao_vista_faturas","MAT-01..MAT-05","SET_BASED_EXPRESSION_TO_RECONCILE","DATE","NOT_PRESENT_OR_UNRESOLVED","mart.fato_gestao_vista_faturas.data_baixa_fatura","","VINCULO_INDIVIDUAL_CONDICIONADO","G03/G04"
"MART-0174","V1_FACT_COLUMN","fato_gestao_vista_faturas","MAT-01..MAT-05","SET_BASED_EXPRESSION_TO_RECONCILE","DATE","NOT_PRESENT_OR_UNRESOLVED","mart.fato_gestao_vista_faturas.data_base_prazo","","VINCULO_INDIVIDUAL_CONDICIONADO","G03/G04"
"MART-0175","V1_FACT_COLUMN","fato_gestao_vista_faturas","MAT-01..MAT-05","SET_BASED_EXPRESSION_TO_RECONCILE","DATE","NOT_PRESENT_OR_UNRESOLVED","mart.fato_gestao_vista_faturas.data_referencia_mensal","","VINCULO_INDIVIDUAL_CONDICIONADO","G03/G04"
"MART-0176","V1_FACT_COLUMN","fato_gestao_vista_faturas","MAT-01..MAT-05","SET_BASED_EXPRESSION_TO_RECONCILE","INT","NOT_PRESENT_OR_UNRESOLVED","mart.fato_gestao_vista_faturas.data_referencia_mensal_yyyymm","","VINCULO_INDIVIDUAL_CONDICIONADO","G03/G04"
"MART-0177","V1_FACT_COLUMN","fato_gestao_vista_faturas","MAT-01..MAT-05","SET_BASED_EXPRESSION_TO_RECONCILE","DATE","NOT_PRESENT_OR_UNRESOLVED","mart.fato_gestao_vista_faturas.fit_ant_ils_original_due_date","","VINCULO_INDIVIDUAL_CONDICIONADO","G03/G04"
"MART-0178","V1_FACT_COLUMN","fato_gestao_vista_faturas","MAT-01..MAT-05","SET_BASED_EXPRESSION_TO_RECONCILE","NVARCHAR(255)","NOT_PRESENT_OR_UNRESOLVED","mart.fato_gestao_vista_faturas.filial","","VINCULO_INDIVIDUAL_CONDICIONADO","G03/G04"
"MART-0179","V1_FACT_COLUMN","fato_gestao_vista_faturas","MAT-01..MAT-05","SET_BASED_EXPRESSION_TO_RECONCILE","NVARCHAR(255)","NOT_PRESENT_OR_UNRESOLVED","mart.fato_gestao_vista_faturas.filial_key","","VINCULO_INDIVIDUAL_CONDICIONADO","G03/G04"
"MART-0180","V1_FACT_COLUMN","fato_gestao_vista_faturas","MAT-01..MAT-05","SET_BASED_EXPRESSION_TO_RECONCILE","NVARCHAR(50)","NOT_PRESENT_OR_UNRESOLVED","mart.fato_gestao_vista_faturas.estado","","VINCULO_INDIVIDUAL_CONDICIONADO","G03/G04"
"MART-0181","V1_FACT_COLUMN","fato_gestao_vista_faturas","MAT-01..MAT-05","SET_BASED_EXPRESSION_TO_RECONCILE","NVARCHAR(255)","NOT_PRESENT_OR_UNRESOLVED","mart.fato_gestao_vista_faturas.pagador_nome","","VINCULO_INDIVIDUAL_CONDICIONADO","G03/G04"
"MART-0182","V1_FACT_COLUMN","fato_gestao_vista_faturas","MAT-01..MAT-05","SET_BASED_EXPRESSION_TO_RECONCILE","NVARCHAR(50)","NOT_PRESENT_OR_UNRESOLVED","mart.fato_gestao_vista_faturas.pagador_documento","","VINCULO_INDIVIDUAL_CONDICIONADO","G03/G04"
"MART-0183","V1_FACT_COLUMN","fato_gestao_vista_faturas","MAT-01..MAT-05","SET_BASED_EXPRESSION_TO_RECONCILE","NVARCHAR(50)","NOT_PRESENT_OR_UNRESOLVED","mart.fato_gestao_vista_faturas.pagador_documento_key","","VINCULO_INDIVIDUAL_CONDICIONADO","G03/G04"
"MART-0184","V1_FACT_COLUMN","fato_gestao_vista_faturas","MAT-01..MAT-05","SET_BASED_EXPRESSION_TO_RECONCILE","NVARCHAR(255)","NOT_PRESENT_OR_UNRESOLVED","mart.fato_gestao_vista_faturas.cliente_nome","","VINCULO_INDIVIDUAL_CONDICIONADO","G03/G04"
"MART-0185","V1_FACT_COLUMN","fato_gestao_vista_faturas","MAT-01..MAT-05","SET_BASED_EXPRESSION_TO_RECONCILE","NVARCHAR(50)","NOT_PRESENT_OR_UNRESOLVED","mart.fato_gestao_vista_faturas.cliente_cnpj","","VINCULO_INDIVIDUAL_CONDICIONADO","G03/G04"
"MART-0186","V1_FACT_COLUMN","fato_gestao_vista_faturas","MAT-01..MAT-05","SET_BASED_EXPRESSION_TO_RECONCILE","NVARCHAR(50)","NOT_PRESENT_OR_UNRESOLVED","mart.fato_gestao_vista_faturas.cliente_cnpj_key","","VINCULO_INDIVIDUAL_CONDICIONADO","G03/G04"
"MART-0187","V1_FACT_COLUMN","fato_gestao_vista_faturas","MAT-01..MAT-05","SET_BASED_EXPRESSION_TO_RECONCILE","NVARCHAR(320)","NOT_PRESENT_OR_UNRESOLVED","mart.fato_gestao_vista_faturas.cliente_chave","","VINCULO_INDIVIDUAL_CONDICIONADO","G03/G04"
"MART-0188","V1_FACT_COLUMN","fato_gestao_vista_faturas","MAT-01..MAT-05","SET_BASED_EXPRESSION_TO_RECONCILE","NVARCHAR(255)","NOT_PRESENT_OR_UNRESOLVED","mart.fato_gestao_vista_faturas.remetente_nome","","VINCULO_INDIVIDUAL_CONDICIONADO","G03/G04"
"MART-0189","V1_FACT_COLUMN","fato_gestao_vista_faturas","MAT-01..MAT-05","SET_BASED_EXPRESSION_TO_RECONCILE","NVARCHAR(50)","NOT_PRESENT_OR_UNRESOLVED","mart.fato_gestao_vista_faturas.remetente_documento","","VINCULO_INDIVIDUAL_CONDICIONADO","G03/G04"
"MART-0190","V1_FACT_COLUMN","fato_gestao_vista_faturas","MAT-01..MAT-05","SET_BASED_EXPRESSION_TO_RECONCILE","NVARCHAR(255)","NOT_PRESENT_OR_UNRESOLVED","mart.fato_gestao_vista_faturas.destinatario_nome","","VINCULO_INDIVIDUAL_CONDICIONADO","G03/G04"
"MART-0191","V1_FACT_COLUMN","fato_gestao_vista_faturas","MAT-01..MAT-05","SET_BASED_EXPRESSION_TO_RECONCILE","NVARCHAR(50)","NOT_PRESENT_OR_UNRESOLVED","mart.fato_gestao_vista_faturas.destinatario_documento","","VINCULO_INDIVIDUAL_CONDICIONADO","G03/G04"
"MART-0192","V1_FACT_COLUMN","fato_gestao_vista_faturas","MAT-01..MAT-05","SET_BASED_EXPRESSION_TO_RECONCILE","NVARCHAR(255)","NOT_PRESENT_OR_UNRESOLVED","mart.fato_gestao_vista_faturas.vendedor_nome","","VINCULO_INDIVIDUAL_CONDICIONADO","G03/G04"
"MART-0193","V1_FACT_COLUMN","fato_gestao_vista_faturas","MAT-01..MAT-05","SET_BASED_EXPRESSION_TO_RECONCILE","NVARCHAR(50)","NOT_PRESENT_OR_UNRESOLVED","mart.fato_gestao_vista_faturas.status_processo","","VINCULO_INDIVIDUAL_CONDICIONADO","G03/G04"
"MART-0194","V1_FACT_COLUMN","fato_gestao_vista_faturas","MAT-01..MAT-05","SET_BASED_EXPRESSION_TO_RECONCILE","NVARCHAR(50)","NOT_PRESENT_OR_UNRESOLVED","mart.fato_gestao_vista_faturas.status_pagamento","","VINCULO_INDIVIDUAL_CONDICIONADO","G03/G04"
"MART-0195","V1_FACT_COLUMN","fato_gestao_vista_faturas","MAT-01..MAT-05","SET_BASED_EXPRESSION_TO_RECONCILE","NVARCHAR(255)","NOT_PRESENT_OR_UNRESOLVED","mart.fato_gestao_vista_faturas.status_cte","","VINCULO_INDIVIDUAL_CONDICIONADO","G03/G04"
"MART-0196","V1_FACT_COLUMN","fato_gestao_vista_faturas","MAT-01..MAT-05","SET_BASED_EXPRESSION_TO_RECONCILE","NVARCHAR(4000)","NOT_PRESENT_OR_UNRESOLVED","mart.fato_gestao_vista_faturas.status_cte_result","","VINCULO_INDIVIDUAL_CONDICIONADO","G03/G04"
"MART-0197","V1_FACT_COLUMN","fato_gestao_vista_faturas","MAT-01..MAT-05","SET_BASED_EXPRESSION_TO_RECONCILE","NVARCHAR(100)","NOT_PRESENT_OR_UNRESOLVED","mart.fato_gestao_vista_faturas.tipo_frete","","VINCULO_INDIVIDUAL_CONDICIONADO","G03/G04"
"MART-0198","V1_FACT_COLUMN","fato_gestao_vista_faturas","MAT-01..MAT-05","SET_BASED_EXPRESSION_TO_RECONCILE","NVARCHAR(100)","NOT_PRESENT_OR_UNRESOLVED","mart.fato_gestao_vista_faturas.classificacao","","VINCULO_INDIVIDUAL_CONDICIONADO","G03/G04"
"MART-0199","V1_FACT_COLUMN","fato_gestao_vista_faturas","MAT-01..MAT-05","SET_BASED_EXPRESSION_TO_RECONCILE","DECIMAL(19,4)","NOT_PRESENT_OR_UNRESOLVED","mart.fato_gestao_vista_faturas.valor_frete","","VINCULO_INDIVIDUAL_CONDICIONADO","G03/G04"
"MART-0200","V1_FACT_COLUMN","fato_gestao_vista_faturas","MAT-01..MAT-05","SET_BASED_EXPRESSION_TO_RECONCILE","DECIMAL(19,4)","NOT_PRESENT_OR_UNRESOLVED","mart.fato_gestao_vista_faturas.valor_fatura","","VINCULO_INDIVIDUAL_CONDICIONADO","G03/G04"
"MART-0201","V1_FACT_COLUMN","fato_gestao_vista_faturas","MAT-01..MAT-05","SET_BASED_EXPRESSION_TO_RECONCILE","DECIMAL(19,4)","NOT_PRESENT_OR_UNRESOLVED","mart.fato_gestao_vista_faturas.valor_fit_ant","","VINCULO_INDIVIDUAL_CONDICIONADO","G03/G04"
"MART-0202","V1_FACT_COLUMN","fato_gestao_vista_faturas","MAT-01..MAT-05","SET_BASED_EXPRESSION_TO_RECONCILE","DECIMAL(19,4)","NOT_PRESENT_OR_UNRESOLVED","mart.fato_gestao_vista_faturas.third_party_ctes_value","","VINCULO_INDIVIDUAL_CONDICIONADO","G03/G04"
"MART-0203","V1_FACT_COLUMN","fato_gestao_vista_faturas","MAT-01..MAT-05","SET_BASED_EXPRESSION_TO_RECONCILE","DECIMAL(19,4)","NOT_PRESENT_OR_UNRESOLVED","mart.fato_gestao_vista_faturas.valor_operacional","","VINCULO_INDIVIDUAL_CONDICIONADO","G03/G04"
"MART-0204","V1_FACT_COLUMN","fato_gestao_vista_faturas","MAT-01..MAT-05","SET_BASED_EXPRESSION_TO_RECONCILE","NVARCHAR(4000)","NOT_PRESENT_OR_UNRESOLVED","mart.fato_gestao_vista_faturas.notas_fiscais","","VINCULO_INDIVIDUAL_CONDICIONADO","G03/G04"
"MART-0205","V1_FACT_COLUMN","fato_gestao_vista_faturas","MAT-01..MAT-05","SET_BASED_EXPRESSION_TO_RECONCILE","NVARCHAR(4000)","NOT_PRESENT_OR_UNRESOLVED","mart.fato_gestao_vista_faturas.pedidos_cliente","","VINCULO_INDIVIDUAL_CONDICIONADO","G03/G04"
"MART-0206","V1_FACT_COLUMN","fato_gestao_vista_faturas","MAT-01..MAT-05","SET_BASED_EXPRESSION_TO_RECONCILE","NVARCHAR(4000)","NOT_PRESENT_OR_UNRESOLVED","recon.fact_field_presence","","RETIRADA_PRESERVADA","G03/G04"
"MART-0207","V1_FACT_COLUMN","fato_gestao_vista_faturas","MAT-01..MAT-05","SET_BASED_EXPRESSION_TO_RECONCILE","BIT","NOT_PRESENT_OR_UNRESOLVED","mart.fato_gestao_vista_faturas.excluido_na_origem","","VINCULO_INDIVIDUAL_CONDICIONADO","G03/G04"
"MART-0208","V1_FACT_COLUMN","fato_gestao_vista_faturas","MAT-01..MAT-05","SET_BASED_EXPRESSION_TO_RECONCILE","DATETIME2(0)","NOT_PRESENT_OR_UNRESOLVED","mart.fato_gestao_vista_faturas.data_exclusao_origem","","VINCULO_INDIVIDUAL_CONDICIONADO","G03/G04"
"MART-0209","V1_FACT_COLUMN","fato_gestao_vista_faturas","MAT-01..MAT-05","SET_BASED_EXPRESSION_TO_RECONCILE","DATETIME2(0)","NOT_PRESENT_OR_UNRESOLVED","mart.fato_gestao_vista_faturas.ultima_reconciliacao_origem_em","","VINCULO_INDIVIDUAL_CONDICIONADO","G03/G04"
"MART-0210","V1_FACT_COLUMN","fato_gestao_vista_faturas","MAT-01..MAT-05","SET_BASED_EXPRESSION_TO_RECONCILE","DATETIME2(0)","NOT_PRESENT_OR_UNRESOLVED","mart.fato_gestao_vista_faturas.data_extracao_origem","","VINCULO_INDIVIDUAL_CONDICIONADO","G03/G04"
"MART-0211","V1_FACT_COLUMN","fato_gestao_vista_faturas","MAT-01..MAT-05","SET_BASED_EXPRESSION_TO_RECONCILE","DATETIME2(0)","NOT_PRESENT_OR_UNRESOLVED","mart.fato_gestao_vista_faturas.snapshot_em","","VINCULO_INDIVIDUAL_CONDICIONADO","G03/G04"
"MART-0212","V1_FACT_COLUMN","fato_gestao_vista_faturas","MAT-01..MAT-05","SET_BASED_EXPRESSION_TO_RECONCILE","BINARY(32)","NOT_PRESENT_OR_UNRESOLVED","mart.fato_gestao_vista_faturas.hash_linha","","VINCULO_INDIVIDUAL_CONDICIONADO","G03/G04"
"MART-0213","V1_FACT_COLUMN","fato_gestao_vista_manifestos","MAT-01..MAT-05","SET_BASED_EXPRESSION_TO_RECONCILE","BIGINT","NOT_PRESENT_OR_UNRESOLVED","mart.fato_gestao_vista_manifestos.sequence_code","","VINCULO_INDIVIDUAL_CONDICIONADO","G03/G04"
"MART-0214","V1_FACT_COLUMN","fato_gestao_vista_manifestos","MAT-01..MAT-05","SET_BASED_EXPRESSION_TO_RECONCILE","BIGINT","NOT_PRESENT_OR_UNRESOLVED","mart.fato_gestao_vista_manifestos.numero_manifesto","","VINCULO_INDIVIDUAL_CONDICIONADO","G03/G04"
"MART-0215","V1_FACT_COLUMN","fato_gestao_vista_manifestos","MAT-01..MAT-05","SET_BASED_EXPRESSION_TO_RECONCILE","NVARCHAR(100)","NOT_PRESENT_OR_UNRESOLVED","mart.fato_gestao_vista_manifestos.identificador_unico","","VINCULO_INDIVIDUAL_CONDICIONADO","G03/G04"
"MART-0216","V1_FACT_COLUMN","fato_gestao_vista_manifestos","MAT-01..MAT-05","SET_BASED_EXPRESSION_TO_RECONCILE","DATETIMEOFFSET","NOT_PRESENT_OR_UNRESOLVED","mart.fato_gestao_vista_manifestos.data_criacao","","VINCULO_INDIVIDUAL_CONDICIONADO","G03/G04"
"MART-0217","V1_FACT_COLUMN","fato_gestao_vista_manifestos","MAT-01..MAT-05","SET_BASED_EXPRESSION_TO_RECONCILE","DATE","NOT_PRESENT_OR_UNRESOLVED","mart.fato_gestao_vista_manifestos.data_criacao_date","","VINCULO_INDIVIDUAL_CONDICIONADO","G03/G04"
"MART-0218","V1_FACT_COLUMN","fato_gestao_vista_manifestos","MAT-01..MAT-05","SET_BASED_EXPRESSION_TO_RECONCILE","INT","NOT_PRESENT_OR_UNRESOLVED","mart.fato_gestao_vista_manifestos.data_criacao_yyyymm","","VINCULO_INDIVIDUAL_CONDICIONADO","G03/G04"
"MART-0219","V1_FACT_COLUMN","fato_gestao_vista_manifestos","MAT-01..MAT-05","SET_BASED_EXPRESSION_TO_RECONCILE","TIME(0)","NOT_PRESENT_OR_UNRESOLVED","mart.fato_gestao_vista_manifestos.hora_solicitacao","","VINCULO_INDIVIDUAL_CONDICIONADO","G03/G04"
"MART-0220","V1_FACT_COLUMN","fato_gestao_vista_manifestos","MAT-01..MAT-05","SET_BASED_EXPRESSION_TO_RECONCILE","TIME(0)","NOT_PRESENT_OR_UNRESOLVED","mart.fato_gestao_vista_manifestos.hora_criacao","","VINCULO_INDIVIDUAL_CONDICIONADO","G03/G04"
"MART-0221","V1_FACT_COLUMN","fato_gestao_vista_manifestos","MAT-01..MAT-05","SET_BASED_EXPRESSION_TO_RECONCILE","DATETIMEOFFSET","NOT_PRESENT_OR_UNRESOLVED","mart.fato_gestao_vista_manifestos.saida","","VINCULO_INDIVIDUAL_CONDICIONADO","G03/G04"
"MART-0222","V1_FACT_COLUMN","fato_gestao_vista_manifestos","MAT-01..MAT-05","SET_BASED_EXPRESSION_TO_RECONCILE","DATETIMEOFFSET","NOT_PRESENT_OR_UNRESOLVED","mart.fato_gestao_vista_manifestos.fechamento","","VINCULO_INDIVIDUAL_CONDICIONADO","G03/G04"
"MART-0223","V1_FACT_COLUMN","fato_gestao_vista_manifestos","MAT-01..MAT-05","SET_BASED_EXPRESSION_TO_RECONCILE","DATETIMEOFFSET","NOT_PRESENT_OR_UNRESOLVED","mart.fato_gestao_vista_manifestos.chegada","","VINCULO_INDIVIDUAL_CONDICIONADO","G03/G04"
"MART-0224","V1_FACT_COLUMN","fato_gestao_vista_manifestos","MAT-01..MAT-05","SET_BASED_EXPRESSION_TO_RECONCILE","NVARCHAR(100)","NOT_PRESENT_OR_UNRESOLVED","mart.fato_gestao_vista_manifestos.status","","VINCULO_INDIVIDUAL_CONDICIONADO","G03/G04"
"MART-0225","V1_FACT_COLUMN","fato_gestao_vista_manifestos","MAT-01..MAT-05","SET_BASED_EXPRESSION_TO_RECONCILE","NVARCHAR(50)","NOT_PRESENT_OR_UNRESOLVED","mart.fato_gestao_vista_manifestos.status_raw","","VINCULO_INDIVIDUAL_CONDICIONADO","G03/G04"
"MART-0226","V1_FACT_COLUMN","fato_gestao_vista_manifestos","MAT-01..MAT-05","SET_BASED_EXPRESSION_TO_RECONCILE","NVARCHAR(100)","NOT_PRESENT_OR_UNRESOLVED","mart.fato_gestao_vista_manifestos.status_key","","VINCULO_INDIVIDUAL_CONDICIONADO","G03/G04"
"MART-0227","V1_FACT_COLUMN","fato_gestao_vista_manifestos","MAT-01..MAT-05","SET_BASED_EXPRESSION_TO_RECONCILE","NVARCHAR(255)","NOT_PRESENT_OR_UNRESOLVED","mart.fato_gestao_vista_manifestos.classificacao","","VINCULO_INDIVIDUAL_CONDICIONADO","G03/G04"
"MART-0228","V1_FACT_COLUMN","fato_gestao_vista_manifestos","MAT-01..MAT-05","SET_BASED_EXPRESSION_TO_RECONCILE","NVARCHAR(50)","NOT_PRESENT_OR_UNRESOLVED","mart.fato_gestao_vista_manifestos.classificacao_bucket","","VINCULO_INDIVIDUAL_CONDICIONADO","G03/G04"
"MART-0229","V1_FACT_COLUMN","fato_gestao_vista_manifestos","MAT-01..MAT-05","SET_BASED_EXPRESSION_TO_RECONCILE","NVARCHAR(255)","NOT_PRESENT_OR_UNRESOLVED","mart.fato_gestao_vista_manifestos.filial","","VINCULO_INDIVIDUAL_CONDICIONADO","G03/G04"
"MART-0230","V1_FACT_COLUMN","fato_gestao_vista_manifestos","MAT-01..MAT-05","SET_BASED_EXPRESSION_TO_RECONCILE","NVARCHAR(255)","NOT_PRESENT_OR_UNRESOLVED","mart.fato_gestao_vista_manifestos.filial_emissora","","VINCULO_INDIVIDUAL_CONDICIONADO","G03/G04"
"MART-0231","V1_FACT_COLUMN","fato_gestao_vista_manifestos","MAT-01..MAT-05","SET_BASED_EXPRESSION_TO_RECONCILE","NVARCHAR(255)","NOT_PRESENT_OR_UNRESOLVED","mart.fato_gestao_vista_manifestos.filial_key","","VINCULO_INDIVIDUAL_CONDICIONADO","G03/G04"
"MART-0232","V1_FACT_COLUMN","fato_gestao_vista_manifestos","MAT-01..MAT-05","SET_BASED_EXPRESSION_TO_RECONCILE","INT","NOT_PRESENT_OR_UNRESOLVED","mart.fato_gestao_vista_manifestos.mdfe_number","","VINCULO_INDIVIDUAL_CONDICIONADO","G03/G04"
"MART-0233","V1_FACT_COLUMN","fato_gestao_vista_manifestos","MAT-01..MAT-05","SET_BASED_EXPRESSION_TO_RECONCILE","NVARCHAR(100)","NOT_PRESENT_OR_UNRESOLVED","mart.fato_gestao_vista_manifestos.mdfe_key","","VINCULO_INDIVIDUAL_CONDICIONADO","G03/G04"
"MART-0234","V1_FACT_COLUMN","fato_gestao_vista_manifestos","MAT-01..MAT-05","SET_BASED_EXPRESSION_TO_RECONCILE","NVARCHAR(100)","NOT_PRESENT_OR_UNRESOLVED","mart.fato_gestao_vista_manifestos.mdfe_status","","VINCULO_INDIVIDUAL_CONDICIONADO","G03/G04"
"MART-0235","V1_FACT_COLUMN","fato_gestao_vista_manifestos","MAT-01..MAT-05","SET_BASED_EXPRESSION_TO_RECONCILE","NVARCHAR(255)","NOT_PRESENT_OR_UNRESOLVED","mart.fato_gestao_vista_manifestos.distribution_pole","","VINCULO_INDIVIDUAL_CONDICIONADO","G03/G04"
"MART-0236","V1_FACT_COLUMN","fato_gestao_vista_manifestos","MAT-01..MAT-05","SET_BASED_EXPRESSION_TO_RECONCILE","NVARCHAR(20)","NOT_PRESENT_OR_UNRESOLVED","mart.fato_gestao_vista_manifestos.placa_veiculo","","VINCULO_INDIVIDUAL_CONDICIONADO","G03/G04"
"MART-0237","V1_FACT_COLUMN","fato_gestao_vista_manifestos","MAT-01..MAT-05","SET_BASED_EXPRESSION_TO_RECONCILE","NVARCHAR(20)","NOT_PRESENT_OR_UNRESOLVED","mart.fato_gestao_vista_manifestos.placa_veiculo_key","","VINCULO_INDIVIDUAL_CONDICIONADO","G03/G04"
"MART-0238","V1_FACT_COLUMN","fato_gestao_vista_manifestos","MAT-01..MAT-05","SET_BASED_EXPRESSION_TO_RECONCILE","NVARCHAR(255)","NOT_PRESENT_OR_UNRESOLVED","mart.fato_gestao_vista_manifestos.tipo_veiculo","","VINCULO_INDIVIDUAL_CONDICIONADO","G03/G04"
"MART-0239","V1_FACT_COLUMN","fato_gestao_vista_manifestos","MAT-01..MAT-05","SET_BASED_EXPRESSION_TO_RECONCILE","NVARCHAR(255)","NOT_PRESENT_OR_UNRESOLVED","mart.fato_gestao_vista_manifestos.proprietario_nome","","VINCULO_INDIVIDUAL_CONDICIONADO","G03/G04"
"MART-0240","V1_FACT_COLUMN","fato_gestao_vista_manifestos","MAT-01..MAT-05","SET_BASED_EXPRESSION_TO_RECONCILE","NVARCHAR(255)","NOT_PRESENT_OR_UNRESOLVED","mart.fato_gestao_vista_manifestos.proprietario_documento","","VINCULO_INDIVIDUAL_CONDICIONADO","G03/G04"
"MART-0241","V1_FACT_COLUMN","fato_gestao_vista_manifestos","MAT-01..MAT-05","SET_BASED_EXPRESSION_TO_RECONCILE","NVARCHAR(100)","NOT_PRESENT_OR_UNRESOLVED","mart.fato_gestao_vista_manifestos.tipo_motorista","","VINCULO_INDIVIDUAL_CONDICIONADO","G03/G04"
"MART-0242","V1_FACT_COLUMN","fato_gestao_vista_manifestos","MAT-01..MAT-05","SET_BASED_EXPRESSION_TO_RECONCILE","NVARCHAR(100)","NOT_PRESENT_OR_UNRESOLVED","mart.fato_gestao_vista_manifestos.tipo_motorista_key","","VINCULO_INDIVIDUAL_CONDICIONADO","G03/G04"
"MART-0243","V1_FACT_COLUMN","fato_gestao_vista_manifestos","MAT-01..MAT-05","SET_BASED_EXPRESSION_TO_RECONCILE","NVARCHAR(255)","NOT_PRESENT_OR_UNRESOLVED","mart.fato_gestao_vista_manifestos.motorista","","VINCULO_INDIVIDUAL_CONDICIONADO","G03/G04"
"MART-0244","V1_FACT_COLUMN","fato_gestao_vista_manifestos","MAT-01..MAT-05","SET_BASED_EXPRESSION_TO_RECONCILE","NVARCHAR(255)","NOT_PRESENT_OR_UNRESOLVED","mart.fato_gestao_vista_manifestos.motorista_key","","VINCULO_INDIVIDUAL_CONDICIONADO","G03/G04"
"MART-0245","V1_FACT_COLUMN","fato_gestao_vista_manifestos","MAT-01..MAT-05","SET_BASED_EXPRESSION_TO_RECONCILE","INT","NOT_PRESENT_OR_UNRESOLVED","mart.fato_gestao_vista_manifestos.km_saida","","VINCULO_INDIVIDUAL_CONDICIONADO","G03/G04"
"MART-0246","V1_FACT_COLUMN","fato_gestao_vista_manifestos","MAT-01..MAT-05","SET_BASED_EXPRESSION_TO_RECONCILE","INT","NOT_PRESENT_OR_UNRESOLVED","mart.fato_gestao_vista_manifestos.km_chegada","","VINCULO_INDIVIDUAL_CONDICIONADO","G03/G04"
"MART-0247","V1_FACT_COLUMN","fato_gestao_vista_manifestos","MAT-01..MAT-05","SET_BASED_EXPRESSION_TO_RECONCILE","INT","NOT_PRESENT_OR_UNRESOLVED","mart.fato_gestao_vista_manifestos.km_viagem","","VINCULO_INDIVIDUAL_CONDICIONADO","G03/G04"
"MART-0248","V1_FACT_COLUMN","fato_gestao_vista_manifestos","MAT-01..MAT-05","SET_BASED_EXPRESSION_TO_RECONCILE","NVARCHAR(30)","NOT_PRESENT_OR_UNRESOLVED","mart.fato_gestao_vista_manifestos.km_manual","","VINCULO_INDIVIDUAL_CONDICIONADO","G03/G04"
"MART-0249","V1_FACT_COLUMN","fato_gestao_vista_manifestos","MAT-01..MAT-05","SET_BASED_EXPRESSION_TO_RECONCILE","DECIMAL(18,2)","NOT_PRESENT_OR_UNRESOLVED","mart.fato_gestao_vista_manifestos.km_total","","VINCULO_INDIVIDUAL_CONDICIONADO","G03/G04"
"MART-0250","V1_FACT_COLUMN","fato_gestao_vista_manifestos","MAT-01..MAT-05","SET_BASED_EXPRESSION_TO_RECONCILE","INT","NOT_PRESENT_OR_UNRESOLVED","mart.fato_gestao_vista_manifestos.qtd_nf","","VINCULO_INDIVIDUAL_CONDICIONADO","G03/G04"
"MART-0251","V1_FACT_COLUMN","fato_gestao_vista_manifestos","MAT-01..MAT-05","SET_BASED_EXPRESSION_TO_RECONCILE","INT","NOT_PRESENT_OR_UNRESOLVED","mart.fato_gestao_vista_manifestos.volumes_nf","","VINCULO_INDIVIDUAL_CONDICIONADO","G03/G04"
"MART-0252","V1_FACT_COLUMN","fato_gestao_vista_manifestos","MAT-01..MAT-05","SET_BASED_EXPRESSION_TO_RECONCILE","DECIMAL(18,3)","NOT_PRESENT_OR_UNRESOLVED","mart.fato_gestao_vista_manifestos.peso_nf","","VINCULO_INDIVIDUAL_CONDICIONADO","G03/G04"
"MART-0253","V1_FACT_COLUMN","fato_gestao_vista_manifestos","MAT-01..MAT-05","SET_BASED_EXPRESSION_TO_RECONCILE","DECIMAL(18,3)","NOT_PRESENT_OR_UNRESOLVED","mart.fato_gestao_vista_manifestos.peso_taxado","","VINCULO_INDIVIDUAL_CONDICIONADO","G03/G04"
"MART-0254","V1_FACT_COLUMN","fato_gestao_vista_manifestos","MAT-01..MAT-05","SET_BASED_EXPRESSION_TO_RECONCILE","DECIMAL(18,6)","NOT_PRESENT_OR_UNRESOLVED","mart.fato_gestao_vista_manifestos.total_m3","","VINCULO_INDIVIDUAL_CONDICIONADO","G03/G04"
"MART-0255","V1_FACT_COLUMN","fato_gestao_vista_manifestos","MAT-01..MAT-05","SET_BASED_EXPRESSION_TO_RECONCILE","DECIMAL(18,2)","NOT_PRESENT_OR_UNRESOLVED","mart.fato_gestao_vista_manifestos.valor_nf","","VINCULO_INDIVIDUAL_CONDICIONADO","G03/G04"
"MART-0256","V1_FACT_COLUMN","fato_gestao_vista_manifestos","MAT-01..MAT-05","SET_BASED_EXPRESSION_TO_RECONCILE","DECIMAL(18,2)","NOT_PRESENT_OR_UNRESOLVED","mart.fato_gestao_vista_manifestos.fretes_total","","VINCULO_INDIVIDUAL_CONDICIONADO","G03/G04"
"MART-0257","V1_FACT_COLUMN","fato_gestao_vista_manifestos","MAT-01..MAT-05","SET_BASED_EXPRESSION_TO_RECONCILE","DECIMAL(18,2)","NOT_PRESENT_OR_UNRESOLVED","mart.fato_gestao_vista_manifestos.coletas_total","","VINCULO_INDIVIDUAL_CONDICIONADO","G03/G04"
"MART-0258","V1_FACT_COLUMN","fato_gestao_vista_manifestos","MAT-01..MAT-05","SET_BASED_EXPRESSION_TO_RECONCILE","DECIMAL(18,2)","NOT_PRESENT_OR_UNRESOLVED","mart.fato_gestao_vista_manifestos.receita_total","","VINCULO_INDIVIDUAL_CONDICIONADO","G03/G04"
"MART-0259","V1_FACT_COLUMN","fato_gestao_vista_manifestos","MAT-01..MAT-05","SET_BASED_EXPRESSION_TO_RECONCILE","NVARCHAR(MAX)","NOT_PRESENT_OR_UNRESOLVED","mart.fato_gestao_vista_manifestos.coleta_numeros","","VINCULO_INDIVIDUAL_CONDICIONADO","G03/G04"
"MART-0260","V1_FACT_COLUMN","fato_gestao_vista_manifestos","MAT-01..MAT-05","SET_BASED_EXPRESSION_TO_RECONCILE","NVARCHAR(50)","NOT_PRESENT_OR_UNRESOLVED","mart.fato_gestao_vista_manifestos.contract_number","","VINCULO_INDIVIDUAL_CONDICIONADO","G03/G04"
"MART-0261","V1_FACT_COLUMN","fato_gestao_vista_manifestos","MAT-01..MAT-05","SET_BASED_EXPRESSION_TO_RECONCILE","NVARCHAR(100)","NOT_PRESENT_OR_UNRESOLVED","mart.fato_gestao_vista_manifestos.tipo_contrato_veiculo","","VINCULO_INDIVIDUAL_CONDICIONADO","G03/G04"
"MART-0262","V1_FACT_COLUMN","fato_gestao_vista_manifestos","MAT-01..MAT-05","SET_BASED_EXPRESSION_TO_RECONCILE","NVARCHAR(100)","NOT_PRESENT_OR_UNRESOLVED","mart.fato_gestao_vista_manifestos.tipo_contrato_veiculo_key","","VINCULO_INDIVIDUAL_CONDICIONADO","G03/G04"
"MART-0263","V1_FACT_COLUMN","fato_gestao_vista_manifestos","MAT-01..MAT-05","SET_BASED_EXPRESSION_TO_RECONCILE","NVARCHAR(100)","NOT_PRESENT_OR_UNRESOLVED","mart.fato_gestao_vista_manifestos.tipo_contrato_motorista","","VINCULO_INDIVIDUAL_CONDICIONADO","G03/G04"
"MART-0264","V1_FACT_COLUMN","fato_gestao_vista_manifestos","MAT-01..MAT-05","SET_BASED_EXPRESSION_TO_RECONCILE","NVARCHAR(100)","NOT_PRESENT_OR_UNRESOLVED","mart.fato_gestao_vista_manifestos.tipo_contrato_motorista_key","","VINCULO_INDIVIDUAL_CONDICIONADO","G03/G04"
"MART-0265","V1_FACT_COLUMN","fato_gestao_vista_manifestos","MAT-01..MAT-05","SET_BASED_EXPRESSION_TO_RECONCILE","NVARCHAR(100)","NOT_PRESENT_OR_UNRESOLVED","mart.fato_gestao_vista_manifestos.tipo_contrato","","VINCULO_INDIVIDUAL_CONDICIONADO","G03/G04"
"MART-0266","V1_FACT_COLUMN","fato_gestao_vista_manifestos","MAT-01..MAT-05","SET_BASED_EXPRESSION_TO_RECONCILE","NVARCHAR(100)","NOT_PRESENT_OR_UNRESOLVED","mart.fato_gestao_vista_manifestos.tipo_contrato_key","","VINCULO_INDIVIDUAL_CONDICIONADO","G03/G04"
"MART-0267","V1_FACT_COLUMN","fato_gestao_vista_manifestos","MAT-01..MAT-05","SET_BASED_EXPRESSION_TO_RECONCILE","NVARCHAR(100)","NOT_PRESENT_OR_UNRESOLVED","mart.fato_gestao_vista_manifestos.tipo_calculo","","VINCULO_INDIVIDUAL_CONDICIONADO","G03/G04"
"MART-0268","V1_FACT_COLUMN","fato_gestao_vista_manifestos","MAT-01..MAT-05","SET_BASED_EXPRESSION_TO_RECONCILE","NVARCHAR(100)","NOT_PRESENT_OR_UNRESOLVED","mart.fato_gestao_vista_manifestos.tipo_carga","","VINCULO_INDIVIDUAL_CONDICIONADO","G03/G04"
"MART-0269","V1_FACT_COLUMN","fato_gestao_vista_manifestos","MAT-01..MAT-05","SET_BASED_EXPRESSION_TO_RECONCILE","NVARCHAR(100)","NOT_PRESENT_OR_UNRESOLVED","mart.fato_gestao_vista_manifestos.tipo_carga_key","","VINCULO_INDIVIDUAL_CONDICIONADO","G03/G04"
"MART-0270","V1_FACT_COLUMN","fato_gestao_vista_manifestos","MAT-01..MAT-05","SET_BASED_EXPRESSION_TO_RECONCILE","DECIMAL(18,2)","NOT_PRESENT_OR_UNRESOLVED","mart.fato_gestao_vista_manifestos.diaria","","VINCULO_INDIVIDUAL_CONDICIONADO","G03/G04"
"MART-0271","V1_FACT_COLUMN","fato_gestao_vista_manifestos","MAT-01..MAT-05","SET_BASED_EXPRESSION_TO_RECONCILE","DECIMAL(18,2)","NOT_PRESENT_OR_UNRESOLVED","mart.fato_gestao_vista_manifestos.custo_total","","VINCULO_INDIVIDUAL_CONDICIONADO","G03/G04"
"MART-0272","V1_FACT_COLUMN","fato_gestao_vista_manifestos","MAT-01..MAT-05","SET_BASED_EXPRESSION_TO_RECONCILE","DECIMAL(18,2)","NOT_PRESENT_OR_UNRESOLVED","mart.fato_gestao_vista_manifestos.valor_frete","","VINCULO_INDIVIDUAL_CONDICIONADO","G03/G04"
"MART-0273","V1_FACT_COLUMN","fato_gestao_vista_manifestos","MAT-01..MAT-05","SET_BASED_EXPRESSION_TO_RECONCILE","DECIMAL(18,2)","NOT_PRESENT_OR_UNRESOLVED","mart.fato_gestao_vista_manifestos.combustivel","","VINCULO_INDIVIDUAL_CONDICIONADO","G03/G04"
"MART-0274","V1_FACT_COLUMN","fato_gestao_vista_manifestos","MAT-01..MAT-05","SET_BASED_EXPRESSION_TO_RECONCILE","DECIMAL(18,2)","NOT_PRESENT_OR_UNRESOLVED","mart.fato_gestao_vista_manifestos.pedagio","","VINCULO_INDIVIDUAL_CONDICIONADO","G03/G04"
"MART-0275","V1_FACT_COLUMN","fato_gestao_vista_manifestos","MAT-01..MAT-05","SET_BASED_EXPRESSION_TO_RECONCILE","DECIMAL(18,2)","NOT_PRESENT_OR_UNRESOLVED","mart.fato_gestao_vista_manifestos.servicos_motorista_total","","VINCULO_INDIVIDUAL_CONDICIONADO","G03/G04"
"MART-0276","V1_FACT_COLUMN","fato_gestao_vista_manifestos","MAT-01..MAT-05","SET_BASED_EXPRESSION_TO_RECONCILE","DECIMAL(18,2)","NOT_PRESENT_OR_UNRESOLVED","mart.fato_gestao_vista_manifestos.despesa_operacional","","VINCULO_INDIVIDUAL_CONDICIONADO","G03/G04"
"MART-0277","V1_FACT_COLUMN","fato_gestao_vista_manifestos","MAT-01..MAT-05","SET_BASED_EXPRESSION_TO_RECONCILE","DECIMAL(18,2)","NOT_PRESENT_OR_UNRESOLVED","mart.fato_gestao_vista_manifestos.inss_value","","VINCULO_INDIVIDUAL_CONDICIONADO","G03/G04"
"MART-0278","V1_FACT_COLUMN","fato_gestao_vista_manifestos","MAT-01..MAT-05","SET_BASED_EXPRESSION_TO_RECONCILE","DECIMAL(18,2)","NOT_PRESENT_OR_UNRESOLVED","mart.fato_gestao_vista_manifestos.sest_senat_value","","VINCULO_INDIVIDUAL_CONDICIONADO","G03/G04"
"MART-0279","V1_FACT_COLUMN","fato_gestao_vista_manifestos","MAT-01..MAT-05","SET_BASED_EXPRESSION_TO_RECONCILE","DECIMAL(18,2)","NOT_PRESENT_OR_UNRESOLVED","mart.fato_gestao_vista_manifestos.ir_value","","VINCULO_INDIVIDUAL_CONDICIONADO","G03/G04"
"MART-0280","V1_FACT_COLUMN","fato_gestao_vista_manifestos","MAT-01..MAT-05","SET_BASED_EXPRESSION_TO_RECONCILE","DECIMAL(18,2)","NOT_PRESENT_OR_UNRESOLVED","mart.fato_gestao_vista_manifestos.saldo_pagar","","VINCULO_INDIVIDUAL_CONDICIONADO","G03/G04"
"MART-0281","V1_FACT_COLUMN","fato_gestao_vista_manifestos","MAT-01..MAT-05","SET_BASED_EXPRESSION_TO_RECONCILE","INT","NOT_PRESENT_OR_UNRESOLVED","mart.fato_gestao_vista_manifestos.uniq_destinations_count","","VINCULO_INDIVIDUAL_CONDICIONADO","G03/G04"
"MART-0282","V1_FACT_COLUMN","fato_gestao_vista_manifestos","MAT-01..MAT-05","SET_BASED_EXPRESSION_TO_RECONCILE","BIT","NOT_PRESENT_OR_UNRESOLVED","mart.fato_gestao_vista_manifestos.gerar_mdfe","","VINCULO_INDIVIDUAL_CONDICIONADO","G03/G04"
"MART-0283","V1_FACT_COLUMN","fato_gestao_vista_manifestos","MAT-01..MAT-05","SET_BASED_EXPRESSION_TO_RECONCILE","BIT","NOT_PRESENT_OR_UNRESOLVED","mart.fato_gestao_vista_manifestos.solicitou_monitoramento","","VINCULO_INDIVIDUAL_CONDICIONADO","G03/G04"
"MART-0284","V1_FACT_COLUMN","fato_gestao_vista_manifestos","MAT-01..MAT-05","SET_BASED_EXPRESSION_TO_RECONCILE","NVARCHAR(10)","NOT_PRESENT_OR_UNRESOLVED","mart.fato_gestao_vista_manifestos.solicitacao_monitoramento","","VINCULO_INDIVIDUAL_CONDICIONADO","G03/G04"
"MART-0285","V1_FACT_COLUMN","fato_gestao_vista_manifestos","MAT-01..MAT-05","SET_BASED_EXPRESSION_TO_RECONCILE","DATETIMEOFFSET","NOT_PRESENT_OR_UNRESOLVED","mart.fato_gestao_vista_manifestos.leitura_movel_em","","VINCULO_INDIVIDUAL_CONDICIONADO","G03/G04"
"MART-0286","V1_FACT_COLUMN","fato_gestao_vista_manifestos","MAT-01..MAT-05","SET_BASED_EXPRESSION_TO_RECONCILE","INT","NOT_PRESENT_OR_UNRESOLVED","mart.fato_gestao_vista_manifestos.itens_entrega","","VINCULO_INDIVIDUAL_CONDICIONADO","G03/G04"
"MART-0287","V1_FACT_COLUMN","fato_gestao_vista_manifestos","MAT-01..MAT-05","SET_BASED_EXPRESSION_TO_RECONCILE","INT","NOT_PRESENT_OR_UNRESOLVED","mart.fato_gestao_vista_manifestos.itens_transferencia","","VINCULO_INDIVIDUAL_CONDICIONADO","G03/G04"
"MART-0288","V1_FACT_COLUMN","fato_gestao_vista_manifestos","MAT-01..MAT-05","SET_BASED_EXPRESSION_TO_RECONCILE","INT","NOT_PRESENT_OR_UNRESOLVED","mart.fato_gestao_vista_manifestos.itens_coleta","","VINCULO_INDIVIDUAL_CONDICIONADO","G03/G04"
"MART-0289","V1_FACT_COLUMN","fato_gestao_vista_manifestos","MAT-01..MAT-05","SET_BASED_EXPRESSION_TO_RECONCILE","INT","NOT_PRESENT_OR_UNRESOLVED","mart.fato_gestao_vista_manifestos.itens_despacho_rascunho","","VINCULO_INDIVIDUAL_CONDICIONADO","G03/G04"
"MART-0290","V1_FACT_COLUMN","fato_gestao_vista_manifestos","MAT-01..MAT-05","SET_BASED_EXPRESSION_TO_RECONCILE","INT","NOT_PRESENT_OR_UNRESOLVED","mart.fato_gestao_vista_manifestos.itens_consolidacao","","VINCULO_INDIVIDUAL_CONDICIONADO","G03/G04"
"MART-0291","V1_FACT_COLUMN","fato_gestao_vista_manifestos","MAT-01..MAT-05","SET_BASED_EXPRESSION_TO_RECONCILE","INT","NOT_PRESENT_OR_UNRESOLVED","mart.fato_gestao_vista_manifestos.itens_coleta_reversa","","VINCULO_INDIVIDUAL_CONDICIONADO","G03/G04"
"MART-0292","V1_FACT_COLUMN","fato_gestao_vista_manifestos","MAT-01..MAT-05","SET_BASED_EXPRESSION_TO_RECONCILE","INT","NOT_PRESENT_OR_UNRESOLVED","mart.fato_gestao_vista_manifestos.itens_total","","VINCULO_INDIVIDUAL_CONDICIONADO","G03/G04"
"MART-0293","V1_FACT_COLUMN","fato_gestao_vista_manifestos","MAT-01..MAT-05","SET_BASED_EXPRESSION_TO_RECONCILE","INT","NOT_PRESENT_OR_UNRESOLVED","mart.fato_gestao_vista_manifestos.itens_finalizados","","VINCULO_INDIVIDUAL_CONDICIONADO","G03/G04"
"MART-0294","V1_FACT_COLUMN","fato_gestao_vista_manifestos","MAT-01..MAT-05","SET_BASED_EXPRESSION_TO_RECONCILE","INT","NOT_PRESENT_OR_UNRESOLVED","mart.fato_gestao_vista_manifestos.calculado_coleta","","VINCULO_INDIVIDUAL_CONDICIONADO","G03/G04"
"MART-0295","V1_FACT_COLUMN","fato_gestao_vista_manifestos","MAT-01..MAT-05","SET_BASED_EXPRESSION_TO_RECONCILE","INT","NOT_PRESENT_OR_UNRESOLVED","mart.fato_gestao_vista_manifestos.calculado_entrega","","VINCULO_INDIVIDUAL_CONDICIONADO","G03/G04"
"MART-0296","V1_FACT_COLUMN","fato_gestao_vista_manifestos","MAT-01..MAT-05","SET_BASED_EXPRESSION_TO_RECONCILE","INT","NOT_PRESENT_OR_UNRESOLVED","mart.fato_gestao_vista_manifestos.calculado_despacho","","VINCULO_INDIVIDUAL_CONDICIONADO","G03/G04"
"MART-0297","V1_FACT_COLUMN","fato_gestao_vista_manifestos","MAT-01..MAT-05","SET_BASED_EXPRESSION_TO_RECONCILE","INT","NOT_PRESENT_OR_UNRESOLVED","mart.fato_gestao_vista_manifestos.calculado_consolidacao","","VINCULO_INDIVIDUAL_CONDICIONADO","G03/G04"
"MART-0298","V1_FACT_COLUMN","fato_gestao_vista_manifestos","MAT-01..MAT-05","SET_BASED_EXPRESSION_TO_RECONCILE","INT","NOT_PRESENT_OR_UNRESOLVED","mart.fato_gestao_vista_manifestos.calculado_coleta_reversa","","VINCULO_INDIVIDUAL_CONDICIONADO","G03/G04"
"MART-0299","V1_FACT_COLUMN","fato_gestao_vista_manifestos","MAT-01..MAT-05","SET_BASED_EXPRESSION_TO_RECONCILE","DECIMAL(18,2)","NOT_PRESENT_OR_UNRESOLVED","mart.fato_gestao_vista_manifestos.valor_coletas","","VINCULO_INDIVIDUAL_CONDICIONADO","G03/G04"
"MART-0300","V1_FACT_COLUMN","fato_gestao_vista_manifestos","MAT-01..MAT-05","SET_BASED_EXPRESSION_TO_RECONCILE","DECIMAL(18,2)","NOT_PRESENT_OR_UNRESOLVED","mart.fato_gestao_vista_manifestos.valor_entregas","","VINCULO_INDIVIDUAL_CONDICIONADO","G03/G04"
"MART-0301","V1_FACT_COLUMN","fato_gestao_vista_manifestos","MAT-01..MAT-05","SET_BASED_EXPRESSION_TO_RECONCILE","DECIMAL(18,2)","NOT_PRESENT_OR_UNRESOLVED","mart.fato_gestao_vista_manifestos.despachos","","VINCULO_INDIVIDUAL_CONDICIONADO","G03/G04"
"MART-0302","V1_FACT_COLUMN","fato_gestao_vista_manifestos","MAT-01..MAT-05","SET_BASED_EXPRESSION_TO_RECONCILE","DECIMAL(18,2)","NOT_PRESENT_OR_UNRESOLVED","mart.fato_gestao_vista_manifestos.consolidacoes","","VINCULO_INDIVIDUAL_CONDICIONADO","G03/G04"
"MART-0303","V1_FACT_COLUMN","fato_gestao_vista_manifestos","MAT-01..MAT-05","SET_BASED_EXPRESSION_TO_RECONCILE","DECIMAL(18,2)","NOT_PRESENT_OR_UNRESOLVED","mart.fato_gestao_vista_manifestos.coleta_reversa","","VINCULO_INDIVIDUAL_CONDICIONADO","G03/G04"
"MART-0304","V1_FACT_COLUMN","fato_gestao_vista_manifestos","MAT-01..MAT-05","SET_BASED_EXPRESSION_TO_RECONCILE","DECIMAL(18,2)","NOT_PRESENT_OR_UNRESOLVED","mart.fato_gestao_vista_manifestos.adiantamento","","VINCULO_INDIVIDUAL_CONDICIONADO","G03/G04"
"MART-0305","V1_FACT_COLUMN","fato_gestao_vista_manifestos","MAT-01..MAT-05","SET_BASED_EXPRESSION_TO_RECONCILE","DECIMAL(18,2)","NOT_PRESENT_OR_UNRESOLVED","mart.fato_gestao_vista_manifestos.custos_frota","","VINCULO_INDIVIDUAL_CONDICIONADO","G03/G04"
"MART-0306","V1_FACT_COLUMN","fato_gestao_vista_manifestos","MAT-01..MAT-05","SET_BASED_EXPRESSION_TO_RECONCILE","DECIMAL(18,2)","NOT_PRESENT_OR_UNRESOLVED","mart.fato_gestao_vista_manifestos.adicionais","","VINCULO_INDIVIDUAL_CONDICIONADO","G03/G04"
"MART-0307","V1_FACT_COLUMN","fato_gestao_vista_manifestos","MAT-01..MAT-05","SET_BASED_EXPRESSION_TO_RECONCILE","DECIMAL(18,2)","NOT_PRESENT_OR_UNRESOLVED","mart.fato_gestao_vista_manifestos.descontos","","VINCULO_INDIVIDUAL_CONDICIONADO","G03/G04"
"MART-0308","V1_FACT_COLUMN","fato_gestao_vista_manifestos","MAT-01..MAT-05","SET_BASED_EXPRESSION_TO_RECONCILE","DECIMAL(18,2)","NOT_PRESENT_OR_UNRESOLVED","mart.fato_gestao_vista_manifestos.desconto_valor","","VINCULO_INDIVIDUAL_CONDICIONADO","G03/G04"
"MART-0309","V1_FACT_COLUMN","fato_gestao_vista_manifestos","MAT-01..MAT-05","SET_BASED_EXPRESSION_TO_RECONCILE","NVARCHAR(MAX)","NOT_PRESENT_OR_UNRESOLVED","mart.fato_gestao_vista_manifestos.ajuste_comentarios","","VINCULO_INDIVIDUAL_CONDICIONADO","G03/G04"
"MART-0310","V1_FACT_COLUMN","fato_gestao_vista_manifestos","MAT-01..MAT-05","SET_BASED_EXPRESSION_TO_RECONCILE","NVARCHAR(100)","NOT_PRESENT_OR_UNRESOLVED","mart.fato_gestao_vista_manifestos.iks_id","","VINCULO_INDIVIDUAL_CONDICIONADO","G03/G04"
"MART-0311","V1_FACT_COLUMN","fato_gestao_vista_manifestos","MAT-01..MAT-05","SET_BASED_EXPRESSION_TO_RECONCILE","NVARCHAR(50)","NOT_PRESENT_OR_UNRESOLVED","mart.fato_gestao_vista_manifestos.programacao_sequence_code","","VINCULO_INDIVIDUAL_CONDICIONADO","G03/G04"
"MART-0312","V1_FACT_COLUMN","fato_gestao_vista_manifestos","MAT-01..MAT-05","SET_BASED_EXPRESSION_TO_RECONCILE","DATETIMEOFFSET","NOT_PRESENT_OR_UNRESOLVED","mart.fato_gestao_vista_manifestos.programacao_inicio","","VINCULO_INDIVIDUAL_CONDICIONADO","G03/G04"
"MART-0313","V1_FACT_COLUMN","fato_gestao_vista_manifestos","MAT-01..MAT-05","SET_BASED_EXPRESSION_TO_RECONCILE","DATETIMEOFFSET","NOT_PRESENT_OR_UNRESOLVED","mart.fato_gestao_vista_manifestos.programacao_termino","","VINCULO_INDIVIDUAL_CONDICIONADO","G03/G04"
"MART-0314","V1_FACT_COLUMN","fato_gestao_vista_manifestos","MAT-01..MAT-05","SET_BASED_EXPRESSION_TO_RECONCILE","NVARCHAR(20)","NOT_PRESENT_OR_UNRESOLVED","mart.fato_gestao_vista_manifestos.carreta1_placa","","VINCULO_INDIVIDUAL_CONDICIONADO","G03/G04"
"MART-0315","V1_FACT_COLUMN","fato_gestao_vista_manifestos","MAT-01..MAT-05","SET_BASED_EXPRESSION_TO_RECONCILE","DECIMAL(18,2)","NOT_PRESENT_OR_UNRESOLVED","mart.fato_gestao_vista_manifestos.carreta1_capacidade_peso","","VINCULO_INDIVIDUAL_CONDICIONADO","G03/G04"
"MART-0316","V1_FACT_COLUMN","fato_gestao_vista_manifestos","MAT-01..MAT-05","SET_BASED_EXPRESSION_TO_RECONCILE","NVARCHAR(20)","NOT_PRESENT_OR_UNRESOLVED","mart.fato_gestao_vista_manifestos.carreta2_placa","","VINCULO_INDIVIDUAL_CONDICIONADO","G03/G04"
"MART-0317","V1_FACT_COLUMN","fato_gestao_vista_manifestos","MAT-01..MAT-05","SET_BASED_EXPRESSION_TO_RECONCILE","DECIMAL(18,2)","NOT_PRESENT_OR_UNRESOLVED","mart.fato_gestao_vista_manifestos.carreta2_capacidade_peso","","VINCULO_INDIVIDUAL_CONDICIONADO","G03/G04"
"MART-0318","V1_FACT_COLUMN","fato_gestao_vista_manifestos","MAT-01..MAT-05","SET_BASED_EXPRESSION_TO_RECONCILE","DECIMAL(18,2)","NOT_PRESENT_OR_UNRESOLVED","mart.fato_gestao_vista_manifestos.veiculo_capacidade_peso","","VINCULO_INDIVIDUAL_CONDICIONADO","G03/G04"
"MART-0319","V1_FACT_COLUMN","fato_gestao_vista_manifestos","MAT-01..MAT-05","SET_BASED_EXPRESSION_TO_RECONCILE","DECIMAL(18,2)","NOT_PRESENT_OR_UNRESOLVED","mart.fato_gestao_vista_manifestos.veiculo_peso_cubado","","VINCULO_INDIVIDUAL_CONDICIONADO","G03/G04"
"MART-0320","V1_FACT_COLUMN","fato_gestao_vista_manifestos","MAT-01..MAT-05","SET_BASED_EXPRESSION_TO_RECONCILE","DECIMAL(18,2)","NOT_PRESENT_OR_UNRESOLVED","mart.fato_gestao_vista_manifestos.capacidade_lotacao_kg","","VINCULO_INDIVIDUAL_CONDICIONADO","G03/G04"
"MART-0321","V1_FACT_COLUMN","fato_gestao_vista_manifestos","MAT-01..MAT-05","SET_BASED_EXPRESSION_TO_RECONCILE","NVARCHAR(MAX)","NOT_PRESENT_OR_UNRESOLVED","mart.fato_gestao_vista_manifestos.descarregamento_destinatarios","","VINCULO_INDIVIDUAL_CONDICIONADO","G03/G04"
"MART-0322","V1_FACT_COLUMN","fato_gestao_vista_manifestos","MAT-01..MAT-05","SET_BASED_EXPRESSION_TO_RECONCILE","NVARCHAR(MAX)","NOT_PRESENT_OR_UNRESOLVED","mart.fato_gestao_vista_manifestos.local_descarregamento","","VINCULO_INDIVIDUAL_CONDICIONADO","G03/G04"
"MART-0323","V1_FACT_COLUMN","fato_gestao_vista_manifestos","MAT-01..MAT-05","SET_BASED_EXPRESSION_TO_RECONCILE","NVARCHAR(MAX)","NOT_PRESENT_OR_UNRESOLVED","mart.fato_gestao_vista_manifestos.entrega_regioes","","VINCULO_INDIVIDUAL_CONDICIONADO","G03/G04"
"MART-0324","V1_FACT_COLUMN","fato_gestao_vista_manifestos","MAT-01..MAT-05","SET_BASED_EXPRESSION_TO_RECONCILE","NVARCHAR(255)","NOT_PRESENT_OR_UNRESOLVED","mart.fato_gestao_vista_manifestos.programacao_cliente","","VINCULO_INDIVIDUAL_CONDICIONADO","G03/G04"
"MART-0325","V1_FACT_COLUMN","fato_gestao_vista_manifestos","MAT-01..MAT-05","SET_BASED_EXPRESSION_TO_RECONCILE","NVARCHAR(255)","NOT_PRESENT_OR_UNRESOLVED","mart.fato_gestao_vista_manifestos.programacao_tipo_servico","","VINCULO_INDIVIDUAL_CONDICIONADO","G03/G04"
"MART-0326","V1_FACT_COLUMN","fato_gestao_vista_manifestos","MAT-01..MAT-05","SET_BASED_EXPRESSION_TO_RECONCILE","NVARCHAR(255)","NOT_PRESENT_OR_UNRESOLVED","mart.fato_gestao_vista_manifestos.usuario_emissor","","VINCULO_INDIVIDUAL_CONDICIONADO","G03/G04"
"MART-0327","V1_FACT_COLUMN","fato_gestao_vista_manifestos","MAT-01..MAT-05","SET_BASED_EXPRESSION_TO_RECONCILE","NVARCHAR(255)","NOT_PRESENT_OR_UNRESOLVED","mart.fato_gestao_vista_manifestos.usuario_ajuste","","VINCULO_INDIVIDUAL_CONDICIONADO","G03/G04"
"MART-0328","V1_FACT_COLUMN","fato_gestao_vista_manifestos","MAT-01..MAT-05","SET_BASED_EXPRESSION_TO_RECONCILE","NVARCHAR(MAX)","NOT_PRESENT_OR_UNRESOLVED","mart.fato_gestao_vista_manifestos.obs_operacional","","VINCULO_INDIVIDUAL_CONDICIONADO","G03/G04"
"MART-0329","V1_FACT_COLUMN","fato_gestao_vista_manifestos","MAT-01..MAT-05","SET_BASED_EXPRESSION_TO_RECONCILE","NVARCHAR(MAX)","NOT_PRESENT_OR_UNRESOLVED","mart.fato_gestao_vista_manifestos.obs_financeira","","VINCULO_INDIVIDUAL_CONDICIONADO","G03/G04"
"MART-0330","V1_FACT_COLUMN","fato_gestao_vista_manifestos","MAT-01..MAT-05","SET_BASED_EXPRESSION_TO_RECONCILE","NVARCHAR(MAX)","NOT_PRESENT_OR_UNRESOLVED","recon.fact_field_presence","","RETIRADA_PRESERVADA","G03/G04"
"MART-0331","V1_FACT_COLUMN","fato_gestao_vista_manifestos","MAT-01..MAT-05","SET_BASED_EXPRESSION_TO_RECONCILE","DATETIME2(0)","NOT_PRESENT_OR_UNRESOLVED","mart.fato_gestao_vista_manifestos.data_extracao","","VINCULO_INDIVIDUAL_CONDICIONADO","G03/G04"
"MART-0332","V1_FACT_COLUMN","fato_gestao_vista_manifestos","MAT-01..MAT-05","SET_BASED_EXPRESSION_TO_RECONCILE","BIT","NOT_PRESENT_OR_UNRESOLVED","mart.fato_gestao_vista_manifestos.excluido_na_origem","","VINCULO_INDIVIDUAL_CONDICIONADO","G03/G04"
"MART-0333","V1_FACT_COLUMN","fato_gestao_vista_manifestos","MAT-01..MAT-05","SET_BASED_EXPRESSION_TO_RECONCILE","DATETIME2(0)","NOT_PRESENT_OR_UNRESOLVED","mart.fato_gestao_vista_manifestos.data_exclusao_origem","","VINCULO_INDIVIDUAL_CONDICIONADO","G03/G04"
"MART-0334","V1_FACT_COLUMN","fato_gestao_vista_manifestos","MAT-01..MAT-05","SET_BASED_EXPRESSION_TO_RECONCILE","DATETIME2(0)","NOT_PRESENT_OR_UNRESOLVED","mart.fato_gestao_vista_manifestos.ultima_reconciliacao_origem_em","","VINCULO_INDIVIDUAL_CONDICIONADO","G03/G04"
"MART-0335","V1_FACT_COLUMN","fato_gestao_vista_manifestos","MAT-01..MAT-05","SET_BASED_EXPRESSION_TO_RECONCILE","DATETIME2(0)","NOT_PRESENT_OR_UNRESOLVED","mart.fato_gestao_vista_manifestos.snapshot_em","","VINCULO_INDIVIDUAL_CONDICIONADO","G03/G04"
"MART-0336","V1_FACT_COLUMN","fato_gestao_vista_manifestos","MAT-01..MAT-05","SET_BASED_EXPRESSION_TO_RECONCILE","BINARY(32)","NOT_PRESENT_OR_UNRESOLVED","mart.fato_gestao_vista_manifestos.hash_linha","","VINCULO_INDIVIDUAL_CONDICIONADO","G03/G04"
"V1-COLETAS-001","V1_OPERATIONAL_COLUMN","coletas","N/A","/data/id","NVARCHAR(50)","NOT_PRESENT_OR_UNRESOLVED","core.coletas.id","","MAPEAMENTO_LOCAL_DECLARADO","G03/G04"
"V1-COLETAS-002","V1_OPERATIONAL_COLUMN","coletas","N/A","/data/sequence_code","BIGINT","NOT_PRESENT_OR_UNRESOLVED","crosswalk.coletas.alias_sequence_code","","MAPEAMENTO_LOCAL_DECLARADO","G03/G04"
"V1-COLETAS-003","V1_OPERATIONAL_COLUMN","coletas","N/A","UNRESOLVED_SOURCE_PATH","DATE","NOT_PRESENT_OR_UNRESOLVED","core.coletas.pending_request_date","","MAPEAMENTO_LOCAL_DECLARADO","G03/G04"
"V1-COLETAS-004","V1_OPERATIONAL_COLUMN","coletas","N/A","UNRESOLVED_SOURCE_PATH","NVARCHAR(8)","NOT_PRESENT_OR_UNRESOLVED","core.coletas.pending_request_hour","","MAPEAMENTO_LOCAL_DECLARADO","G03/G04"
"V1-COLETAS-005","V1_OPERATIONAL_COLUMN","coletas","N/A","UNRESOLVED_SOURCE_PATH","DATE","NOT_PRESENT_OR_UNRESOLVED","core.coletas.pending_service_date","","MAPEAMENTO_LOCAL_DECLARADO","G03/G04"
"V1-COLETAS-006","V1_OPERATIONAL_COLUMN","coletas","N/A","UNRESOLVED_SOURCE_PATH","NVARCHAR(50)","NOT_PRESENT_OR_UNRESOLVED","core.coletas.pending_status","","MAPEAMENTO_LOCAL_DECLARADO","G03/G04"
"V1-COLETAS-007","V1_OPERATIONAL_COLUMN","coletas","N/A","UNRESOLVED_SOURCE_PATH","DECIMAL(18,2)","NOT_PRESENT_OR_UNRESOLVED","core.coletas.pending_total_value","","RASTREADO_POR_EXPRESSAO_SQL_LOCAL","G03/G04"
"V1-COLETAS-008","V1_OPERATIONAL_COLUMN","coletas","N/A","UNRESOLVED_SOURCE_PATH","DECIMAL(18,3)","NOT_PRESENT_OR_UNRESOLVED","core.coletas.pending_total_weight","","RASTREADO_POR_EXPRESSAO_SQL_LOCAL","G03/G04"
"V1-COLETAS-009","V1_OPERATIONAL_COLUMN","coletas","N/A","UNRESOLVED_SOURCE_PATH","INT","NOT_PRESENT_OR_UNRESOLVED","core.coletas.pending_total_volumes","","RASTREADO_POR_EXPRESSAO_SQL_LOCAL","G03/G04"
"V1-COLETAS-010","V1_OPERATIONAL_COLUMN","coletas","N/A","UNRESOLVED_SOURCE_PATH","NVARCHAR(255)","NOT_PRESENT_OR_UNRESOLVED","core.coletas.pending_cliente_nome","","RASTREADO_POR_EXPRESSAO_SQL_LOCAL","G03/G04"
"V1-COLETAS-011","V1_OPERATIONAL_COLUMN","coletas","N/A","UNRESOLVED_SOURCE_PATH","NVARCHAR(50)","NOT_PRESENT_OR_UNRESOLVED","core.coletas.pending_cliente_doc","","RASTREADO_POR_EXPRESSAO_SQL_LOCAL","G03/G04"
"V1-COLETAS-012","V1_OPERATIONAL_COLUMN","coletas","N/A","UNRESOLVED_SOURCE_PATH","NVARCHAR(500)","NOT_PRESENT_OR_UNRESOLVED","core.coletas.pending_local_coleta","","RASTREADO_POR_EXPRESSAO_SQL_LOCAL","G03/G04"
"V1-COLETAS-013","V1_OPERATIONAL_COLUMN","coletas","N/A","UNRESOLVED_SOURCE_PATH","NVARCHAR(50)","NOT_PRESENT_OR_UNRESOLVED","core.coletas.pending_numero_coleta","","RASTREADO_POR_EXPRESSAO_SQL_LOCAL","G03/G04"
"V1-COLETAS-014","V1_OPERATIONAL_COLUMN","coletas","N/A","UNRESOLVED_SOURCE_PATH","NVARCHAR(255)","NOT_PRESENT_OR_UNRESOLVED","core.coletas.pending_complemento_coleta","","RASTREADO_POR_EXPRESSAO_SQL_LOCAL","G03/G04"
"V1-COLETAS-015","V1_OPERATIONAL_COLUMN","coletas","N/A","UNRESOLVED_SOURCE_PATH","NVARCHAR(255)","NOT_PRESENT_OR_UNRESOLVED","core.coletas.pending_cidade_coleta","","RASTREADO_POR_EXPRESSAO_SQL_LOCAL","G03/G04"
"V1-COLETAS-016","V1_OPERATIONAL_COLUMN","coletas","N/A","UNRESOLVED_SOURCE_PATH","NVARCHAR(255)","NOT_PRESENT_OR_UNRESOLVED","core.coletas.pending_bairro_coleta","","RASTREADO_POR_EXPRESSAO_SQL_LOCAL","G03/G04"
"V1-COLETAS-017","V1_OPERATIONAL_COLUMN","coletas","N/A","UNRESOLVED_SOURCE_PATH","NVARCHAR(10)","NOT_PRESENT_OR_UNRESOLVED","core.coletas.pending_uf_coleta","","RASTREADO_POR_EXPRESSAO_SQL_LOCAL","G03/G04"
"V1-COLETAS-018","V1_OPERATIONAL_COLUMN","coletas","N/A","UNRESOLVED_SOURCE_PATH","NVARCHAR(20)","NOT_PRESENT_OR_UNRESOLVED","core.coletas.pending_cep_coleta","","RASTREADO_POR_EXPRESSAO_SQL_LOCAL","G03/G04"
"V1-COLETAS-019","V1_OPERATIONAL_COLUMN","coletas","N/A","UNRESOLVED_SOURCE_PATH","BIGINT","NOT_PRESENT_OR_UNRESOLVED","core.coletas.pending_filial_id","","RASTREADO_POR_EXPRESSAO_SQL_LOCAL","G03/G04"
"V1-COLETAS-020","V1_OPERATIONAL_COLUMN","coletas","N/A","UNRESOLVED_SOURCE_PATH","NVARCHAR(255)","NOT_PRESENT_OR_UNRESOLVED","core.coletas.pending_filial_nome","","RASTREADO_POR_EXPRESSAO_SQL_LOCAL","G03/G04"
"V1-COLETAS-021","V1_OPERATIONAL_COLUMN","coletas","N/A","UNRESOLVED_SOURCE_PATH","NVARCHAR(255)","NOT_PRESENT_OR_UNRESOLVED","core.coletas.pending_usuario_nome","","RASTREADO_POR_EXPRESSAO_SQL_LOCAL","G03/G04"
"V1-COLETAS-022","V1_OPERATIONAL_COLUMN","coletas","N/A","UNRESOLVED_SOURCE_PATH","DATE","NOT_PRESENT_OR_UNRESOLVED","core.coletas.pending_finish_date","","MAPEAMENTO_LOCAL_DECLARADO","G03/G04"
"V1-COLETAS-023","V1_OPERATIONAL_COLUMN","coletas","N/A","UNRESOLVED_SOURCE_PATH","BIGINT","NOT_PRESENT_OR_UNRESOLVED","core.coletas.pending_manifest_item_pick_id","","VINCULO_INDIVIDUAL_CONDICIONADO","G03/G04"
"V1-COLETAS-024","V1_OPERATIONAL_COLUMN","coletas","N/A","UNRESOLVED_SOURCE_PATH","NVARCHAR(MAX)","NOT_PRESENT_OR_UNRESOLVED","crosswalk.coletas.pending_relation_pick_items_ids","","VINCULO_INDIVIDUAL_CONDICIONADO","G03/G04"
"V1-COLETAS-025","V1_OPERATIONAL_COLUMN","coletas","N/A","UNRESOLVED_SOURCE_PATH","BIGINT","NOT_PRESENT_OR_UNRESOLVED","core.coletas.pending_vehicle_type_id","","MAPEAMENTO_LOCAL_DECLARADO","G03/G04"
"V1-COLETAS-026","V1_OPERATIONAL_COLUMN","coletas","N/A","UNRESOLVED_SOURCE_PATH","NVARCHAR(MAX)","NOT_PRESENT_OR_UNRESOLVED","core.coletas.pending_cancellation_reason","","MAPEAMENTO_LOCAL_DECLARADO","G03/G04"
"V1-COLETAS-027","V1_OPERATIONAL_COLUMN","coletas","N/A","UNRESOLVED_SOURCE_PATH","BIGINT","NOT_PRESENT_OR_UNRESOLVED","core.coletas.pending_cancellation_user_id","","MAPEAMENTO_LOCAL_DECLARADO","G03/G04"
"V1-COLETAS-028","V1_OPERATIONAL_COLUMN","coletas","N/A","UNRESOLVED_SOURCE_PATH","NVARCHAR(MAX)","NOT_PRESENT_OR_UNRESOLVED","core.coletas.pending_destroy_reason","","MAPEAMENTO_LOCAL_DECLARADO","G03/G04"
"V1-COLETAS-029","V1_OPERATIONAL_COLUMN","coletas","N/A","UNRESOLVED_SOURCE_PATH","BIGINT","NOT_PRESENT_OR_UNRESOLVED","core.coletas.pending_destroy_user_id","","MAPEAMENTO_LOCAL_DECLARADO","G03/G04"
"V1-COLETAS-030","V1_OPERATIONAL_COLUMN","coletas","N/A","UNRESOLVED_SOURCE_PATH","NVARCHAR(50)","NOT_PRESENT_OR_UNRESOLVED","core.coletas.pending_status_updated_at","","MAPEAMENTO_LOCAL_DECLARADO","G03/G04"
"V1-COLETAS-031","V1_OPERATIONAL_COLUMN","coletas","N/A","UNRESOLVED_SOURCE_PATH","DATETIMEOFFSET(0)","NOT_PRESENT_OR_UNRESOLVED","core.coletas.pending_status_updated_at_em","","RASTREADO_POR_EXPRESSAO_SQL_LOCAL","G03/G04"
"V1-COLETAS-032","V1_OPERATIONAL_COLUMN","coletas","N/A","UNRESOLVED_SOURCE_PATH","DECIMAL(18,3)","NOT_PRESENT_OR_UNRESOLVED","core.coletas.pending_taxed_weight","","MAPEAMENTO_LOCAL_DECLARADO","G03/G04"
"V1-COLETAS-033","V1_OPERATIONAL_COLUMN","coletas","N/A","UNRESOLVED_SOURCE_PATH","NVARCHAR(255)","NOT_PRESENT_OR_UNRESOLVED","core.coletas.pending_pick_region","","RASTREADO_POR_EXPRESSAO_SQL_LOCAL","G03/G04"
"V1-COLETAS-034","V1_OPERATIONAL_COLUMN","coletas","N/A","UNRESOLVED_SOURCE_PATH","NVARCHAR(50)","NOT_PRESENT_OR_UNRESOLVED","core.coletas.pending_last_occurrence","","RASTREADO_POR_EXPRESSAO_SQL_LOCAL","G03/G04"
"V1-COLETAS-035","V1_OPERATIONAL_COLUMN","coletas","N/A","UNRESOLVED_SOURCE_PATH","NVARCHAR(255)","NOT_PRESENT_OR_UNRESOLVED","core.coletas.pending_acao_ocorrencia","","RASTREADO_POR_EXPRESSAO_SQL_LOCAL","G03/G04"
"V1-COLETAS-036","V1_OPERATIONAL_COLUMN","coletas","N/A","UNRESOLVED_SOURCE_PATH","INT","NOT_PRESENT_OR_UNRESOLVED","core.coletas.pending_numero_tentativas","","RASTREADO_POR_EXPRESSAO_SQL_LOCAL","G03/G04"
"V1-COLETAS-037","V1_OPERATIONAL_COLUMN","coletas","N/A","MULTIPLE_UNTYPED_FIELDS","NVARCHAR(MAX)","NOT_PRESENT_OR_UNRESOLVED","recon.field_presence_and_provenance","","RETIRADA_PRESERVADA","G03/G04"
"V1-COLETAS-038","V1_OPERATIONAL_COLUMN","coletas","N/A","DERIVED_BY_PIPELINE","DATETIME2","NOT_PRESENT_OR_UNRESOLVED","ctl/recon derived audit state","","RASTREADO_POR_EXPRESSAO_SQL_LOCAL","G03/G04"
"V1-COLETAS-039","V1_OPERATIONAL_COLUMN","coletas","N/A","DERIVED_BY_PIPELINE","BIT","NOT_PRESENT_OR_UNRESOLVED","ctl/recon derived audit state","","RASTREADO_POR_EXPRESSAO_SQL_LOCAL","G03/G04"
"V1-COLETAS-040","V1_OPERATIONAL_COLUMN","coletas","N/A","DERIVED_BY_PIPELINE","DATETIME2(0)","NOT_PRESENT_OR_UNRESOLVED","ctl/recon derived audit state","","RASTREADO_POR_EXPRESSAO_SQL_LOCAL","G03/G04"
"V1-COLETAS-041","V1_OPERATIONAL_COLUMN","coletas","N/A","DERIVED_BY_PIPELINE","DATETIME2(0)","NOT_PRESENT_OR_UNRESOLVED","ctl/recon derived audit state","","RASTREADO_POR_EXPRESSAO_SQL_LOCAL","G03/G04"
"V1-COLETAS-042","V1_OPERATIONAL_COLUMN","coletas","N/A","DERIVED_BY_PIPELINE","SMALLINT","NOT_PRESENT_OR_UNRESOLVED","ctl/recon derived audit state","","RASTREADO_POR_EXPRESSAO_SQL_LOCAL","G03/G04"
"V1-COLETAS-043","V1_OPERATIONAL_COLUMN","coletas","N/A","DERIVED_BY_PIPELINE","DATETIME2(0)","NOT_PRESENT_OR_UNRESOLVED","ctl/recon derived audit state","","RASTREADO_POR_EXPRESSAO_SQL_LOCAL","G03/G04"
"V1-COLETAS-044","V1_OPERATIONAL_COLUMN","coletas","N/A","DERIVED_BY_PIPELINE","NVARCHAR(36)","NOT_PRESENT_OR_UNRESOLVED","ctl/recon derived audit state","","RASTREADO_POR_EXPRESSAO_SQL_LOCAL","G03/G04"
"V1-COLETAS-045","V1_OPERATIONAL_COLUMN","coletas","N/A","DERIVED_BY_PIPELINE","NVARCHAR(255)","NOT_PRESENT_OR_UNRESOLVED","ctl/recon derived audit state","","RASTREADO_POR_EXPRESSAO_SQL_LOCAL","G03/G04"
"V1-CONTAS_A_PAGAR-001","V1_OPERATIONAL_COLUMN","contas_a_pagar","N/A","UNRESOLVED_SOURCE_PATH","BIGINT","NOT_PRESENT_OR_UNRESOLVED","crosswalk.contas_a_pagar.pending_relation_sequence_code","","RASTREADO_POR_EXPRESSAO_SQL_LOCAL","G03/G04"
"V1-CONTAS_A_PAGAR-002","V1_OPERATIONAL_COLUMN","contas_a_pagar","N/A","UNRESOLVED_SOURCE_PATH","VARCHAR(100)","NOT_PRESENT_OR_UNRESOLVED","crosswalk.contas_a_pagar.pending_relation_document_number","","RASTREADO_POR_EXPRESSAO_SQL_LOCAL","G03/G04"
"V1-CONTAS_A_PAGAR-003","V1_OPERATIONAL_COLUMN","contas_a_pagar","N/A","/data/issue_date","DATE","NOT_PRESENT_OR_UNRESOLVED","crosswalk.contas_a_pagar.pending_relation_issue_date","","MAPEAMENTO_LOCAL_DECLARADO","G03/G04"
"V1-CONTAS_A_PAGAR-004","V1_OPERATIONAL_COLUMN","contas_a_pagar","N/A","UNRESOLVED_SOURCE_PATH","NVARCHAR(100)","NOT_PRESENT_OR_UNRESOLVED","crosswalk.contas_a_pagar.pending_relation_tipo_lancamento","","RASTREADO_POR_EXPRESSAO_SQL_LOCAL","G03/G04"
"V1-CONTAS_A_PAGAR-005","V1_OPERATIONAL_COLUMN","contas_a_pagar","N/A","UNRESOLVED_SOURCE_PATH","DECIMAL(18,2)","NOT_PRESENT_OR_UNRESOLVED","crosswalk.contas_a_pagar.pending_relation_valor_original","","RASTREADO_POR_EXPRESSAO_SQL_LOCAL","G03/G04"
"V1-CONTAS_A_PAGAR-006","V1_OPERATIONAL_COLUMN","contas_a_pagar","N/A","UNRESOLVED_SOURCE_PATH","DECIMAL(18,2)","NOT_PRESENT_OR_UNRESOLVED","crosswalk.contas_a_pagar.pending_relation_valor_juros","","RASTREADO_POR_EXPRESSAO_SQL_LOCAL","G03/G04"
"V1-CONTAS_A_PAGAR-007","V1_OPERATIONAL_COLUMN","contas_a_pagar","N/A","UNRESOLVED_SOURCE_PATH","DECIMAL(18,2)","NOT_PRESENT_OR_UNRESOLVED","crosswalk.contas_a_pagar.pending_relation_valor_desconto","","RASTREADO_POR_EXPRESSAO_SQL_LOCAL","G03/G04"
"V1-CONTAS_A_PAGAR-008","V1_OPERATIONAL_COLUMN","contas_a_pagar","N/A","UNRESOLVED_SOURCE_PATH","DECIMAL(18,2)","NOT_PRESENT_OR_UNRESOLVED","crosswalk.contas_a_pagar.pending_relation_valor_a_pagar","","RASTREADO_POR_EXPRESSAO_SQL_LOCAL","G03/G04"
"V1-CONTAS_A_PAGAR-009","V1_OPERATIONAL_COLUMN","contas_a_pagar","N/A","UNRESOLVED_SOURCE_PATH","DECIMAL(18,2)","NOT_PRESENT_OR_UNRESOLVED","crosswalk.contas_a_pagar.pending_relation_valor_pago","","RASTREADO_POR_EXPRESSAO_SQL_LOCAL","G03/G04"
"V1-CONTAS_A_PAGAR-010","V1_OPERATIONAL_COLUMN","contas_a_pagar","N/A","UNRESOLVED_SOURCE_PATH","NVARCHAR(50)","NOT_PRESENT_OR_UNRESOLVED","crosswalk.contas_a_pagar.pending_relation_status_pagamento","","RASTREADO_POR_EXPRESSAO_SQL_LOCAL","G03/G04"
"V1-CONTAS_A_PAGAR-011","V1_OPERATIONAL_COLUMN","contas_a_pagar","N/A","UNRESOLVED_SOURCE_PATH","INT","NOT_PRESENT_OR_UNRESOLVED","crosswalk.contas_a_pagar.pending_relation_mes_competencia","","RASTREADO_POR_EXPRESSAO_SQL_LOCAL","G03/G04"
"V1-CONTAS_A_PAGAR-012","V1_OPERATIONAL_COLUMN","contas_a_pagar","N/A","UNRESOLVED_SOURCE_PATH","INT","NOT_PRESENT_OR_UNRESOLVED","crosswalk.contas_a_pagar.pending_relation_ano_competencia","","RASTREADO_POR_EXPRESSAO_SQL_LOCAL","G03/G04"
"V1-CONTAS_A_PAGAR-013","V1_OPERATIONAL_COLUMN","contas_a_pagar","N/A","UNRESOLVED_SOURCE_PATH","DATETIMEOFFSET","NOT_PRESENT_OR_UNRESOLVED","crosswalk.contas_a_pagar.pending_relation_data_criacao","","RASTREADO_POR_EXPRESSAO_SQL_LOCAL","G03/G04"
"V1-CONTAS_A_PAGAR-014","V1_OPERATIONAL_COLUMN","contas_a_pagar","N/A","UNRESOLVED_SOURCE_PATH","DATE","NOT_PRESENT_OR_UNRESOLVED","crosswalk.contas_a_pagar.pending_relation_data_liquidacao","","RASTREADO_POR_EXPRESSAO_SQL_LOCAL","G03/G04"
"V1-CONTAS_A_PAGAR-015","V1_OPERATIONAL_COLUMN","contas_a_pagar","N/A","UNRESOLVED_SOURCE_PATH","DATE","NOT_PRESENT_OR_UNRESOLVED","crosswalk.contas_a_pagar.pending_relation_data_transacao","","RASTREADO_POR_EXPRESSAO_SQL_LOCAL","G03/G04"
"V1-CONTAS_A_PAGAR-016","V1_OPERATIONAL_COLUMN","contas_a_pagar","N/A","UNRESOLVED_SOURCE_PATH","NVARCHAR(255)","NOT_PRESENT_OR_UNRESOLVED","crosswalk.contas_a_pagar.pending_relation_nome_fornecedor","","RASTREADO_POR_EXPRESSAO_SQL_LOCAL","G03/G04"
"V1-CONTAS_A_PAGAR-017","V1_OPERATIONAL_COLUMN","contas_a_pagar","N/A","UNRESOLVED_SOURCE_PATH","NVARCHAR(255)","NOT_PRESENT_OR_UNRESOLVED","crosswalk.contas_a_pagar.pending_relation_nome_filial","","RASTREADO_POR_EXPRESSAO_SQL_LOCAL","G03/G04"
"V1-CONTAS_A_PAGAR-018","V1_OPERATIONAL_COLUMN","contas_a_pagar","N/A","UNRESOLVED_SOURCE_PATH","NVARCHAR(255)","NOT_PRESENT_OR_UNRESOLVED","crosswalk.contas_a_pagar.pending_relation_nome_centro_custo","","RASTREADO_POR_EXPRESSAO_SQL_LOCAL","G03/G04"
"V1-CONTAS_A_PAGAR-019","V1_OPERATIONAL_COLUMN","contas_a_pagar","N/A","UNRESOLVED_SOURCE_PATH","DECIMAL(18,2)","NOT_PRESENT_OR_UNRESOLVED","crosswalk.contas_a_pagar.pending_relation_valor_centro_custo","","RASTREADO_POR_EXPRESSAO_SQL_LOCAL","G03/G04"
"V1-CONTAS_A_PAGAR-020","V1_OPERATIONAL_COLUMN","contas_a_pagar","N/A","UNRESOLVED_SOURCE_PATH","NVARCHAR(100)","NOT_PRESENT_OR_UNRESOLVED","crosswalk.contas_a_pagar.pending_relation_classificacao_contabil","","RASTREADO_POR_EXPRESSAO_SQL_LOCAL","G03/G04"
"V1-CONTAS_A_PAGAR-021","V1_OPERATIONAL_COLUMN","contas_a_pagar","N/A","UNRESOLVED_SOURCE_PATH","NVARCHAR(255)","NOT_PRESENT_OR_UNRESOLVED","crosswalk.contas_a_pagar.pending_relation_descricao_contabil","","RASTREADO_POR_EXPRESSAO_SQL_LOCAL","G03/G04"
"V1-CONTAS_A_PAGAR-022","V1_OPERATIONAL_COLUMN","contas_a_pagar","N/A","UNRESOLVED_SOURCE_PATH","DECIMAL(18,2)","NOT_PRESENT_OR_UNRESOLVED","crosswalk.contas_a_pagar.pending_relation_valor_contabil","","RASTREADO_POR_EXPRESSAO_SQL_LOCAL","G03/G04"
"V1-CONTAS_A_PAGAR-023","V1_OPERATIONAL_COLUMN","contas_a_pagar","N/A","UNRESOLVED_SOURCE_PATH","NVARCHAR(255)","NOT_PRESENT_OR_UNRESOLVED","crosswalk.contas_a_pagar.pending_relation_area_lancamento","","RASTREADO_POR_EXPRESSAO_SQL_LOCAL","G03/G04"
"V1-CONTAS_A_PAGAR-024","V1_OPERATIONAL_COLUMN","contas_a_pagar","N/A","UNRESOLVED_SOURCE_PATH","NVARCHAR(MAX)","NOT_PRESENT_OR_UNRESOLVED","crosswalk.contas_a_pagar.pending_relation_observacoes","","RASTREADO_POR_EXPRESSAO_SQL_LOCAL","G03/G04"
"V1-CONTAS_A_PAGAR-025","V1_OPERATIONAL_COLUMN","contas_a_pagar","N/A","UNRESOLVED_SOURCE_PATH","NVARCHAR(MAX)","NOT_PRESENT_OR_UNRESOLVED","crosswalk.contas_a_pagar.pending_relation_descricao_despesa","","RASTREADO_POR_EXPRESSAO_SQL_LOCAL","G03/G04"
"V1-CONTAS_A_PAGAR-026","V1_OPERATIONAL_COLUMN","contas_a_pagar","N/A","UNRESOLVED_SOURCE_PATH","NVARCHAR(255)","NOT_PRESENT_OR_UNRESOLVED","crosswalk.contas_a_pagar.pending_relation_nome_usuario","","RASTREADO_POR_EXPRESSAO_SQL_LOCAL","G03/G04"
"V1-CONTAS_A_PAGAR-027","V1_OPERATIONAL_COLUMN","contas_a_pagar","N/A","UNRESOLVED_SOURCE_PATH","BIT","NOT_PRESENT_OR_UNRESOLVED","crosswalk.contas_a_pagar.pending_relation_reconciliado","","RASTREADO_POR_EXPRESSAO_SQL_LOCAL","G03/G04"
"V1-CONTAS_A_PAGAR-028","V1_OPERATIONAL_COLUMN","contas_a_pagar","N/A","MULTIPLE_UNTYPED_FIELDS","NVARCHAR(MAX)","NOT_PRESENT_OR_UNRESOLVED","recon.field_presence_and_provenance","","RETIRADA_PRESERVADA","G03/G04"
"V1-CONTAS_A_PAGAR-029","V1_OPERATIONAL_COLUMN","contas_a_pagar","N/A","DERIVED_BY_PIPELINE","DATETIME2","NOT_PRESENT_OR_UNRESOLVED","ctl/recon derived audit state","","RASTREADO_POR_EXPRESSAO_SQL_LOCAL","G03/G04"
"V1-CONTAS_A_PAGAR-030","V1_OPERATIONAL_COLUMN","contas_a_pagar","N/A","DERIVED_BY_PIPELINE","BIT","NOT_PRESENT_OR_UNRESOLVED","ctl/recon derived audit state","","VINCULO_INDIVIDUAL_CONDICIONADO","G03/G04"
"V1-CONTAS_A_PAGAR-031","V1_OPERATIONAL_COLUMN","contas_a_pagar","N/A","DERIVED_BY_PIPELINE","DATETIME2(0)","NOT_PRESENT_OR_UNRESOLVED","ctl/recon derived audit state","","VINCULO_INDIVIDUAL_CONDICIONADO","G03/G04"
"V1-COTACOES-001","V1_OPERATIONAL_COLUMN","cotacoes","N/A","/data/sequence_code","BIGINT","NOT_PRESENT_OR_UNRESOLVED","core.cotacoes.sequence_code","","MAPEAMENTO_LOCAL_DECLARADO","G03/G04"
"V1-COTACOES-002","V1_OPERATIONAL_COLUMN","cotacoes","N/A","/data/requested_at","DATETIMEOFFSET","NOT_PRESENT_OR_UNRESOLVED","core.cotacoes.requested_at","","MAPEAMENTO_LOCAL_DECLARADO","G03/G04"
"V1-COTACOES-003","V1_OPERATIONAL_COLUMN","cotacoes","N/A","UNRESOLVED_SOURCE_PATH","NVARCHAR(100)","NOT_PRESENT_OR_UNRESOLVED","core.cotacoes.pending_operation_type","","RASTREADO_POR_EXPRESSAO_SQL_LOCAL","G03/G04"
"V1-COTACOES-004","V1_OPERATIONAL_COLUMN","cotacoes","N/A","UNRESOLVED_SOURCE_PATH","NVARCHAR(14)","NOT_PRESENT_OR_UNRESOLVED","core.cotacoes.pending_customer_doc","","RASTREADO_POR_EXPRESSAO_SQL_LOCAL","G03/G04"
"V1-COTACOES-005","V1_OPERATIONAL_COLUMN","cotacoes","N/A","UNRESOLVED_SOURCE_PATH","NVARCHAR(255)","NOT_PRESENT_OR_UNRESOLVED","core.cotacoes.pending_customer_name","","RASTREADO_POR_EXPRESSAO_SQL_LOCAL","G03/G04"
"V1-COTACOES-006","V1_OPERATIONAL_COLUMN","cotacoes","N/A","UNRESOLVED_SOURCE_PATH","NVARCHAR(100)","NOT_PRESENT_OR_UNRESOLVED","core.cotacoes.pending_origin_city","","RASTREADO_POR_EXPRESSAO_SQL_LOCAL","G03/G04"
"V1-COTACOES-007","V1_OPERATIONAL_COLUMN","cotacoes","N/A","UNRESOLVED_SOURCE_PATH","NVARCHAR(2)","NOT_PRESENT_OR_UNRESOLVED","core.cotacoes.pending_origin_state","","RASTREADO_POR_EXPRESSAO_SQL_LOCAL","G03/G04"
"V1-COTACOES-008","V1_OPERATIONAL_COLUMN","cotacoes","N/A","UNRESOLVED_SOURCE_PATH","NVARCHAR(100)","NOT_PRESENT_OR_UNRESOLVED","core.cotacoes.pending_destination_city","","RASTREADO_POR_EXPRESSAO_SQL_LOCAL","G03/G04"
"V1-COTACOES-009","V1_OPERATIONAL_COLUMN","cotacoes","N/A","UNRESOLVED_SOURCE_PATH","NVARCHAR(2)","NOT_PRESENT_OR_UNRESOLVED","core.cotacoes.pending_destination_state","","RASTREADO_POR_EXPRESSAO_SQL_LOCAL","G03/G04"
"V1-COTACOES-010","V1_OPERATIONAL_COLUMN","cotacoes","N/A","UNRESOLVED_SOURCE_PATH","NVARCHAR(255)","NOT_PRESENT_OR_UNRESOLVED","core.cotacoes.pending_price_table","","RASTREADO_POR_EXPRESSAO_SQL_LOCAL","G03/G04"
"V1-COTACOES-011","V1_OPERATIONAL_COLUMN","cotacoes","N/A","UNRESOLVED_SOURCE_PATH","INT","NOT_PRESENT_OR_UNRESOLVED","core.cotacoes.pending_volumes","","MAPEAMENTO_LOCAL_DECLARADO","G03/G04"
"V1-COTACOES-012","V1_OPERATIONAL_COLUMN","cotacoes","N/A","UNRESOLVED_SOURCE_PATH","DECIMAL(18,3)","NOT_PRESENT_OR_UNRESOLVED","core.cotacoes.pending_taxed_weight","","RASTREADO_POR_EXPRESSAO_SQL_LOCAL","G03/G04"
"V1-COTACOES-013","V1_OPERATIONAL_COLUMN","cotacoes","N/A","UNRESOLVED_SOURCE_PATH","DECIMAL(18,2)","NOT_PRESENT_OR_UNRESOLVED","core.cotacoes.pending_invoices_value","","RASTREADO_POR_EXPRESSAO_SQL_LOCAL","G03/G04"
"V1-COTACOES-014","V1_OPERATIONAL_COLUMN","cotacoes","N/A","UNRESOLVED_SOURCE_PATH","DECIMAL(18,2)","NOT_PRESENT_OR_UNRESOLVED","core.cotacoes.pending_total_value","","RASTREADO_POR_EXPRESSAO_SQL_LOCAL","G03/G04"
"V1-COTACOES-015","V1_OPERATIONAL_COLUMN","cotacoes","N/A","UNRESOLVED_SOURCE_PATH","NVARCHAR(255)","NOT_PRESENT_OR_UNRESOLVED","core.cotacoes.pending_user_name","","RASTREADO_POR_EXPRESSAO_SQL_LOCAL","G03/G04"
"V1-COTACOES-016","V1_OPERATIONAL_COLUMN","cotacoes","N/A","UNRESOLVED_SOURCE_PATH","AS","NOT_PRESENT_OR_UNRESOLVED","core.cotacoes.pending_user_name_key","","RASTREADO_POR_EXPRESSAO_SQL_LOCAL","G03/G04"
"V1-COTACOES-017","V1_OPERATIONAL_COLUMN","cotacoes","N/A","UNRESOLVED_SOURCE_PATH","NVARCHAR(255)","NOT_PRESENT_OR_UNRESOLVED","core.cotacoes.pending_branch_nickname","","RASTREADO_POR_EXPRESSAO_SQL_LOCAL","G03/G04"
"V1-COTACOES-018","V1_OPERATIONAL_COLUMN","cotacoes","N/A","UNRESOLVED_SOURCE_PATH","NVARCHAR(255)","NOT_PRESENT_OR_UNRESOLVED","core.cotacoes.pending_company_name","","RASTREADO_POR_EXPRESSAO_SQL_LOCAL","G03/G04"
"V1-COTACOES-019","V1_OPERATIONAL_COLUMN","cotacoes","N/A","/data/requester_name","NVARCHAR(255)","NOT_PRESENT_OR_UNRESOLVED","core.cotacoes.requester_name","","MAPEAMENTO_LOCAL_DECLARADO","G03/G04"
"V1-COTACOES-020","V1_OPERATIONAL_COLUMN","cotacoes","N/A","UNRESOLVED_SOURCE_PATH","NVARCHAR(50)","NOT_PRESENT_OR_UNRESOLVED","core.cotacoes.pending_real_weight","","RASTREADO_POR_EXPRESSAO_SQL_LOCAL","G03/G04"
"V1-COTACOES-021","V1_OPERATIONAL_COLUMN","cotacoes","N/A","UNRESOLVED_SOURCE_PATH","NVARCHAR(10)","NOT_PRESENT_OR_UNRESOLVED","core.cotacoes.pending_origin_postal_code","","RASTREADO_POR_EXPRESSAO_SQL_LOCAL","G03/G04"
"V1-COTACOES-022","V1_OPERATIONAL_COLUMN","cotacoes","N/A","UNRESOLVED_SOURCE_PATH","NVARCHAR(10)","NOT_PRESENT_OR_UNRESOLVED","core.cotacoes.pending_destination_postal_code","","RASTREADO_POR_EXPRESSAO_SQL_LOCAL","G03/G04"
"V1-COTACOES-023","V1_OPERATIONAL_COLUMN","cotacoes","N/A","UNRESOLVED_SOURCE_PATH","NVARCHAR(255)","NOT_PRESENT_OR_UNRESOLVED","core.cotacoes.pending_customer_nickname","","RASTREADO_POR_EXPRESSAO_SQL_LOCAL","G03/G04"
"V1-COTACOES-024","V1_OPERATIONAL_COLUMN","cotacoes","N/A","UNRESOLVED_SOURCE_PATH","NVARCHAR(14)","NOT_PRESENT_OR_UNRESOLVED","core.cotacoes.pending_sender_document","","RASTREADO_POR_EXPRESSAO_SQL_LOCAL","G03/G04"
"V1-COTACOES-025","V1_OPERATIONAL_COLUMN","cotacoes","N/A","UNRESOLVED_SOURCE_PATH","NVARCHAR(255)","NOT_PRESENT_OR_UNRESOLVED","core.cotacoes.pending_sender_nickname","","RASTREADO_POR_EXPRESSAO_SQL_LOCAL","G03/G04"
"V1-COTACOES-026","V1_OPERATIONAL_COLUMN","cotacoes","N/A","UNRESOLVED_SOURCE_PATH","NVARCHAR(14)","NOT_PRESENT_OR_UNRESOLVED","core.cotacoes.pending_receiver_document","","RASTREADO_POR_EXPRESSAO_SQL_LOCAL","G03/G04"
"V1-COTACOES-027","V1_OPERATIONAL_COLUMN","cotacoes","N/A","UNRESOLVED_SOURCE_PATH","NVARCHAR(255)","NOT_PRESENT_OR_UNRESOLVED","core.cotacoes.pending_receiver_nickname","","RASTREADO_POR_EXPRESSAO_SQL_LOCAL","G03/G04"
"V1-COTACOES-028","V1_OPERATIONAL_COLUMN","cotacoes","N/A","UNRESOLVED_SOURCE_PATH","NVARCHAR(MAX)","NOT_PRESENT_OR_UNRESOLVED","core.cotacoes.pending_disapprove_comments","","RASTREADO_POR_EXPRESSAO_SQL_LOCAL","G03/G04"
"V1-COTACOES-029","V1_OPERATIONAL_COLUMN","cotacoes","N/A","UNRESOLVED_SOURCE_PATH","NVARCHAR(MAX)","NOT_PRESENT_OR_UNRESOLVED","core.cotacoes.pending_freight_comments","","RASTREADO_POR_EXPRESSAO_SQL_LOCAL","G03/G04"
"V1-COTACOES-030","V1_OPERATIONAL_COLUMN","cotacoes","N/A","UNRESOLVED_SOURCE_PATH","DECIMAL(18,6)","NOT_PRESENT_OR_UNRESOLVED","core.cotacoes.pending_discount_subtotal","","RASTREADO_POR_EXPRESSAO_SQL_LOCAL","G03/G04"
"V1-COTACOES-031","V1_OPERATIONAL_COLUMN","cotacoes","N/A","UNRESOLVED_SOURCE_PATH","DECIMAL(18,6)","NOT_PRESENT_OR_UNRESOLVED","core.cotacoes.pending_itr_subtotal","","RASTREADO_POR_EXPRESSAO_SQL_LOCAL","G03/G04"
"V1-COTACOES-032","V1_OPERATIONAL_COLUMN","cotacoes","N/A","UNRESOLVED_SOURCE_PATH","DECIMAL(18,6)","NOT_PRESENT_OR_UNRESOLVED","core.cotacoes.pending_tde_subtotal","","RASTREADO_POR_EXPRESSAO_SQL_LOCAL","G03/G04"
"V1-COTACOES-033","V1_OPERATIONAL_COLUMN","cotacoes","N/A","UNRESOLVED_SOURCE_PATH","DECIMAL(18,6)","NOT_PRESENT_OR_UNRESOLVED","core.cotacoes.pending_collect_subtotal","","RASTREADO_POR_EXPRESSAO_SQL_LOCAL","G03/G04"
"V1-COTACOES-034","V1_OPERATIONAL_COLUMN","cotacoes","N/A","UNRESOLVED_SOURCE_PATH","DECIMAL(18,6)","NOT_PRESENT_OR_UNRESOLVED","core.cotacoes.pending_delivery_subtotal","","RASTREADO_POR_EXPRESSAO_SQL_LOCAL","G03/G04"
"V1-COTACOES-035","V1_OPERATIONAL_COLUMN","cotacoes","N/A","UNRESOLVED_SOURCE_PATH","DECIMAL(18,6)","NOT_PRESENT_OR_UNRESOLVED","core.cotacoes.pending_other_fees","","RASTREADO_POR_EXPRESSAO_SQL_LOCAL","G03/G04"
"V1-COTACOES-036","V1_OPERATIONAL_COLUMN","cotacoes","N/A","UNRESOLVED_SOURCE_PATH","DATETIMEOFFSET","NOT_PRESENT_OR_UNRESOLVED","core.cotacoes.pending_cte_issued_at","","RASTREADO_POR_EXPRESSAO_SQL_LOCAL","G03/G04"
"V1-COTACOES-037","V1_OPERATIONAL_COLUMN","cotacoes","N/A","UNRESOLVED_SOURCE_PATH","DATETIMEOFFSET","NOT_PRESENT_OR_UNRESOLVED","core.cotacoes.pending_nfse_issued_at","","RASTREADO_POR_EXPRESSAO_SQL_LOCAL","G03/G04"
"V1-COTACOES-038","V1_OPERATIONAL_COLUMN","cotacoes","N/A","MULTIPLE_UNTYPED_FIELDS","NVARCHAR(MAX)","NOT_PRESENT_OR_UNRESOLVED","recon.field_presence_and_provenance","","RETIRADA_PRESERVADA","G03/G04"
"V1-COTACOES-039","V1_OPERATIONAL_COLUMN","cotacoes","N/A","DERIVED_BY_PIPELINE","DATETIME2","NOT_PRESENT_OR_UNRESOLVED","ctl/recon derived audit state","","RASTREADO_POR_EXPRESSAO_SQL_LOCAL","G03/G04"
"V1-COTACOES-040","V1_OPERATIONAL_COLUMN","cotacoes","N/A","DERIVED_BY_PIPELINE","BIT","NOT_PRESENT_OR_UNRESOLVED","ctl/recon derived audit state","","VINCULO_INDIVIDUAL_CONDICIONADO","G03/G04"
"V1-COTACOES-041","V1_OPERATIONAL_COLUMN","cotacoes","N/A","DERIVED_BY_PIPELINE","DATETIME2(0)","NOT_PRESENT_OR_UNRESOLVED","ctl/recon derived audit state","","VINCULO_INDIVIDUAL_CONDICIONADO","G03/G04"
"V1-FATURAS_POR_CLIENTE-001","V1_OPERATIONAL_COLUMN","faturas_por_cliente","N/A","UNRESOLVED_SOURCE_PATH","NVARCHAR(100)","NOT_PRESENT_OR_UNRESOLVED","crosswalk.faturas_por_cliente.alias_unique_id","","RASTREADO_POR_EXPRESSAO_SQL_LOCAL","G03/G04"
"V1-FATURAS_POR_CLIENTE-002","V1_OPERATIONAL_COLUMN","faturas_por_cliente","N/A","UNRESOLVED_SOURCE_PATH","DECIMAL(18,2)","NOT_PRESENT_OR_UNRESOLVED","core.faturas_por_cliente.pending_valor_frete","","RASTREADO_POR_EXPRESSAO_SQL_LOCAL","G03/G04"
"V1-FATURAS_POR_CLIENTE-003","V1_OPERATIONAL_COLUMN","faturas_por_cliente","N/A","UNRESOLVED_SOURCE_PATH","DECIMAL(18,2)","NOT_PRESENT_OR_UNRESOLVED","core.faturas_por_cliente.pending_valor_fatura","","RASTREADO_POR_EXPRESSAO_SQL_LOCAL","G03/G04"
"V1-FATURAS_POR_CLIENTE-004","V1_OPERATIONAL_COLUMN","faturas_por_cliente","N/A","/data/third_party_ctes_value","DECIMAL(18,2)","NOT_PRESENT_OR_UNRESOLVED","crosswalk.faturas_por_cliente.pending_relation_third_party_ctes_value","","MAPEAMENTO_LOCAL_DECLARADO","G03/G04"
"V1-FATURAS_POR_CLIENTE-005","V1_OPERATIONAL_COLUMN","faturas_por_cliente","N/A","UNRESOLVED_SOURCE_PATH","BIGINT","NOT_PRESENT_OR_UNRESOLVED","crosswalk.faturas_por_cliente.pending_relation_numero_cte","","RASTREADO_POR_EXPRESSAO_SQL_LOCAL","G03/G04"
"V1-FATURAS_POR_CLIENTE-006","V1_OPERATIONAL_COLUMN","faturas_por_cliente","N/A","UNRESOLVED_SOURCE_PATH","NVARCHAR(100)","NOT_PRESENT_OR_UNRESOLVED","crosswalk.faturas_por_cliente.pending_relation_chave_cte","","RASTREADO_POR_EXPRESSAO_SQL_LOCAL","G03/G04"
"V1-FATURAS_POR_CLIENTE-007","V1_OPERATIONAL_COLUMN","faturas_por_cliente","N/A","UNRESOLVED_SOURCE_PATH","BIGINT","NOT_PRESENT_OR_UNRESOLVED","crosswalk.faturas_por_cliente.pending_relation_numero_nfse","","RASTREADO_POR_EXPRESSAO_SQL_LOCAL","G03/G04"
"V1-FATURAS_POR_CLIENTE-008","V1_OPERATIONAL_COLUMN","faturas_por_cliente","N/A","UNRESOLVED_SOURCE_PATH","NVARCHAR(50)","NOT_PRESENT_OR_UNRESOLVED","crosswalk.faturas_por_cliente.pending_relation_serie_nfse","","RASTREADO_POR_EXPRESSAO_SQL_LOCAL","G03/G04"
"V1-FATURAS_POR_CLIENTE-009","V1_OPERATIONAL_COLUMN","faturas_por_cliente","N/A","UNRESOLVED_SOURCE_PATH","NVARCHAR(255)","NOT_PRESENT_OR_UNRESOLVED","crosswalk.faturas_por_cliente.pending_relation_status_cte","","RASTREADO_POR_EXPRESSAO_SQL_LOCAL","G03/G04"
"V1-FATURAS_POR_CLIENTE-010","V1_OPERATIONAL_COLUMN","faturas_por_cliente","N/A","UNRESOLVED_SOURCE_PATH","NVARCHAR(MAX)","NOT_PRESENT_OR_UNRESOLVED","crosswalk.faturas_por_cliente.pending_relation_status_cte_result","","RASTREADO_POR_EXPRESSAO_SQL_LOCAL","G03/G04"
"V1-FATURAS_POR_CLIENTE-011","V1_OPERATIONAL_COLUMN","faturas_por_cliente","N/A","UNRESOLVED_SOURCE_PATH","DATETIMEOFFSET","NOT_PRESENT_OR_UNRESOLVED","crosswalk.faturas_por_cliente.pending_relation_data_emissao_cte","","RASTREADO_POR_EXPRESSAO_SQL_LOCAL","G03/G04"
"V1-FATURAS_POR_CLIENTE-012","V1_OPERATIONAL_COLUMN","faturas_por_cliente","N/A","UNRESOLVED_SOURCE_PATH","NVARCHAR(50)","NOT_PRESENT_OR_UNRESOLVED","core.faturas_por_cliente.pending_numero_fatura","","RASTREADO_POR_EXPRESSAO_SQL_LOCAL","G03/G04"
"V1-FATURAS_POR_CLIENTE-013","V1_OPERATIONAL_COLUMN","faturas_por_cliente","N/A","UNRESOLVED_SOURCE_PATH","DATE","NOT_PRESENT_OR_UNRESOLVED","core.faturas_por_cliente.pending_data_emissao_fatura","","RASTREADO_POR_EXPRESSAO_SQL_LOCAL","G03/G04"
"V1-FATURAS_POR_CLIENTE-014","V1_OPERATIONAL_COLUMN","faturas_por_cliente","N/A","UNRESOLVED_SOURCE_PATH","DATE","NOT_PRESENT_OR_UNRESOLVED","core.faturas_por_cliente.pending_data_vencimento_fatura","","RASTREADO_POR_EXPRESSAO_SQL_LOCAL","G03/G04"
"V1-FATURAS_POR_CLIENTE-015","V1_OPERATIONAL_COLUMN","faturas_por_cliente","N/A","UNRESOLVED_SOURCE_PATH","DATE","NOT_PRESENT_OR_UNRESOLVED","core.faturas_por_cliente.pending_data_baixa_fatura","","RASTREADO_POR_EXPRESSAO_SQL_LOCAL","G03/G04"
"V1-FATURAS_POR_CLIENTE-016","V1_OPERATIONAL_COLUMN","faturas_por_cliente","N/A","/data/fit_ant_ils_original_due_date","DATE","NOT_PRESENT_OR_UNRESOLVED","core.faturas_por_cliente.fit_ant_ils_original_due_date","","MAPEAMENTO_LOCAL_DECLARADO","G03/G04"
"V1-FATURAS_POR_CLIENTE-017","V1_OPERATIONAL_COLUMN","faturas_por_cliente","N/A","/data/fit_ant_document","NVARCHAR(50)","NOT_PRESENT_OR_UNRESOLVED","core.faturas_por_cliente.fit_ant_document","","MAPEAMENTO_LOCAL_DECLARADO","G03/G04"
"V1-FATURAS_POR_CLIENTE-018","V1_OPERATIONAL_COLUMN","faturas_por_cliente","N/A","/data/fit_ant_issue_date","DATE","NOT_PRESENT_OR_UNRESOLVED","core.faturas_por_cliente.fit_ant_issue_date","","MAPEAMENTO_LOCAL_DECLARADO","G03/G04"
"V1-FATURAS_POR_CLIENTE-019","V1_OPERATIONAL_COLUMN","faturas_por_cliente","N/A","/data/fit_ant_value","DECIMAL(18,2)","NOT_PRESENT_OR_UNRESOLVED","core.faturas_por_cliente.fit_ant_value","","MAPEAMENTO_LOCAL_DECLARADO","G03/G04"
"V1-FATURAS_POR_CLIENTE-020","V1_OPERATIONAL_COLUMN","faturas_por_cliente","N/A","UNRESOLVED_SOURCE_PATH","NVARCHAR(255)","NOT_PRESENT_OR_UNRESOLVED","core.faturas_por_cliente.pending_filial","","RASTREADO_POR_EXPRESSAO_SQL_LOCAL","G03/G04"
"V1-FATURAS_POR_CLIENTE-021","V1_OPERATIONAL_COLUMN","faturas_por_cliente","N/A","UNRESOLVED_SOURCE_PATH","NVARCHAR(100)","NOT_PRESENT_OR_UNRESOLVED","core.faturas_por_cliente.pending_tipo_frete","","RASTREADO_POR_EXPRESSAO_SQL_LOCAL","G03/G04"
"V1-FATURAS_POR_CLIENTE-022","V1_OPERATIONAL_COLUMN","faturas_por_cliente","N/A","/data/status","NVARCHAR(50)","NOT_PRESENT_OR_UNRESOLVED","core.faturas_por_cliente.status","","MAPEAMENTO_LOCAL_DECLARADO","G03/G04"
"V1-FATURAS_POR_CLIENTE-023","V1_OPERATIONAL_COLUMN","faturas_por_cliente","N/A","UNRESOLVED_SOURCE_PATH","NVARCHAR(100)","NOT_PRESENT_OR_UNRESOLVED","core.faturas_por_cliente.pending_classificacao","","RASTREADO_POR_EXPRESSAO_SQL_LOCAL","G03/G04"
"V1-FATURAS_POR_CLIENTE-024","V1_OPERATIONAL_COLUMN","faturas_por_cliente","N/A","UNRESOLVED_SOURCE_PATH","NVARCHAR(50)","NOT_PRESENT_OR_UNRESOLVED","core.faturas_por_cliente.pending_estado","","RASTREADO_POR_EXPRESSAO_SQL_LOCAL","G03/G04"
"V1-FATURAS_POR_CLIENTE-025","V1_OPERATIONAL_COLUMN","faturas_por_cliente","N/A","UNRESOLVED_SOURCE_PATH","NVARCHAR(255)","NOT_PRESENT_OR_UNRESOLVED","core.faturas_por_cliente.pending_pagador_nome","","RASTREADO_POR_EXPRESSAO_SQL_LOCAL","G03/G04"
"V1-FATURAS_POR_CLIENTE-026","V1_OPERATIONAL_COLUMN","faturas_por_cliente","N/A","UNRESOLVED_SOURCE_PATH","NVARCHAR(50)","NOT_PRESENT_OR_UNRESOLVED","core.faturas_por_cliente.pending_pagador_documento","","RASTREADO_POR_EXPRESSAO_SQL_LOCAL","G03/G04"
"V1-FATURAS_POR_CLIENTE-027","V1_OPERATIONAL_COLUMN","faturas_por_cliente","N/A","UNRESOLVED_SOURCE_PATH","NVARCHAR(14)","NOT_PRESENT_OR_UNRESOLVED","core.faturas_por_cliente.pending_cliente_cnpj","","RASTREADO_POR_EXPRESSAO_SQL_LOCAL","G03/G04"
"V1-FATURAS_POR_CLIENTE-028","V1_OPERATIONAL_COLUMN","faturas_por_cliente","N/A","UNRESOLVED_SOURCE_PATH","NVARCHAR(255)","NOT_PRESENT_OR_UNRESOLVED","core.faturas_por_cliente.pending_remetente_nome","","RASTREADO_POR_EXPRESSAO_SQL_LOCAL","G03/G04"
"V1-FATURAS_POR_CLIENTE-029","V1_OPERATIONAL_COLUMN","faturas_por_cliente","N/A","UNRESOLVED_SOURCE_PATH","NVARCHAR(50)","NOT_PRESENT_OR_UNRESOLVED","core.faturas_por_cliente.pending_remetente_documento","","RASTREADO_POR_EXPRESSAO_SQL_LOCAL","G03/G04"
"V1-FATURAS_POR_CLIENTE-030","V1_OPERATIONAL_COLUMN","faturas_por_cliente","N/A","UNRESOLVED_SOURCE_PATH","NVARCHAR(255)","NOT_PRESENT_OR_UNRESOLVED","core.faturas_por_cliente.pending_destinatario_nome","","RASTREADO_POR_EXPRESSAO_SQL_LOCAL","G03/G04"
"V1-FATURAS_POR_CLIENTE-031","V1_OPERATIONAL_COLUMN","faturas_por_cliente","N/A","UNRESOLVED_SOURCE_PATH","NVARCHAR(50)","NOT_PRESENT_OR_UNRESOLVED","core.faturas_por_cliente.pending_destinatario_documento","","RASTREADO_POR_EXPRESSAO_SQL_LOCAL","G03/G04"
"V1-FATURAS_POR_CLIENTE-032","V1_OPERATIONAL_COLUMN","faturas_por_cliente","N/A","UNRESOLVED_SOURCE_PATH","NVARCHAR(255)","NOT_PRESENT_OR_UNRESOLVED","core.faturas_por_cliente.pending_vendedor_nome","","RASTREADO_POR_EXPRESSAO_SQL_LOCAL","G03/G04"
"V1-FATURAS_POR_CLIENTE-033","V1_OPERATIONAL_COLUMN","faturas_por_cliente","N/A","UNRESOLVED_SOURCE_PATH","NVARCHAR(MAX)","NOT_PRESENT_OR_UNRESOLVED","core.faturas_por_cliente.pending_notas_fiscais","","RASTREADO_POR_EXPRESSAO_SQL_LOCAL","G03/G04"
"V1-FATURAS_POR_CLIENTE-034","V1_OPERATIONAL_COLUMN","faturas_por_cliente","N/A","UNRESOLVED_SOURCE_PATH","NVARCHAR(MAX)","NOT_PRESENT_OR_UNRESOLVED","core.faturas_por_cliente.pending_pedidos_cliente","","RASTREADO_POR_EXPRESSAO_SQL_LOCAL","G03/G04"
"V1-FATURAS_POR_CLIENTE-035","V1_OPERATIONAL_COLUMN","faturas_por_cliente","N/A","MULTIPLE_UNTYPED_FIELDS","NVARCHAR(MAX)","NOT_PRESENT_OR_UNRESOLVED","recon.field_presence_and_provenance","","RETIRADA_PRESERVADA","G03/G04"
"V1-FATURAS_POR_CLIENTE-036","V1_OPERATIONAL_COLUMN","faturas_por_cliente","N/A","DERIVED_BY_PIPELINE","DATETIME2","NOT_PRESENT_OR_UNRESOLVED","ctl/recon derived audit state","","RASTREADO_POR_EXPRESSAO_SQL_LOCAL","G03/G04"
"V1-FATURAS_POR_CLIENTE-037","V1_OPERATIONAL_COLUMN","faturas_por_cliente","N/A","DERIVED_BY_PIPELINE","BIT","NOT_PRESENT_OR_UNRESOLVED","ctl/recon derived audit state","","VINCULO_INDIVIDUAL_CONDICIONADO","G03/G04"
"V1-FATURAS_POR_CLIENTE-038","V1_OPERATIONAL_COLUMN","faturas_por_cliente","N/A","DERIVED_BY_PIPELINE","DATETIME2(0)","NOT_PRESENT_OR_UNRESOLVED","ctl/recon derived audit state","","VINCULO_INDIVIDUAL_CONDICIONADO","G03/G04"
"V1-FRETES-001","V1_OPERATIONAL_COLUMN","fretes","N/A","/data/id","BIGINT","NOT_PRESENT_OR_UNRESOLVED","core.fretes.id","","MAPEAMENTO_LOCAL_DECLARADO","G03/G04"
"V1-FRETES-002","V1_OPERATIONAL_COLUMN","fretes","N/A","UNRESOLVED_SOURCE_PATH","DATETIMEOFFSET","NOT_PRESENT_OR_UNRESOLVED","core.fretes.pending_servico_em","","MAPEAMENTO_LOCAL_DECLARADO","G03/G04"
"V1-FRETES-003","V1_OPERATIONAL_COLUMN","fretes","N/A","DERIVED_BY_PIPELINE","DATETIMEOFFSET","NOT_PRESENT_OR_UNRESOLVED","ctl/recon derived audit state","","MAPEAMENTO_LOCAL_DECLARADO","G03/G04"
"V1-FRETES-004","V1_OPERATIONAL_COLUMN","fretes","N/A","UNRESOLVED_SOURCE_PATH","NVARCHAR(50)","NOT_PRESENT_OR_UNRESOLVED","core.fretes.pending_status","","MAPEAMENTO_LOCAL_DECLARADO","G03/G04"
"V1-FRETES-005","V1_OPERATIONAL_COLUMN","fretes","N/A","UNRESOLVED_SOURCE_PATH","BIT","NOT_PRESENT_OR_UNRESOLVED","core.fretes.pending_cortesia","","MAPEAMENTO_LOCAL_DECLARADO","G03/G04"
"V1-FRETES-006","V1_OPERATIONAL_COLUMN","fretes","N/A","UNRESOLVED_SOURCE_PATH","NVARCHAR(50)","NOT_PRESENT_OR_UNRESOLVED","core.fretes.pending_modal","","MAPEAMENTO_LOCAL_DECLARADO","G03/G04"
"V1-FRETES-007","V1_OPERATIONAL_COLUMN","fretes","N/A","UNRESOLVED_SOURCE_PATH","NVARCHAR(100)","NOT_PRESENT_OR_UNRESOLVED","core.fretes.pending_tipo_frete","","MAPEAMENTO_LOCAL_DECLARADO","G03/G04"
"V1-FRETES-008","V1_OPERATIONAL_COLUMN","fretes","N/A","UNRESOLVED_SOURCE_PATH","BIGINT","NOT_PRESENT_OR_UNRESOLVED","core.fretes.pending_accounting_credit_id","","MAPEAMENTO_LOCAL_DECLARADO","G03/G04"
"V1-FRETES-009","V1_OPERATIONAL_COLUMN","fretes","N/A","UNRESOLVED_SOURCE_PATH","BIGINT","NOT_PRESENT_OR_UNRESOLVED","core.fretes.pending_accounting_credit_installment_id","","MAPEAMENTO_LOCAL_DECLARADO","G03/G04"
"V1-FRETES-010","V1_OPERATIONAL_COLUMN","fretes","N/A","UNRESOLVED_SOURCE_PATH","DECIMAL(18,2)","NOT_PRESENT_OR_UNRESOLVED","core.fretes.pending_valor_total","","MAPEAMENTO_LOCAL_DECLARADO","G03/G04"
"V1-FRETES-011","V1_OPERATIONAL_COLUMN","fretes","N/A","UNRESOLVED_SOURCE_PATH","DECIMAL(18,2)","NOT_PRESENT_OR_UNRESOLVED","core.fretes.pending_valor_notas","","MAPEAMENTO_LOCAL_DECLARADO","G03/G04"
"V1-FRETES-012","V1_OPERATIONAL_COLUMN","fretes","N/A","UNRESOLVED_SOURCE_PATH","DECIMAL(18,3)","NOT_PRESENT_OR_UNRESOLVED","core.fretes.pending_peso_notas","","MAPEAMENTO_LOCAL_DECLARADO","G03/G04"
"V1-FRETES-013","V1_OPERATIONAL_COLUMN","fretes","N/A","UNRESOLVED_SOURCE_PATH","BIGINT","NOT_PRESENT_OR_UNRESOLVED","core.fretes.pending_id_corporacao","","MAPEAMENTO_LOCAL_DECLARADO","G03/G04"
"V1-FRETES-014","V1_OPERATIONAL_COLUMN","fretes","N/A","UNRESOLVED_SOURCE_PATH","BIGINT","NOT_PRESENT_OR_UNRESOLVED","core.fretes.pending_id_cidade_destino","","MAPEAMENTO_LOCAL_DECLARADO","G03/G04"
"V1-FRETES-015","V1_OPERATIONAL_COLUMN","fretes","N/A","UNRESOLVED_SOURCE_PATH","DATE","NOT_PRESENT_OR_UNRESOLVED","core.fretes.pending_data_previsao_entrega","","MAPEAMENTO_LOCAL_DECLARADO","G03/G04"
"V1-FRETES-016","V1_OPERATIONAL_COLUMN","fretes","N/A","UNRESOLVED_SOURCE_PATH","DATE","NOT_PRESENT_OR_UNRESOLVED","core.fretes.pending_service_date","","MAPEAMENTO_LOCAL_DECLARADO","G03/G04"
"V1-FRETES-017","V1_OPERATIONAL_COLUMN","fretes","N/A","/data/finished_at","DATETIMEOFFSET","NOT_PRESENT_OR_UNRESOLVED","core.fretes.finished_at","","MAPEAMENTO_LOCAL_DECLARADO","G03/G04"
"V1-FRETES-018","V1_OPERATIONAL_COLUMN","fretes","N/A","/data/fit_dpn_performance_finished_at","DATETIMEOFFSET","NOT_PRESENT_OR_UNRESOLVED","core.fretes.fit_dpn_performance_finished_at","","MAPEAMENTO_LOCAL_DECLARADO","G03/G04"
"V1-FRETES-019","V1_OPERATIONAL_COLUMN","fretes","N/A","/data/corporation_sequence_number","BIGINT","NOT_PRESENT_OR_UNRESOLVED","crosswalk.fretes.alias_corporation_sequence_number","","MAPEAMENTO_LOCAL_DECLARADO","G03/G04"
"V1-FRETES-020","V1_OPERATIONAL_COLUMN","fretes","N/A","UNRESOLVED_SOURCE_PATH","BIGINT","NOT_PRESENT_OR_UNRESOLVED","crosswalk.fretes.pending_relation_pick_item_id","","MAPEAMENTO_LOCAL_DECLARADO","G03/G04"
"V1-FRETES-021","V1_OPERATIONAL_COLUMN","fretes","N/A","UNRESOLVED_SOURCE_PATH","BIGINT","NOT_PRESENT_OR_UNRESOLVED","core.fretes.pending_pagador_id","","MAPEAMENTO_LOCAL_DECLARADO","G03/G04"
"V1-FRETES-022","V1_OPERATIONAL_COLUMN","fretes","N/A","UNRESOLVED_SOURCE_PATH","NVARCHAR(255)","NOT_PRESENT_OR_UNRESOLVED","core.fretes.pending_pagador_nome","","MAPEAMENTO_LOCAL_DECLARADO","G03/G04"
"V1-FRETES-023","V1_OPERATIONAL_COLUMN","fretes","N/A","UNRESOLVED_SOURCE_PATH","BIGINT","NOT_PRESENT_OR_UNRESOLVED","core.fretes.pending_remetente_id","","MAPEAMENTO_LOCAL_DECLARADO","G03/G04"
"V1-FRETES-024","V1_OPERATIONAL_COLUMN","fretes","N/A","UNRESOLVED_SOURCE_PATH","NVARCHAR(255)","NOT_PRESENT_OR_UNRESOLVED","core.fretes.pending_remetente_nome","","MAPEAMENTO_LOCAL_DECLARADO","G03/G04"
"V1-FRETES-025","V1_OPERATIONAL_COLUMN","fretes","N/A","UNRESOLVED_SOURCE_PATH","NVARCHAR(255)","NOT_PRESENT_OR_UNRESOLVED","core.fretes.pending_origem_cidade","","MAPEAMENTO_LOCAL_DECLARADO","G03/G04"
"V1-FRETES-026","V1_OPERATIONAL_COLUMN","fretes","N/A","UNRESOLVED_SOURCE_PATH","NVARCHAR(10)","NOT_PRESENT_OR_UNRESOLVED","core.fretes.pending_origem_uf","","MAPEAMENTO_LOCAL_DECLARADO","G03/G04"
"V1-FRETES-027","V1_OPERATIONAL_COLUMN","fretes","N/A","UNRESOLVED_SOURCE_PATH","BIGINT","NOT_PRESENT_OR_UNRESOLVED","core.fretes.pending_destinatario_id","","MAPEAMENTO_LOCAL_DECLARADO","G03/G04"
"V1-FRETES-028","V1_OPERATIONAL_COLUMN","fretes","N/A","UNRESOLVED_SOURCE_PATH","NVARCHAR(255)","NOT_PRESENT_OR_UNRESOLVED","core.fretes.pending_destinatario_nome","","MAPEAMENTO_LOCAL_DECLARADO","G03/G04"
"V1-FRETES-029","V1_OPERATIONAL_COLUMN","fretes","N/A","UNRESOLVED_SOURCE_PATH","NVARCHAR(255)","NOT_PRESENT_OR_UNRESOLVED","core.fretes.pending_destino_cidade","","MAPEAMENTO_LOCAL_DECLARADO","G03/G04"
"V1-FRETES-030","V1_OPERATIONAL_COLUMN","fretes","N/A","UNRESOLVED_SOURCE_PATH","NVARCHAR(10)","NOT_PRESENT_OR_UNRESOLVED","core.fretes.pending_destino_uf","","MAPEAMENTO_LOCAL_DECLARADO","G03/G04"
"V1-FRETES-031","V1_OPERATIONAL_COLUMN","fretes","N/A","UNRESOLVED_SOURCE_PATH","NVARCHAR(255)","NOT_PRESENT_OR_UNRESOLVED","core.fretes.pending_filial_nome","","MAPEAMENTO_LOCAL_DECLARADO","G03/G04"
"V1-FRETES-032","V1_OPERATIONAL_COLUMN","fretes","N/A","UNRESOLVED_SOURCE_PATH","AS","NOT_PRESENT_OR_UNRESOLVED","core.fretes.pending_filial_nome_key","","VINCULO_INDIVIDUAL_CONDICIONADO","G03/G04"
"V1-FRETES-033","V1_OPERATIONAL_COLUMN","fretes","N/A","UNRESOLVED_SOURCE_PATH","NVARCHAR(255)","NOT_PRESENT_OR_UNRESOLVED","core.fretes.pending_filial_apelido","","MAPEAMENTO_LOCAL_DECLARADO","G03/G04"
"V1-FRETES-034","V1_OPERATIONAL_COLUMN","fretes","N/A","UNRESOLVED_SOURCE_PATH","NVARCHAR(MAX)","NOT_PRESENT_OR_UNRESOLVED","core.fretes.pending_numero_nota_fiscal","","MAPEAMENTO_LOCAL_DECLARADO","G03/G04"
"V1-FRETES-035","V1_OPERATIONAL_COLUMN","fretes","N/A","UNRESOLVED_SOURCE_PATH","NVARCHAR(255)","NOT_PRESENT_OR_UNRESOLVED","core.fretes.pending_tabela_preco_nome","","MAPEAMENTO_LOCAL_DECLARADO","G03/G04"
"V1-FRETES-036","V1_OPERATIONAL_COLUMN","fretes","N/A","UNRESOLVED_SOURCE_PATH","NVARCHAR(255)","NOT_PRESENT_OR_UNRESOLVED","core.fretes.pending_classificacao_nome","","MAPEAMENTO_LOCAL_DECLARADO","G03/G04"
"V1-FRETES-037","V1_OPERATIONAL_COLUMN","fretes","N/A","UNRESOLVED_SOURCE_PATH","NVARCHAR(255)","NOT_PRESENT_OR_UNRESOLVED","core.fretes.pending_centro_custo_nome","","MAPEAMENTO_LOCAL_DECLARADO","G03/G04"
"V1-FRETES-038","V1_OPERATIONAL_COLUMN","fretes","N/A","UNRESOLVED_SOURCE_PATH","NVARCHAR(255)","NOT_PRESENT_OR_UNRESOLVED","core.fretes.pending_usuario_nome","","MAPEAMENTO_LOCAL_DECLARADO","G03/G04"
"V1-FRETES-039","V1_OPERATIONAL_COLUMN","fretes","N/A","/data/reference_number","NVARCHAR(100)","NOT_PRESENT_OR_UNRESOLVED","crosswalk.fretes.alias_reference_number","","MAPEAMENTO_LOCAL_DECLARADO","G03/G04"
"V1-FRETES-040","V1_OPERATIONAL_COLUMN","fretes","N/A","UNRESOLVED_SOURCE_PATH","INT","NOT_PRESENT_OR_UNRESOLVED","core.fretes.pending_invoices_total_volumes","","MAPEAMENTO_LOCAL_DECLARADO","G03/G04"
"V1-FRETES-041","V1_OPERATIONAL_COLUMN","fretes","N/A","UNRESOLVED_SOURCE_PATH","DECIMAL(18,3)","NOT_PRESENT_OR_UNRESOLVED","core.fretes.pending_taxed_weight","","MAPEAMENTO_LOCAL_DECLARADO","G03/G04"
"V1-FRETES-042","V1_OPERATIONAL_COLUMN","fretes","N/A","UNRESOLVED_SOURCE_PATH","DECIMAL(18,3)","NOT_PRESENT_OR_UNRESOLVED","core.fretes.pending_real_weight","","MAPEAMENTO_LOCAL_DECLARADO","G03/G04"
"V1-FRETES-043","V1_OPERATIONAL_COLUMN","fretes","N/A","UNRESOLVED_SOURCE_PATH","DECIMAL(18,6)","NOT_PRESENT_OR_UNRESOLVED","core.fretes.pending_total_cubic_volume","","MAPEAMENTO_LOCAL_DECLARADO","G03/G04"
"V1-FRETES-044","V1_OPERATIONAL_COLUMN","fretes","N/A","UNRESOLVED_SOURCE_PATH","DECIMAL(18,2)","NOT_PRESENT_OR_UNRESOLVED","core.fretes.pending_subtotal","","MAPEAMENTO_LOCAL_DECLARADO","G03/G04"
"V1-FRETES-045","V1_OPERATIONAL_COLUMN","fretes","N/A","UNRESOLVED_SOURCE_PATH","NVARCHAR(100)","NOT_PRESENT_OR_UNRESOLVED","core.fretes.pending_chave_cte","","MAPEAMENTO_LOCAL_DECLARADO","G03/G04"
"V1-FRETES-046","V1_OPERATIONAL_COLUMN","fretes","N/A","UNRESOLVED_SOURCE_PATH","INT","NOT_PRESENT_OR_UNRESOLVED","core.fretes.pending_numero_cte","","MAPEAMENTO_LOCAL_DECLARADO","G03/G04"
"V1-FRETES-047","V1_OPERATIONAL_COLUMN","fretes","N/A","UNRESOLVED_SOURCE_PATH","INT","NOT_PRESENT_OR_UNRESOLVED","core.fretes.pending_serie_cte","","MAPEAMENTO_LOCAL_DECLARADO","G03/G04"
"V1-FRETES-048","V1_OPERATIONAL_COLUMN","fretes","N/A","UNRESOLVED_SOURCE_PATH","BIGINT","NOT_PRESENT_OR_UNRESOLVED","core.fretes.pending_cte_id","","MAPEAMENTO_LOCAL_DECLARADO","G03/G04"
"V1-FRETES-049","V1_OPERATIONAL_COLUMN","fretes","N/A","UNRESOLVED_SOURCE_PATH","NVARCHAR(50)","NOT_PRESENT_OR_UNRESOLVED","core.fretes.pending_cte_emission_type","","MAPEAMENTO_LOCAL_DECLARADO","G03/G04"
"V1-FRETES-050","V1_OPERATIONAL_COLUMN","fretes","N/A","UNRESOLVED_SOURCE_PATH","DATETIMEOFFSET","NOT_PRESENT_OR_UNRESOLVED","core.fretes.pending_cte_created_at","","MAPEAMENTO_LOCAL_DECLARADO","G03/G04"
"V1-FRETES-051","V1_OPERATIONAL_COLUMN","fretes","N/A","UNRESOLVED_SOURCE_PATH","DATETIMEOFFSET","NOT_PRESENT_OR_UNRESOLVED","core.fretes.pending_cte_issued_at","","MAPEAMENTO_LOCAL_DECLARADO","G03/G04"
"V1-FRETES-052","V1_OPERATIONAL_COLUMN","fretes","N/A","UNRESOLVED_SOURCE_PATH","DATETIMEOFFSET","NOT_PRESENT_OR_UNRESOLVED","core.fretes.pending_data_referencia_faturamento","","MAPEAMENTO_LOCAL_DECLARADO","G03/G04"
"V1-FRETES-053","V1_OPERATIONAL_COLUMN","fretes","N/A","UNRESOLVED_SOURCE_PATH","BIT","NOT_PRESENT_OR_UNRESOLVED","core.fretes.pending_is_elegivel_faturamento","","MAPEAMENTO_LOCAL_DECLARADO","G03/G04"
"V1-FRETES-054","V1_OPERATIONAL_COLUMN","fretes","N/A","UNRESOLVED_SOURCE_PATH","INT","NOT_PRESENT_OR_UNRESOLVED","core.fretes.pending_service_type","","MAPEAMENTO_LOCAL_DECLARADO","G03/G04"
"V1-FRETES-055","V1_OPERATIONAL_COLUMN","fretes","N/A","UNRESOLVED_SOURCE_PATH","BIT","NOT_PRESENT_OR_UNRESOLVED","core.fretes.pending_insurance_enabled","","MAPEAMENTO_LOCAL_DECLARADO","G03/G04"
"V1-FRETES-056","V1_OPERATIONAL_COLUMN","fretes","N/A","UNRESOLVED_SOURCE_PATH","DECIMAL(18,2)","NOT_PRESENT_OR_UNRESOLVED","core.fretes.pending_gris_subtotal","","MAPEAMENTO_LOCAL_DECLARADO","G03/G04"
"V1-FRETES-057","V1_OPERATIONAL_COLUMN","fretes","N/A","UNRESOLVED_SOURCE_PATH","DECIMAL(18,2)","NOT_PRESENT_OR_UNRESOLVED","core.fretes.pending_tde_subtotal","","MAPEAMENTO_LOCAL_DECLARADO","G03/G04"
"V1-FRETES-058","V1_OPERATIONAL_COLUMN","fretes","N/A","UNRESOLVED_SOURCE_PATH","NVARCHAR(50)","NOT_PRESENT_OR_UNRESOLVED","core.fretes.pending_modal_cte","","MAPEAMENTO_LOCAL_DECLARADO","G03/G04"
"V1-FRETES-059","V1_OPERATIONAL_COLUMN","fretes","N/A","UNRESOLVED_SOURCE_PATH","DECIMAL(18,2)","NOT_PRESENT_OR_UNRESOLVED","core.fretes.pending_redispatch_subtotal","","MAPEAMENTO_LOCAL_DECLARADO","G03/G04"
"V1-FRETES-060","V1_OPERATIONAL_COLUMN","fretes","N/A","UNRESOLVED_SOURCE_PATH","DECIMAL(18,2)","NOT_PRESENT_OR_UNRESOLVED","core.fretes.pending_suframa_subtotal","","MAPEAMENTO_LOCAL_DECLARADO","G03/G04"
"V1-FRETES-061","V1_OPERATIONAL_COLUMN","fretes","N/A","UNRESOLVED_SOURCE_PATH","NVARCHAR(50)","NOT_PRESENT_OR_UNRESOLVED","core.fretes.pending_payment_type","","MAPEAMENTO_LOCAL_DECLARADO","G03/G04"
"V1-FRETES-062","V1_OPERATIONAL_COLUMN","fretes","N/A","UNRESOLVED_SOURCE_PATH","NVARCHAR(50)","NOT_PRESENT_OR_UNRESOLVED","core.fretes.pending_previous_document_type","","MAPEAMENTO_LOCAL_DECLARADO","G03/G04"
"V1-FRETES-063","V1_OPERATIONAL_COLUMN","fretes","N/A","UNRESOLVED_SOURCE_PATH","DECIMAL(18,2)","NOT_PRESENT_OR_UNRESOLVED","core.fretes.pending_products_value","","MAPEAMENTO_LOCAL_DECLARADO","G03/G04"
"V1-FRETES-064","V1_OPERATIONAL_COLUMN","fretes","N/A","UNRESOLVED_SOURCE_PATH","DECIMAL(18,2)","NOT_PRESENT_OR_UNRESOLVED","core.fretes.pending_trt_subtotal","","MAPEAMENTO_LOCAL_DECLARADO","G03/G04"
"V1-FRETES-065","V1_OPERATIONAL_COLUMN","fretes","N/A","UNRESOLVED_SOURCE_PATH","NVARCHAR(50)","NOT_PRESENT_OR_UNRESOLVED","core.fretes.pending_nfse_series","","MAPEAMENTO_LOCAL_DECLARADO","G03/G04"
"V1-FRETES-066","V1_OPERATIONAL_COLUMN","fretes","N/A","UNRESOLVED_SOURCE_PATH","INT","NOT_PRESENT_OR_UNRESOLVED","core.fretes.pending_nfse_number","","MAPEAMENTO_LOCAL_DECLARADO","G03/G04"
"V1-FRETES-067","V1_OPERATIONAL_COLUMN","fretes","N/A","UNRESOLVED_SOURCE_PATH","BIGINT","NOT_PRESENT_OR_UNRESOLVED","core.fretes.pending_insurance_id","","MAPEAMENTO_LOCAL_DECLARADO","G03/G04"
"V1-FRETES-068","V1_OPERATIONAL_COLUMN","fretes","N/A","UNRESOLVED_SOURCE_PATH","DECIMAL(18,2)","NOT_PRESENT_OR_UNRESOLVED","core.fretes.pending_other_fees","","MAPEAMENTO_LOCAL_DECLARADO","G03/G04"
"V1-FRETES-069","V1_OPERATIONAL_COLUMN","fretes","N/A","UNRESOLVED_SOURCE_PATH","DECIMAL(18,2)","NOT_PRESENT_OR_UNRESOLVED","core.fretes.pending_km","","MAPEAMENTO_LOCAL_DECLARADO","G03/G04"
"V1-FRETES-070","V1_OPERATIONAL_COLUMN","fretes","N/A","UNRESOLVED_SOURCE_PATH","INT","NOT_PRESENT_OR_UNRESOLVED","core.fretes.pending_payment_accountable_type","","MAPEAMENTO_LOCAL_DECLARADO","G03/G04"
"V1-FRETES-071","V1_OPERATIONAL_COLUMN","fretes","N/A","UNRESOLVED_SOURCE_PATH","DECIMAL(18,2)","NOT_PRESENT_OR_UNRESOLVED","core.fretes.pending_insured_value","","MAPEAMENTO_LOCAL_DECLARADO","G03/G04"
"V1-FRETES-072","V1_OPERATIONAL_COLUMN","fretes","N/A","UNRESOLVED_SOURCE_PATH","BIT","NOT_PRESENT_OR_UNRESOLVED","core.fretes.pending_globalized","","MAPEAMENTO_LOCAL_DECLARADO","G03/G04"
"V1-FRETES-073","V1_OPERATIONAL_COLUMN","fretes","N/A","UNRESOLVED_SOURCE_PATH","DECIMAL(18,2)","NOT_PRESENT_OR_UNRESOLVED","core.fretes.pending_sec_cat_subtotal","","MAPEAMENTO_LOCAL_DECLARADO","G03/G04"
"V1-FRETES-074","V1_OPERATIONAL_COLUMN","fretes","N/A","UNRESOLVED_SOURCE_PATH","NVARCHAR(50)","NOT_PRESENT_OR_UNRESOLVED","core.fretes.pending_globalized_type","","MAPEAMENTO_LOCAL_DECLARADO","G03/G04"
"V1-FRETES-075","V1_OPERATIONAL_COLUMN","fretes","N/A","UNRESOLVED_SOURCE_PATH","INT","NOT_PRESENT_OR_UNRESOLVED","core.fretes.pending_price_table_accountable_type","","MAPEAMENTO_LOCAL_DECLARADO","G03/G04"
"V1-FRETES-076","V1_OPERATIONAL_COLUMN","fretes","N/A","UNRESOLVED_SOURCE_PATH","INT","NOT_PRESENT_OR_UNRESOLVED","core.fretes.pending_insurance_accountable_type","","MAPEAMENTO_LOCAL_DECLARADO","G03/G04"
"V1-FRETES-077","V1_OPERATIONAL_COLUMN","fretes","N/A","UNRESOLVED_SOURCE_PATH","DECIMAL(18,2)","NOT_PRESENT_OR_UNRESOLVED","core.fretes.pending_fiscal_calculation_basis","","MAPEAMENTO_LOCAL_DECLARADO","G03/G04"
"V1-FRETES-078","V1_OPERATIONAL_COLUMN","fretes","N/A","UNRESOLVED_SOURCE_PATH","DECIMAL(18,6)","NOT_PRESENT_OR_UNRESOLVED","core.fretes.pending_fiscal_tax_rate","","MAPEAMENTO_LOCAL_DECLARADO","G03/G04"
"V1-FRETES-079","V1_OPERATIONAL_COLUMN","fretes","N/A","UNRESOLVED_SOURCE_PATH","DECIMAL(18,6)","NOT_PRESENT_OR_UNRESOLVED","core.fretes.pending_fiscal_pis_rate","","MAPEAMENTO_LOCAL_DECLARADO","G03/G04"
"V1-FRETES-080","V1_OPERATIONAL_COLUMN","fretes","N/A","UNRESOLVED_SOURCE_PATH","DECIMAL(18,6)","NOT_PRESENT_OR_UNRESOLVED","core.fretes.pending_fiscal_cofins_rate","","MAPEAMENTO_LOCAL_DECLARADO","G03/G04"
"V1-FRETES-081","V1_OPERATIONAL_COLUMN","fretes","N/A","UNRESOLVED_SOURCE_PATH","BIT","NOT_PRESENT_OR_UNRESOLVED","core.fretes.pending_fiscal_has_difal","","MAPEAMENTO_LOCAL_DECLARADO","G03/G04"
"V1-FRETES-082","V1_OPERATIONAL_COLUMN","fretes","N/A","UNRESOLVED_SOURCE_PATH","DECIMAL(18,2)","NOT_PRESENT_OR_UNRESOLVED","core.fretes.pending_fiscal_difal_origin","","MAPEAMENTO_LOCAL_DECLARADO","G03/G04"
"V1-FRETES-083","V1_OPERATIONAL_COLUMN","fretes","N/A","UNRESOLVED_SOURCE_PATH","DECIMAL(18,2)","NOT_PRESENT_OR_UNRESOLVED","core.fretes.pending_fiscal_difal_destination","","MAPEAMENTO_LOCAL_DECLARADO","G03/G04"
"V1-FRETES-084","V1_OPERATIONAL_COLUMN","fretes","N/A","UNRESOLVED_SOURCE_PATH","NVARCHAR(10)","NOT_PRESENT_OR_UNRESOLVED","core.fretes.pending_fiscal_cst_type","","MAPEAMENTO_LOCAL_DECLARADO","G03/G04"
"V1-FRETES-085","V1_OPERATIONAL_COLUMN","fretes","N/A","UNRESOLVED_SOURCE_PATH","NVARCHAR(10)","NOT_PRESENT_OR_UNRESOLVED","core.fretes.pending_fiscal_cfop_code","","MAPEAMENTO_LOCAL_DECLARADO","G03/G04"
"V1-FRETES-086","V1_OPERATIONAL_COLUMN","fretes","N/A","UNRESOLVED_SOURCE_PATH","DECIMAL(18,2)","NOT_PRESENT_OR_UNRESOLVED","core.fretes.pending_fiscal_tax_value","","MAPEAMENTO_LOCAL_DECLARADO","G03/G04"
"V1-FRETES-087","V1_OPERATIONAL_COLUMN","fretes","N/A","UNRESOLVED_SOURCE_PATH","DECIMAL(18,2)","NOT_PRESENT_OR_UNRESOLVED","core.fretes.pending_fiscal_pis_value","","MAPEAMENTO_LOCAL_DECLARADO","G03/G04"
"V1-FRETES-088","V1_OPERATIONAL_COLUMN","fretes","N/A","UNRESOLVED_SOURCE_PATH","DECIMAL(18,2)","NOT_PRESENT_OR_UNRESOLVED","core.fretes.pending_fiscal_cofins_value","","MAPEAMENTO_LOCAL_DECLARADO","G03/G04"
"V1-FRETES-089","V1_OPERATIONAL_COLUMN","fretes","N/A","UNRESOLVED_SOURCE_PATH","DECIMAL(18,6)","NOT_PRESENT_OR_UNRESOLVED","core.fretes.pending_cubages_cubed_weight","","MAPEAMENTO_LOCAL_DECLARADO","G03/G04"
"V1-FRETES-090","V1_OPERATIONAL_COLUMN","fretes","N/A","UNRESOLVED_SOURCE_PATH","DECIMAL(18,2)","NOT_PRESENT_OR_UNRESOLVED","core.fretes.pending_freight_weight_subtotal","","MAPEAMENTO_LOCAL_DECLARADO","G03/G04"
"V1-FRETES-091","V1_OPERATIONAL_COLUMN","fretes","N/A","UNRESOLVED_SOURCE_PATH","DECIMAL(18,2)","NOT_PRESENT_OR_UNRESOLVED","core.fretes.pending_ad_valorem_subtotal","","MAPEAMENTO_LOCAL_DECLARADO","G03/G04"
"V1-FRETES-092","V1_OPERATIONAL_COLUMN","fretes","N/A","UNRESOLVED_SOURCE_PATH","DECIMAL(18,2)","NOT_PRESENT_OR_UNRESOLVED","core.fretes.pending_toll_subtotal","","MAPEAMENTO_LOCAL_DECLARADO","G03/G04"
"V1-FRETES-093","V1_OPERATIONAL_COLUMN","fretes","N/A","UNRESOLVED_SOURCE_PATH","DECIMAL(18,2)","NOT_PRESENT_OR_UNRESOLVED","core.fretes.pending_itr_subtotal","","MAPEAMENTO_LOCAL_DECLARADO","G03/G04"
"V1-FRETES-094","V1_OPERATIONAL_COLUMN","fretes","N/A","UNRESOLVED_SOURCE_PATH","NVARCHAR(50)","NOT_PRESENT_OR_UNRESOLVED","core.fretes.pending_pagador_documento","","MAPEAMENTO_LOCAL_DECLARADO","G03/G04"
"V1-FRETES-095","V1_OPERATIONAL_COLUMN","fretes","N/A","UNRESOLVED_SOURCE_PATH","NVARCHAR(50)","NOT_PRESENT_OR_UNRESOLVED","core.fretes.pending_remetente_documento","","MAPEAMENTO_LOCAL_DECLARADO","G03/G04"
"V1-FRETES-096","V1_OPERATIONAL_COLUMN","fretes","N/A","UNRESOLVED_SOURCE_PATH","NVARCHAR(50)","NOT_PRESENT_OR_UNRESOLVED","core.fretes.pending_destinatario_documento","","MAPEAMENTO_LOCAL_DECLARADO","G03/G04"
"V1-FRETES-097","V1_OPERATIONAL_COLUMN","fretes","N/A","UNRESOLVED_SOURCE_PATH","NVARCHAR(50)","NOT_PRESENT_OR_UNRESOLVED","core.fretes.pending_filial_cnpj","","MAPEAMENTO_LOCAL_DECLARADO","G03/G04"
"V1-FRETES-098","V1_OPERATIONAL_COLUMN","fretes","N/A","UNRESOLVED_SOURCE_PATH","NVARCHAR(50)","NOT_PRESENT_OR_UNRESOLVED","core.fretes.pending_nfse_integration_id","","MAPEAMENTO_LOCAL_DECLARADO","G03/G04"
"V1-FRETES-099","V1_OPERATIONAL_COLUMN","fretes","N/A","UNRESOLVED_SOURCE_PATH","NVARCHAR(50)","NOT_PRESENT_OR_UNRESOLVED","core.fretes.pending_nfse_status","","MAPEAMENTO_LOCAL_DECLARADO","G03/G04"
"V1-FRETES-100","V1_OPERATIONAL_COLUMN","fretes","N/A","UNRESOLVED_SOURCE_PATH","DATE","NOT_PRESENT_OR_UNRESOLVED","core.fretes.pending_nfse_issued_at","","MAPEAMENTO_LOCAL_DECLARADO","G03/G04"
"V1-FRETES-101","V1_OPERATIONAL_COLUMN","fretes","N/A","UNRESOLVED_SOURCE_PATH","NVARCHAR(255)","NOT_PRESENT_OR_UNRESOLVED","core.fretes.pending_nfse_cancelation_reason","","MAPEAMENTO_LOCAL_DECLARADO","G03/G04"
"V1-FRETES-102","V1_OPERATIONAL_COLUMN","fretes","N/A","UNRESOLVED_SOURCE_PATH","NVARCHAR(1000)","NOT_PRESENT_OR_UNRESOLVED","core.fretes.pending_nfse_pdf_service_url","","MAPEAMENTO_LOCAL_DECLARADO","G03/G04"
"V1-FRETES-103","V1_OPERATIONAL_COLUMN","fretes","N/A","UNRESOLVED_SOURCE_PATH","BIGINT","NOT_PRESENT_OR_UNRESOLVED","core.fretes.pending_nfse_corporation_id","","MAPEAMENTO_LOCAL_DECLARADO","G03/G04"
"V1-FRETES-104","V1_OPERATIONAL_COLUMN","fretes","N/A","UNRESOLVED_SOURCE_PATH","NVARCHAR(500)","NOT_PRESENT_OR_UNRESOLVED","core.fretes.pending_nfse_service_description","","MAPEAMENTO_LOCAL_DECLARADO","G03/G04"
"V1-FRETES-105","V1_OPERATIONAL_COLUMN","fretes","N/A","UNRESOLVED_SOURCE_PATH","NVARCHAR(MAX)","NOT_PRESENT_OR_UNRESOLVED","core.fretes.pending_nfse_xml_document","","MAPEAMENTO_LOCAL_DECLARADO","G03/G04"
"V1-FRETES-106","V1_OPERATIONAL_COLUMN","fretes","N/A","MULTIPLE_UNTYPED_FIELDS","NVARCHAR(MAX)","NOT_PRESENT_OR_UNRESOLVED","recon.field_presence_and_provenance","","RETIRADA_PRESERVADA","G03/G04"
"V1-FRETES-107","V1_OPERATIONAL_COLUMN","fretes","N/A","DERIVED_BY_PIPELINE","DATETIME2","NOT_PRESENT_OR_UNRESOLVED","ctl/recon derived audit state","","MAPEAMENTO_LOCAL_DECLARADO","G03/G04"
"V1-FRETES-108","V1_OPERATIONAL_COLUMN","fretes","N/A","DERIVED_BY_PIPELINE","BIT","NOT_PRESENT_OR_UNRESOLVED","ctl/recon derived audit state","","MAPEAMENTO_LOCAL_DECLARADO","G03/G04"
"V1-FRETES-109","V1_OPERATIONAL_COLUMN","fretes","N/A","DERIVED_BY_PIPELINE","DATETIME2(0)","NOT_PRESENT_OR_UNRESOLVED","ctl/recon derived audit state","","MAPEAMENTO_LOCAL_DECLARADO","G03/G04"
"V1-INVENTARIO-001","V1_OPERATIONAL_COLUMN","inventario","N/A","UNRESOLVED_SOURCE_PATH","NVARCHAR(64)","NOT_PRESENT_OR_UNRESOLVED","core.inventario.pending_identificador_unico","","RASTREADO_POR_EXPRESSAO_SQL_LOCAL","G03/G04"
"V1-INVENTARIO-002","V1_OPERATIONAL_COLUMN","inventario","N/A","/data/sequence_code","BIGINT","NOT_PRESENT_OR_UNRESOLVED","core.inventario.sequence_code","","MAPEAMENTO_LOCAL_DECLARADO","G03/G04"
"V1-INVENTARIO-003","V1_OPERATIONAL_COLUMN","inventario","N/A","UNRESOLVED_SOURCE_PATH","BIGINT","NOT_PRESENT_OR_UNRESOLVED","crosswalk.inventario.pending_relation_numero_minuta","","RASTREADO_POR_EXPRESSAO_SQL_LOCAL","G03/G04"
"V1-INVENTARIO-004","V1_OPERATIONAL_COLUMN","inventario","N/A","UNRESOLVED_SOURCE_PATH","NVARCHAR(255)","NOT_PRESENT_OR_UNRESOLVED","core.inventario.pending_pagador_nome","","RASTREADO_POR_EXPRESSAO_SQL_LOCAL","G03/G04"
"V1-INVENTARIO-005","V1_OPERATIONAL_COLUMN","inventario","N/A","UNRESOLVED_SOURCE_PATH","NVARCHAR(255)","NOT_PRESENT_OR_UNRESOLVED","core.inventario.pending_remetente_nome","","RASTREADO_POR_EXPRESSAO_SQL_LOCAL","G03/G04"
"V1-INVENTARIO-006","V1_OPERATIONAL_COLUMN","inventario","N/A","UNRESOLVED_SOURCE_PATH","NVARCHAR(255)","NOT_PRESENT_OR_UNRESOLVED","core.inventario.pending_origem_cidade","","RASTREADO_POR_EXPRESSAO_SQL_LOCAL","G03/G04"
"V1-INVENTARIO-007","V1_OPERATIONAL_COLUMN","inventario","N/A","UNRESOLVED_SOURCE_PATH","NVARCHAR(255)","NOT_PRESENT_OR_UNRESOLVED","core.inventario.pending_destinatario_nome","","RASTREADO_POR_EXPRESSAO_SQL_LOCAL","G03/G04"
"V1-INVENTARIO-008","V1_OPERATIONAL_COLUMN","inventario","N/A","UNRESOLVED_SOURCE_PATH","NVARCHAR(255)","NOT_PRESENT_OR_UNRESOLVED","core.inventario.pending_destino_cidade","","RASTREADO_POR_EXPRESSAO_SQL_LOCAL","G03/G04"
"V1-INVENTARIO-009","V1_OPERATIONAL_COLUMN","inventario","N/A","UNRESOLVED_SOURCE_PATH","NVARCHAR(255)","NOT_PRESENT_OR_UNRESOLVED","core.inventario.pending_regiao_entrega","","RASTREADO_POR_EXPRESSAO_SQL_LOCAL","G03/G04"
"V1-INVENTARIO-010","V1_OPERATIONAL_COLUMN","inventario","N/A","UNRESOLVED_SOURCE_PATH","NVARCHAR(255)","NOT_PRESENT_OR_UNRESOLVED","core.inventario.pending_filial_entregadora","","RASTREADO_POR_EXPRESSAO_SQL_LOCAL","G03/G04"
"V1-INVENTARIO-011","V1_OPERATIONAL_COLUMN","inventario","N/A","UNRESOLVED_SOURCE_PATH","NVARCHAR(255)","NOT_PRESENT_OR_UNRESOLVED","core.inventario.pending_branch_nickname","","RASTREADO_POR_EXPRESSAO_SQL_LOCAL","G03/G04"
"V1-INVENTARIO-012","V1_OPERATIONAL_COLUMN","inventario","N/A","/data/type","NVARCHAR(100)","NOT_PRESENT_OR_UNRESOLVED","core.inventario.type","","MAPEAMENTO_LOCAL_DECLARADO","G03/G04"
"V1-INVENTARIO-013","V1_OPERATIONAL_COLUMN","inventario","N/A","/data/started_at","DATETIMEOFFSET","NOT_PRESENT_OR_UNRESOLVED","core.inventario.started_at","","MAPEAMENTO_LOCAL_DECLARADO","G03/G04"
"V1-INVENTARIO-014","V1_OPERATIONAL_COLUMN","inventario","N/A","/data/finished_at","DATETIMEOFFSET","NOT_PRESENT_OR_UNRESOLVED","core.inventario.finished_at","","MAPEAMENTO_LOCAL_DECLARADO","G03/G04"
"V1-INVENTARIO-015","V1_OPERATIONAL_COLUMN","inventario","N/A","/data/status","NVARCHAR(100)","NOT_PRESENT_OR_UNRESOLVED","core.inventario.status","","MAPEAMENTO_LOCAL_DECLARADO","G03/G04"
"V1-INVENTARIO-016","V1_OPERATIONAL_COLUMN","inventario","N/A","UNRESOLVED_SOURCE_PATH","NVARCHAR(255)","NOT_PRESENT_OR_UNRESOLVED","core.inventario.pending_conferente_nome","","RASTREADO_POR_EXPRESSAO_SQL_LOCAL","G03/G04"
"V1-INVENTARIO-017","V1_OPERATIONAL_COLUMN","inventario","N/A","UNRESOLVED_SOURCE_PATH","NVARCHAR(MAX)","NOT_PRESENT_OR_UNRESOLVED","crosswalk.inventario.pending_relation_invoices_mapping","","RASTREADO_POR_EXPRESSAO_SQL_LOCAL","G03/G04"
"V1-INVENTARIO-018","V1_OPERATIONAL_COLUMN","inventario","N/A","UNRESOLVED_SOURCE_PATH","DECIMAL(18,2)","NOT_PRESENT_OR_UNRESOLVED","crosswalk.inventario.pending_relation_invoices_value","","RASTREADO_POR_EXPRESSAO_SQL_LOCAL","G03/G04"
"V1-INVENTARIO-019","V1_OPERATIONAL_COLUMN","inventario","N/A","UNRESOLVED_SOURCE_PATH","DECIMAL(18,3)","NOT_PRESENT_OR_UNRESOLVED","core.inventario.pending_real_weight","","RASTREADO_POR_EXPRESSAO_SQL_LOCAL","G03/G04"
"V1-INVENTARIO-020","V1_OPERATIONAL_COLUMN","inventario","N/A","UNRESOLVED_SOURCE_PATH","DECIMAL(18,3)","NOT_PRESENT_OR_UNRESOLVED","core.inventario.pending_total_cubic_volume","","RASTREADO_POR_EXPRESSAO_SQL_LOCAL","G03/G04"
"V1-INVENTARIO-021","V1_OPERATIONAL_COLUMN","inventario","N/A","UNRESOLVED_SOURCE_PATH","DECIMAL(18,3)","NOT_PRESENT_OR_UNRESOLVED","core.inventario.pending_taxed_weight","","RASTREADO_POR_EXPRESSAO_SQL_LOCAL","G03/G04"
"V1-INVENTARIO-022","V1_OPERATIONAL_COLUMN","inventario","N/A","UNRESOLVED_SOURCE_PATH","INT","NOT_PRESENT_OR_UNRESOLVED","crosswalk.inventario.pending_relation_invoices_volumes","","RASTREADO_POR_EXPRESSAO_SQL_LOCAL","G03/G04"
"V1-INVENTARIO-023","V1_OPERATIONAL_COLUMN","inventario","N/A","UNRESOLVED_SOURCE_PATH","INT","NOT_PRESENT_OR_UNRESOLVED","core.inventario.pending_read_volumes","","RASTREADO_POR_EXPRESSAO_SQL_LOCAL","G03/G04"
"V1-INVENTARIO-024","V1_OPERATIONAL_COLUMN","inventario","N/A","UNRESOLVED_SOURCE_PATH","DATETIMEOFFSET","NOT_PRESENT_OR_UNRESOLVED","core.inventario.pending_predicted_delivery_at","","RASTREADO_POR_EXPRESSAO_SQL_LOCAL","G03/G04"
"V1-INVENTARIO-025","V1_OPERATIONAL_COLUMN","inventario","N/A","UNRESOLVED_SOURCE_PATH","DATETIMEOFFSET","NOT_PRESENT_OR_UNRESOLVED","core.inventario.pending_performance_finished_at","","RASTREADO_POR_EXPRESSAO_SQL_LOCAL","G03/G04"
"V1-INVENTARIO-026","V1_OPERATIONAL_COLUMN","inventario","N/A","UNRESOLVED_SOURCE_PATH","DATETIMEOFFSET","NOT_PRESENT_OR_UNRESOLVED","core.inventario.pending_ultima_ocorrencia_at","","RASTREADO_POR_EXPRESSAO_SQL_LOCAL","G03/G04"
"V1-INVENTARIO-027","V1_OPERATIONAL_COLUMN","inventario","N/A","UNRESOLVED_SOURCE_PATH","NVARCHAR(500)","NOT_PRESENT_OR_UNRESOLVED","core.inventario.pending_ultima_ocorrencia_descricao","","RASTREADO_POR_EXPRESSAO_SQL_LOCAL","G03/G04"
"V1-INVENTARIO-028","V1_OPERATIONAL_COLUMN","inventario","N/A","UNRESOLVED_SOURCE_PATH","BIT","NOT_PRESENT_OR_UNRESOLVED","core.inventario.pending_flag_comprovante_anexado","","RASTREADO_POR_EXPRESSAO_SQL_LOCAL","G03/G04"
"V1-INVENTARIO-029","V1_OPERATIONAL_COLUMN","inventario","N/A","MULTIPLE_UNTYPED_FIELDS","NVARCHAR(MAX)","NOT_PRESENT_OR_UNRESOLVED","recon.field_presence_and_provenance","","RETIRADA_PRESERVADA","G03/G04"
"V1-INVENTARIO-030","V1_OPERATIONAL_COLUMN","inventario","N/A","DERIVED_BY_PIPELINE","DATETIME2","NOT_PRESENT_OR_UNRESOLVED","ctl/recon derived audit state","","RASTREADO_POR_EXPRESSAO_SQL_LOCAL","G03/G04"
"V1-INVENTARIO-031","V1_OPERATIONAL_COLUMN","inventario","N/A","DERIVED_BY_PIPELINE","BIT","NOT_PRESENT_OR_UNRESOLVED","ctl/recon derived audit state","","VINCULO_INDIVIDUAL_CONDICIONADO","G03/G04"
"V1-INVENTARIO-032","V1_OPERATIONAL_COLUMN","inventario","N/A","DERIVED_BY_PIPELINE","DATETIME2(0)","NOT_PRESENT_OR_UNRESOLVED","ctl/recon derived audit state","","VINCULO_INDIVIDUAL_CONDICIONADO","G03/G04"
"V1-LOCALIZACAO_CARGAS-001","V1_OPERATIONAL_COLUMN","localizacao_cargas","N/A","UNRESOLVED_SOURCE_PATH","BIGINT","NOT_PRESENT_OR_UNRESOLVED","core.localizacao_cargas.pending_sequence_number","","RASTREADO_POR_EXPRESSAO_SQL_LOCAL","G03/G04"
"V1-LOCALIZACAO_CARGAS-002","V1_OPERATIONAL_COLUMN","localizacao_cargas","N/A","/data/type","NVARCHAR(100)","NOT_PRESENT_OR_UNRESOLVED","core.localizacao_cargas.type","","RASTREADO_POR_EXPRESSAO_SQL_LOCAL","G03/G04"
"V1-LOCALIZACAO_CARGAS-003","V1_OPERATIONAL_COLUMN","localizacao_cargas","N/A","/data/service_at","DATETIMEOFFSET","NOT_PRESENT_OR_UNRESOLVED","core.localizacao_cargas.service_at","","RASTREADO_POR_EXPRESSAO_SQL_LOCAL","G03/G04"
"V1-LOCALIZACAO_CARGAS-004","V1_OPERATIONAL_COLUMN","localizacao_cargas","N/A","/data/invoices_volumes","INT","NOT_PRESENT_OR_UNRESOLVED","core.localizacao_cargas.invoices_volumes","","RASTREADO_POR_EXPRESSAO_SQL_LOCAL","G03/G04"
"V1-LOCALIZACAO_CARGAS-005","V1_OPERATIONAL_COLUMN","localizacao_cargas","N/A","/data/taxed_weight","NVARCHAR(50)","NOT_PRESENT_OR_UNRESOLVED","core.localizacao_cargas.taxed_weight","","RASTREADO_POR_EXPRESSAO_SQL_LOCAL","G03/G04"
"V1-LOCALIZACAO_CARGAS-006","V1_OPERATIONAL_COLUMN","localizacao_cargas","N/A","UNRESOLVED_SOURCE_PATH","DECIMAL(18,3)","NOT_PRESENT_OR_UNRESOLVED","core.localizacao_cargas.pending_taxed_weight_decimal","","RASTREADO_POR_EXPRESSAO_SQL_LOCAL","G03/G04"
"V1-LOCALIZACAO_CARGAS-007","V1_OPERATIONAL_COLUMN","localizacao_cargas","N/A","/data/invoices_value","NVARCHAR(50)","NOT_PRESENT_OR_UNRESOLVED","core.localizacao_cargas.invoices_value","","RASTREADO_POR_EXPRESSAO_SQL_LOCAL","G03/G04"
"V1-LOCALIZACAO_CARGAS-008","V1_OPERATIONAL_COLUMN","localizacao_cargas","N/A","UNRESOLVED_SOURCE_PATH","DECIMAL(18,2)","NOT_PRESENT_OR_UNRESOLVED","core.localizacao_cargas.pending_invoices_value_decimal","","RASTREADO_POR_EXPRESSAO_SQL_LOCAL","G03/G04"
"V1-LOCALIZACAO_CARGAS-009","V1_OPERATIONAL_COLUMN","localizacao_cargas","N/A","UNRESOLVED_SOURCE_PATH","DECIMAL(18,2)","NOT_PRESENT_OR_UNRESOLVED","core.localizacao_cargas.pending_total_value","","RASTREADO_POR_EXPRESSAO_SQL_LOCAL","G03/G04"
"V1-LOCALIZACAO_CARGAS-010","V1_OPERATIONAL_COLUMN","localizacao_cargas","N/A","/data/service_type","NVARCHAR(50)","NOT_PRESENT_OR_UNRESOLVED","core.localizacao_cargas.service_type","","RASTREADO_POR_EXPRESSAO_SQL_LOCAL","G03/G04"
"V1-LOCALIZACAO_CARGAS-011","V1_OPERATIONAL_COLUMN","localizacao_cargas","N/A","UNRESOLVED_SOURCE_PATH","NVARCHAR(255)","NOT_PRESENT_OR_UNRESOLVED","core.localizacao_cargas.pending_branch_nickname","","RASTREADO_POR_EXPRESSAO_SQL_LOCAL","G03/G04"
"V1-LOCALIZACAO_CARGAS-012","V1_OPERATIONAL_COLUMN","localizacao_cargas","N/A","UNRESOLVED_SOURCE_PATH","DATETIMEOFFSET","NOT_PRESENT_OR_UNRESOLVED","core.localizacao_cargas.pending_predicted_delivery_at","","RASTREADO_POR_EXPRESSAO_SQL_LOCAL","G03/G04"
"V1-LOCALIZACAO_CARGAS-013","V1_OPERATIONAL_COLUMN","localizacao_cargas","N/A","UNRESOLVED_SOURCE_PATH","NVARCHAR(255)","NOT_PRESENT_OR_UNRESOLVED","core.localizacao_cargas.pending_destination_location_name","","RASTREADO_POR_EXPRESSAO_SQL_LOCAL","G03/G04"
"V1-LOCALIZACAO_CARGAS-014","V1_OPERATIONAL_COLUMN","localizacao_cargas","N/A","UNRESOLVED_SOURCE_PATH","NVARCHAR(255)","NOT_PRESENT_OR_UNRESOLVED","core.localizacao_cargas.pending_destination_branch_nickname","","RASTREADO_POR_EXPRESSAO_SQL_LOCAL","G03/G04"
"V1-LOCALIZACAO_CARGAS-015","V1_OPERATIONAL_COLUMN","localizacao_cargas","N/A","UNRESOLVED_SOURCE_PATH","AS","NOT_PRESENT_OR_UNRESOLVED","core.localizacao_cargas.pending_destination_branch_key","","VINCULO_INDIVIDUAL_CONDICIONADO","G03/G04"
"V1-LOCALIZACAO_CARGAS-016","V1_OPERATIONAL_COLUMN","localizacao_cargas","N/A","UNRESOLVED_SOURCE_PATH","NVARCHAR(255)","NOT_PRESENT_OR_UNRESOLVED","core.localizacao_cargas.pending_classification","","RASTREADO_POR_EXPRESSAO_SQL_LOCAL","G03/G04"
"V1-LOCALIZACAO_CARGAS-017","V1_OPERATIONAL_COLUMN","localizacao_cargas","N/A","UNRESOLVED_SOURCE_PATH","NVARCHAR(50)","NOT_PRESENT_OR_UNRESOLVED","core.localizacao_cargas.pending_status","","RASTREADO_POR_EXPRESSAO_SQL_LOCAL","G03/G04"
"V1-LOCALIZACAO_CARGAS-018","V1_OPERATIONAL_COLUMN","localizacao_cargas","N/A","UNRESOLVED_SOURCE_PATH","NVARCHAR(50)","NOT_PRESENT_OR_UNRESOLVED","core.localizacao_cargas.pending_status_normalized","","RASTREADO_POR_EXPRESSAO_SQL_LOCAL","G03/G04"
"V1-LOCALIZACAO_CARGAS-019","V1_OPERATIONAL_COLUMN","localizacao_cargas","N/A","UNRESOLVED_SOURCE_PATH","NVARCHAR(255)","NOT_PRESENT_OR_UNRESOLVED","core.localizacao_cargas.pending_status_branch_nickname","","RASTREADO_POR_EXPRESSAO_SQL_LOCAL","G03/G04"
"V1-LOCALIZACAO_CARGAS-020","V1_OPERATIONAL_COLUMN","localizacao_cargas","N/A","UNRESOLVED_SOURCE_PATH","NVARCHAR(255)","NOT_PRESENT_OR_UNRESOLVED","core.localizacao_cargas.pending_origin_location_name","","RASTREADO_POR_EXPRESSAO_SQL_LOCAL","G03/G04"
"V1-LOCALIZACAO_CARGAS-021","V1_OPERATIONAL_COLUMN","localizacao_cargas","N/A","UNRESOLVED_SOURCE_PATH","NVARCHAR(255)","NOT_PRESENT_OR_UNRESOLVED","core.localizacao_cargas.pending_origin_branch_nickname","","RASTREADO_POR_EXPRESSAO_SQL_LOCAL","G03/G04"
"V1-LOCALIZACAO_CARGAS-022","V1_OPERATIONAL_COLUMN","localizacao_cargas","N/A","/data/fit_fln_cln_nickname","NVARCHAR(255)","NOT_PRESENT_OR_UNRESOLVED","core.localizacao_cargas.fit_fln_cln_nickname","","RASTREADO_POR_EXPRESSAO_SQL_LOCAL","G03/G04"
"V1-LOCALIZACAO_CARGAS-023","V1_OPERATIONAL_COLUMN","localizacao_cargas","N/A","MULTIPLE_UNTYPED_FIELDS","NVARCHAR(MAX)","NOT_PRESENT_OR_UNRESOLVED","recon.field_presence_and_provenance","","RETIRADA_PRESERVADA","G03/G04"
"V1-LOCALIZACAO_CARGAS-024","V1_OPERATIONAL_COLUMN","localizacao_cargas","N/A","UNRESOLVED_SOURCE_PATH","CHAR(64)","NOT_PRESENT_OR_UNRESOLVED","core.localizacao_cargas.pending_localizacao_hash","","RASTREADO_POR_EXPRESSAO_SQL_LOCAL","G03/G04"
"V1-LOCALIZACAO_CARGAS-025","V1_OPERATIONAL_COLUMN","localizacao_cargas","N/A","DERIVED_BY_PIPELINE","DATETIME2","NOT_PRESENT_OR_UNRESOLVED","ctl/recon derived audit state","","RASTREADO_POR_EXPRESSAO_SQL_LOCAL","G03/G04"
"V1-LOCALIZACAO_CARGAS-026","V1_OPERATIONAL_COLUMN","localizacao_cargas","N/A","DERIVED_BY_PIPELINE","BIT","NOT_PRESENT_OR_UNRESOLVED","ctl/recon derived audit state","","VINCULO_INDIVIDUAL_CONDICIONADO","G03/G04"
"V1-LOCALIZACAO_CARGAS-027","V1_OPERATIONAL_COLUMN","localizacao_cargas","N/A","DERIVED_BY_PIPELINE","DATETIME2(0)","NOT_PRESENT_OR_UNRESOLVED","ctl/recon derived audit state","","VINCULO_INDIVIDUAL_CONDICIONADO","G03/G04"
"V1-MANIFESTOS-001","V1_OPERATIONAL_COLUMN","manifestos","N/A","LEGACY_DATABASE_SURROGATE_NO_SOURCE_PATH","BIGINT","NOT_PRESENT_OR_UNRESOLVED","recon.manifestos_legacy_surrogate_evidence","","RETIRADA_PRESERVADA","G03/G04"
"V1-MANIFESTOS-002","V1_OPERATIONAL_COLUMN","manifestos","N/A","/data/sequence_code","BIGINT","NOT_PRESENT_OR_UNRESOLVED","core.manifestos.root_observation.sequence_code","","MAPEAMENTO_LOCAL_DECLARADO","G03/G04"
"V1-MANIFESTOS-003","V1_OPERATIONAL_COLUMN","manifestos","N/A","LEGACY_DERIVED_IDENTIFIER_NO_SOURCE_PATH","NVARCHAR(100)","NOT_PRESENT_OR_UNRESOLVED","recon.manifestos_legacy_identity_heuristic_evidence","","RETIRADA_PRESERVADA","G03/G04"
"V1-MANIFESTOS-004","V1_OPERATIONAL_COLUMN","manifestos","N/A","/data/status","NVARCHAR(50)","NOT_PRESENT_OR_UNRESOLVED","core.manifestos.root_observation.status","","MAPEAMENTO_LOCAL_DECLARADO","G03/G04"
"V1-MANIFESTOS-005","V1_OPERATIONAL_COLUMN","manifestos","N/A","/data/created_at","DATETIMEOFFSET","NOT_PRESENT_OR_UNRESOLVED","core.manifestos.root_observation.created_at","","MAPEAMENTO_LOCAL_DECLARADO","G03/G04"
"V1-MANIFESTOS-006","V1_OPERATIONAL_COLUMN","manifestos","N/A","/data/departured_at","DATETIMEOFFSET","NOT_PRESENT_OR_UNRESOLVED","core.manifestos.root_observation.departured_at","","MAPEAMENTO_LOCAL_DECLARADO","G03/G04"
"V1-MANIFESTOS-007","V1_OPERATIONAL_COLUMN","manifestos","N/A","/data/closed_at","DATETIMEOFFSET","NOT_PRESENT_OR_UNRESOLVED","core.manifestos.root_observation.closed_at","","MAPEAMENTO_LOCAL_DECLARADO","G03/G04"
"V1-MANIFESTOS-008","V1_OPERATIONAL_COLUMN","manifestos","N/A","/data/finished_at","DATETIMEOFFSET","NOT_PRESENT_OR_UNRESOLVED","core.manifestos.root_observation.finished_at","","MAPEAMENTO_LOCAL_DECLARADO","G03/G04"
"V1-MANIFESTOS-009","V1_OPERATIONAL_COLUMN","manifestos","N/A","/data/mft_mfs_number","INT","NOT_PRESENT_OR_UNRESOLVED","core.manifestos.mdfe_child_observation.mft_mfs_number","","MAPEAMENTO_LOCAL_DECLARADO","G03/G04"
"V1-MANIFESTOS-010","V1_OPERATIONAL_COLUMN","manifestos","N/A","/data/mft_mfs_key","NVARCHAR(100)","NOT_PRESENT_OR_UNRESOLVED","core.manifestos.mdfe_child_observation.mft_mfs_key","","MAPEAMENTO_LOCAL_DECLARADO","G03/G04"
"V1-MANIFESTOS-011","V1_OPERATIONAL_COLUMN","manifestos","N/A","/data/mdfe_status","NVARCHAR(50)","NOT_PRESENT_OR_UNRESOLVED","core.manifestos.root_observation.mdfe_status","","MAPEAMENTO_LOCAL_DECLARADO","G03/G04"
"V1-MANIFESTOS-012","V1_OPERATIONAL_COLUMN","manifestos","N/A","UNRESOLVED_SOURCE_PATH","NVARCHAR(255)","NOT_PRESENT_OR_UNRESOLVED","core.manifestos.pending_distribution_pole","","RASTREADO_POR_EXPRESSAO_SQL_LOCAL","G03/G04"
"V1-MANIFESTOS-013","V1_OPERATIONAL_COLUMN","manifestos","N/A","UNRESOLVED_SOURCE_PATH","NVARCHAR(255)","NOT_PRESENT_OR_UNRESOLVED","core.manifestos.pending_classification","","VINCULO_INDIVIDUAL_CONDICIONADO","G03/G04"
"V1-MANIFESTOS-014","V1_OPERATIONAL_COLUMN","manifestos","N/A","UNRESOLVED_SOURCE_PATH","NVARCHAR(10)","NOT_PRESENT_OR_UNRESOLVED","core.manifestos.pending_vehicle_plate","","VINCULO_INDIVIDUAL_CONDICIONADO","G03/G04"
"V1-MANIFESTOS-015","V1_OPERATIONAL_COLUMN","manifestos","N/A","UNRESOLVED_SOURCE_PATH","NVARCHAR(255)","NOT_PRESENT_OR_UNRESOLVED","core.manifestos.pending_vehicle_type","","VINCULO_INDIVIDUAL_CONDICIONADO","G03/G04"
"V1-MANIFESTOS-016","V1_OPERATIONAL_COLUMN","manifestos","N/A","UNRESOLVED_SOURCE_PATH","NVARCHAR(255)","NOT_PRESENT_OR_UNRESOLVED","core.manifestos.pending_vehicle_owner","","VINCULO_INDIVIDUAL_CONDICIONADO","G03/G04"
"V1-MANIFESTOS-017","V1_OPERATIONAL_COLUMN","manifestos","N/A","UNRESOLVED_SOURCE_PATH","NVARCHAR(255)","NOT_PRESENT_OR_UNRESOLVED","core.manifestos.pending_driver_name","","VINCULO_INDIVIDUAL_CONDICIONADO","G03/G04"
"V1-MANIFESTOS-018","V1_OPERATIONAL_COLUMN","manifestos","N/A","UNRESOLVED_SOURCE_PATH","NVARCHAR(255)","NOT_PRESENT_OR_UNRESOLVED","core.manifestos.pending_branch_nickname","","VINCULO_INDIVIDUAL_CONDICIONADO","G03/G04"
"V1-MANIFESTOS-019","V1_OPERATIONAL_COLUMN","manifestos","N/A","/data/vehicle_departure_km","INT","NOT_PRESENT_OR_UNRESOLVED","core.manifestos.root_observation.vehicle_departure_km","","MAPEAMENTO_LOCAL_DECLARADO","G03/G04"
"V1-MANIFESTOS-020","V1_OPERATIONAL_COLUMN","manifestos","N/A","/data/closing_km","INT","NOT_PRESENT_OR_UNRESOLVED","core.manifestos.root_observation.closing_km","","MAPEAMENTO_LOCAL_DECLARADO","G03/G04"
"V1-MANIFESTOS-021","V1_OPERATIONAL_COLUMN","manifestos","N/A","/data/traveled_km","INT","NOT_PRESENT_OR_UNRESOLVED","core.manifestos.root_observation.traveled_km","","MAPEAMENTO_LOCAL_DECLARADO","G03/G04"
"V1-MANIFESTOS-022","V1_OPERATIONAL_COLUMN","manifestos","N/A","/data/invoices_count","INT","NOT_PRESENT_OR_UNRESOLVED","core.manifestos.root_observation.invoices_count","","MAPEAMENTO_LOCAL_DECLARADO","G03/G04"
"V1-MANIFESTOS-023","V1_OPERATIONAL_COLUMN","manifestos","N/A","/data/invoices_volumes","INT","NOT_PRESENT_OR_UNRESOLVED","core.manifestos.root_observation.invoices_volumes","","MAPEAMENTO_LOCAL_DECLARADO","G03/G04"
"V1-MANIFESTOS-024","V1_OPERATIONAL_COLUMN","manifestos","N/A","/data/invoices_weight","DECIMAL(18,3)","NOT_PRESENT_OR_UNRESOLVED","core.manifestos.root_observation.invoices_weight","","MAPEAMENTO_LOCAL_DECLARADO","G03/G04"
"V1-MANIFESTOS-025","V1_OPERATIONAL_COLUMN","manifestos","N/A","/data/total_taxed_weight","DECIMAL(18,3)","NOT_PRESENT_OR_UNRESOLVED","core.manifestos.root_observation.total_taxed_weight","","MAPEAMENTO_LOCAL_DECLARADO","G03/G04"
"V1-MANIFESTOS-026","V1_OPERATIONAL_COLUMN","manifestos","N/A","/data/total_cubic_volume","DECIMAL(18,6)","NOT_PRESENT_OR_UNRESOLVED","core.manifestos.root_observation.total_cubic_volume","","MAPEAMENTO_LOCAL_DECLARADO","G03/G04"
"V1-MANIFESTOS-027","V1_OPERATIONAL_COLUMN","manifestos","N/A","/data/invoices_value","DECIMAL(18,2)","NOT_PRESENT_OR_UNRESOLVED","core.manifestos.root_observation.invoices_value","","MAPEAMENTO_LOCAL_DECLARADO","G03/G04"
"V1-MANIFESTOS-028","V1_OPERATIONAL_COLUMN","manifestos","N/A","/data/manifest_freights_total","DECIMAL(18,2)","NOT_PRESENT_OR_UNRESOLVED","core.manifestos.root_observation.manifest_freights_total","","MAPEAMENTO_LOCAL_DECLARADO","G03/G04"
"V1-MANIFESTOS-029","V1_OPERATIONAL_COLUMN","manifestos","N/A","/data/mft_pfs_pck_sequence_code","BIGINT","NOT_PRESENT_OR_UNRESOLVED","core.manifestos.pick_child_observation.mft_pfs_pck_sequence_code","","MAPEAMENTO_LOCAL_DECLARADO","G03/G04"
"V1-MANIFESTOS-030","V1_OPERATIONAL_COLUMN","manifestos","N/A","UNRESOLVED_SOURCE_PATH","NVARCHAR(50)","NOT_PRESENT_OR_UNRESOLVED","core.manifestos.pending_contract_number","","RASTREADO_POR_EXPRESSAO_SQL_LOCAL","G03/G04"
"V1-MANIFESTOS-031","V1_OPERATIONAL_COLUMN","manifestos","N/A","/data/contract_type","NVARCHAR(50)","NOT_PRESENT_OR_UNRESOLVED","core.manifestos.root_observation.contract_type","","MAPEAMENTO_LOCAL_DECLARADO","G03/G04"
"V1-MANIFESTOS-032","V1_OPERATIONAL_COLUMN","manifestos","N/A","UNRESOLVED_SOURCE_PATH","NVARCHAR(50)","NOT_PRESENT_OR_UNRESOLVED","core.manifestos.pending_driver_contract_type","","VINCULO_INDIVIDUAL_CONDICIONADO","G03/G04"
"V1-MANIFESTOS-033","V1_OPERATIONAL_COLUMN","manifestos","N/A","/data/calculation_type","NVARCHAR(50)","NOT_PRESENT_OR_UNRESOLVED","core.manifestos.root_observation.calculation_type","","MAPEAMENTO_LOCAL_DECLARADO","G03/G04"
"V1-MANIFESTOS-034","V1_OPERATIONAL_COLUMN","manifestos","N/A","/data/cargo_type","NVARCHAR(255)","NOT_PRESENT_OR_UNRESOLVED","core.manifestos.root_observation.cargo_type","","MAPEAMENTO_LOCAL_DECLARADO","G03/G04"
"V1-MANIFESTOS-035","V1_OPERATIONAL_COLUMN","manifestos","N/A","/data/daily_subtotal","DECIMAL(18,2)","NOT_PRESENT_OR_UNRESOLVED","core.manifestos.root_observation.daily_subtotal","","MAPEAMENTO_LOCAL_DECLARADO","G03/G04"
"V1-MANIFESTOS-036","V1_OPERATIONAL_COLUMN","manifestos","N/A","/data/total_cost","DECIMAL(18,2)","NOT_PRESENT_OR_UNRESOLVED","core.manifestos.root_observation.total_cost","","MAPEAMENTO_LOCAL_DECLARADO","G03/G04"
"V1-MANIFESTOS-037","V1_OPERATIONAL_COLUMN","manifestos","N/A","/data/freight_subtotal","DECIMAL(18,2)","NOT_PRESENT_OR_UNRESOLVED","core.manifestos.root_observation.freight_subtotal","","MAPEAMENTO_LOCAL_DECLARADO","G03/G04"
"V1-MANIFESTOS-038","V1_OPERATIONAL_COLUMN","manifestos","N/A","/data/fuel_subtotal","DECIMAL(18,2)","NOT_PRESENT_OR_UNRESOLVED","core.manifestos.root_observation.fuel_subtotal","","MAPEAMENTO_LOCAL_DECLARADO","G03/G04"
"V1-MANIFESTOS-039","V1_OPERATIONAL_COLUMN","manifestos","N/A","/data/toll_subtotal","DECIMAL(18,2)","NOT_PRESENT_OR_UNRESOLVED","core.manifestos.root_observation.toll_subtotal","","MAPEAMENTO_LOCAL_DECLARADO","G03/G04"
"V1-MANIFESTOS-040","V1_OPERATIONAL_COLUMN","manifestos","N/A","/data/driver_services_total","DECIMAL(18,2)","NOT_PRESENT_OR_UNRESOLVED","core.manifestos.root_observation.driver_services_total","","MAPEAMENTO_LOCAL_DECLARADO","G03/G04"
"V1-MANIFESTOS-041","V1_OPERATIONAL_COLUMN","manifestos","N/A","/data/operational_expenses_total","DECIMAL(18,2)","NOT_PRESENT_OR_UNRESOLVED","core.manifestos.root_observation.operational_expenses_total","","MAPEAMENTO_LOCAL_DECLARADO","G03/G04"
"V1-MANIFESTOS-042","V1_OPERATIONAL_COLUMN","manifestos","N/A","UNRESOLVED_SOURCE_PATH","DECIMAL(18,2)","NOT_PRESENT_OR_UNRESOLVED","core.manifestos.pending_inss_value","","RASTREADO_POR_EXPRESSAO_SQL_LOCAL","G03/G04"
"V1-MANIFESTOS-043","V1_OPERATIONAL_COLUMN","manifestos","N/A","UNRESOLVED_SOURCE_PATH","DECIMAL(18,2)","NOT_PRESENT_OR_UNRESOLVED","core.manifestos.pending_sest_senat_value","","RASTREADO_POR_EXPRESSAO_SQL_LOCAL","G03/G04"
"V1-MANIFESTOS-044","V1_OPERATIONAL_COLUMN","manifestos","N/A","UNRESOLVED_SOURCE_PATH","DECIMAL(18,2)","NOT_PRESENT_OR_UNRESOLVED","core.manifestos.pending_ir_value","","RASTREADO_POR_EXPRESSAO_SQL_LOCAL","G03/G04"
"V1-MANIFESTOS-045","V1_OPERATIONAL_COLUMN","manifestos","N/A","/data/paying_total","DECIMAL(18,2)","NOT_PRESENT_OR_UNRESOLVED","core.manifestos.root_observation.paying_total","","MAPEAMENTO_LOCAL_DECLARADO","G03/G04"
"V1-MANIFESTOS-046","V1_OPERATIONAL_COLUMN","manifestos","N/A","/data/manual_km","BIT","NOT_PRESENT_OR_UNRESOLVED","core.manifestos.root_observation.manual_km","","MAPEAMENTO_LOCAL_DECLARADO","G03/G04"
"V1-MANIFESTOS-047","V1_OPERATIONAL_COLUMN","manifestos","N/A","/data/generate_mdfe","BIT","NOT_PRESENT_OR_UNRESOLVED","core.manifestos.root_observation.generate_mdfe","","MAPEAMENTO_LOCAL_DECLARADO","G03/G04"
"V1-MANIFESTOS-048","V1_OPERATIONAL_COLUMN","manifestos","N/A","/data/monitoring_request","BIT","NOT_PRESENT_OR_UNRESOLVED","core.manifestos.root_observation.monitoring_request","","MAPEAMENTO_LOCAL_DECLARADO","G03/G04"
"V1-MANIFESTOS-049","V1_OPERATIONAL_COLUMN","manifestos","N/A","/data/uniq_destinations_count","INT","NOT_PRESENT_OR_UNRESOLVED","core.manifestos.root_observation.uniq_destinations_count","","MAPEAMENTO_LOCAL_DECLARADO","G03/G04"
"V1-MANIFESTOS-050","V1_OPERATIONAL_COLUMN","manifestos","N/A","/data/mobile_read_at","DATETIMEOFFSET","NOT_PRESENT_OR_UNRESOLVED","core.manifestos.root_observation.mobile_read_at","","MAPEAMENTO_LOCAL_DECLARADO","G03/G04"
"V1-MANIFESTOS-051","V1_OPERATIONAL_COLUMN","manifestos","N/A","/data/km","DECIMAL(18,2)","NOT_PRESENT_OR_UNRESOLVED","core.manifestos.root_observation.km","","MAPEAMENTO_LOCAL_DECLARADO","G03/G04"
"V1-MANIFESTOS-052","V1_OPERATIONAL_COLUMN","manifestos","N/A","/data/delivery_manifest_items_count","INT","NOT_PRESENT_OR_UNRESOLVED","core.manifestos.root_observation.delivery_manifest_items_count","","MAPEAMENTO_LOCAL_DECLARADO","G03/G04"
"V1-MANIFESTOS-053","V1_OPERATIONAL_COLUMN","manifestos","N/A","/data/transfer_manifest_items_count","INT","NOT_PRESENT_OR_UNRESOLVED","core.manifestos.root_observation.transfer_manifest_items_count","","MAPEAMENTO_LOCAL_DECLARADO","G03/G04"
"V1-MANIFESTOS-054","V1_OPERATIONAL_COLUMN","manifestos","N/A","/data/pick_manifest_items_count","INT","NOT_PRESENT_OR_UNRESOLVED","core.manifestos.root_observation.pick_manifest_items_count","","MAPEAMENTO_LOCAL_DECLARADO","G03/G04"
"V1-MANIFESTOS-055","V1_OPERATIONAL_COLUMN","manifestos","N/A","/data/dispatch_draft_manifest_items_count","INT","NOT_PRESENT_OR_UNRESOLVED","core.manifestos.root_observation.dispatch_draft_manifest_items_count","","MAPEAMENTO_LOCAL_DECLARADO","G03/G04"
"V1-MANIFESTOS-056","V1_OPERATIONAL_COLUMN","manifestos","N/A","/data/consolidation_manifest_items_count","INT","NOT_PRESENT_OR_UNRESOLVED","core.manifestos.root_observation.consolidation_manifest_items_count","","MAPEAMENTO_LOCAL_DECLARADO","G03/G04"
"V1-MANIFESTOS-057","V1_OPERATIONAL_COLUMN","manifestos","N/A","/data/reverse_pick_manifest_items_count","INT","NOT_PRESENT_OR_UNRESOLVED","core.manifestos.root_observation.reverse_pick_manifest_items_count","","MAPEAMENTO_LOCAL_DECLARADO","G03/G04"
"V1-MANIFESTOS-058","V1_OPERATIONAL_COLUMN","manifestos","N/A","/data/manifest_items_count","INT","NOT_PRESENT_OR_UNRESOLVED","core.manifestos.root_observation.manifest_items_count","","MAPEAMENTO_LOCAL_DECLARADO","G03/G04"
"V1-MANIFESTOS-059","V1_OPERATIONAL_COLUMN","manifestos","N/A","/data/finalized_manifest_items_count","INT","NOT_PRESENT_OR_UNRESOLVED","core.manifestos.root_observation.finalized_manifest_items_count","","MAPEAMENTO_LOCAL_DECLARADO","G03/G04"
"V1-MANIFESTOS-060","V1_OPERATIONAL_COLUMN","manifestos","N/A","/data/calculated_pick_count","INT","NOT_PRESENT_OR_UNRESOLVED","core.manifestos.root_observation.calculated_pick_count","","MAPEAMENTO_LOCAL_DECLARADO","G03/G04"
"V1-MANIFESTOS-061","V1_OPERATIONAL_COLUMN","manifestos","N/A","/data/calculated_delivery_count","INT","NOT_PRESENT_OR_UNRESOLVED","core.manifestos.root_observation.calculated_delivery_count","","MAPEAMENTO_LOCAL_DECLARADO","G03/G04"
"V1-MANIFESTOS-062","V1_OPERATIONAL_COLUMN","manifestos","N/A","/data/calculated_dispatch_count","INT","NOT_PRESENT_OR_UNRESOLVED","core.manifestos.root_observation.calculated_dispatch_count","","MAPEAMENTO_LOCAL_DECLARADO","G03/G04"
"V1-MANIFESTOS-063","V1_OPERATIONAL_COLUMN","manifestos","N/A","/data/calculated_consolidation_count","INT","NOT_PRESENT_OR_UNRESOLVED","core.manifestos.root_observation.calculated_consolidation_count","","MAPEAMENTO_LOCAL_DECLARADO","G03/G04"
"V1-MANIFESTOS-064","V1_OPERATIONAL_COLUMN","manifestos","N/A","/data/calculated_reverse_pick_count","INT","NOT_PRESENT_OR_UNRESOLVED","core.manifestos.root_observation.calculated_reverse_pick_count","","MAPEAMENTO_LOCAL_DECLARADO","G03/G04"
"V1-MANIFESTOS-065","V1_OPERATIONAL_COLUMN","manifestos","N/A","/data/pick_subtotal","DECIMAL(18,2)","NOT_PRESENT_OR_UNRESOLVED","core.manifestos.root_observation.pick_subtotal","","MAPEAMENTO_LOCAL_DECLARADO","G03/G04"
"V1-MANIFESTOS-066","V1_OPERATIONAL_COLUMN","manifestos","N/A","/data/delivery_subtotal","DECIMAL(18,2)","NOT_PRESENT_OR_UNRESOLVED","core.manifestos.root_observation.delivery_subtotal","","MAPEAMENTO_LOCAL_DECLARADO","G03/G04"
"V1-MANIFESTOS-067","V1_OPERATIONAL_COLUMN","manifestos","N/A","/data/dispatch_subtotal","DECIMAL(18,2)","NOT_PRESENT_OR_UNRESOLVED","core.manifestos.root_observation.dispatch_subtotal","","MAPEAMENTO_LOCAL_DECLARADO","G03/G04"
"V1-MANIFESTOS-068","V1_OPERATIONAL_COLUMN","manifestos","N/A","/data/consolidation_subtotal","DECIMAL(18,2)","NOT_PRESENT_OR_UNRESOLVED","core.manifestos.root_observation.consolidation_subtotal","","MAPEAMENTO_LOCAL_DECLARADO","G03/G04"
"V1-MANIFESTOS-069","V1_OPERATIONAL_COLUMN","manifestos","N/A","/data/reverse_pick_subtotal","DECIMAL(18,2)","NOT_PRESENT_OR_UNRESOLVED","core.manifestos.root_observation.reverse_pick_subtotal","","MAPEAMENTO_LOCAL_DECLARADO","G03/G04"
"V1-MANIFESTOS-070","V1_OPERATIONAL_COLUMN","manifestos","N/A","/data/advance_subtotal","DECIMAL(18,2)","NOT_PRESENT_OR_UNRESOLVED","core.manifestos.root_observation.advance_subtotal","","MAPEAMENTO_LOCAL_DECLARADO","G03/G04"
"V1-MANIFESTOS-071","V1_OPERATIONAL_COLUMN","manifestos","N/A","/data/fleet_costs_subtotal","DECIMAL(18,2)","NOT_PRESENT_OR_UNRESOLVED","core.manifestos.root_observation.fleet_costs_subtotal","","MAPEAMENTO_LOCAL_DECLARADO","G03/G04"
"V1-MANIFESTOS-072","V1_OPERATIONAL_COLUMN","manifestos","N/A","/data/additionals_subtotal","DECIMAL(18,2)","NOT_PRESENT_OR_UNRESOLVED","core.manifestos.root_observation.additionals_subtotal","","MAPEAMENTO_LOCAL_DECLARADO","G03/G04"
"V1-MANIFESTOS-073","V1_OPERATIONAL_COLUMN","manifestos","N/A","/data/discounts_subtotal","DECIMAL(18,2)","NOT_PRESENT_OR_UNRESOLVED","core.manifestos.root_observation.discounts_subtotal","","MAPEAMENTO_LOCAL_DECLARADO","G03/G04"
"V1-MANIFESTOS-074","V1_OPERATIONAL_COLUMN","manifestos","N/A","/data/discount_value","DECIMAL(18,2)","NOT_PRESENT_OR_UNRESOLVED","core.manifestos.root_observation.discount_value","","MAPEAMENTO_LOCAL_DECLARADO","G03/G04"
"V1-MANIFESTOS-075","V1_OPERATIONAL_COLUMN","manifestos","N/A","UNRESOLVED_SOURCE_PATH","NVARCHAR(MAX)","NOT_PRESENT_OR_UNRESOLVED","core.manifestos.pending_adjustment_comments","","VINCULO_INDIVIDUAL_CONDICIONADO","G03/G04"
"V1-MANIFESTOS-076","V1_OPERATIONAL_COLUMN","manifestos","N/A","UNRESOLVED_SOURCE_PATH","NVARCHAR(50)","NOT_PRESENT_OR_UNRESOLVED","core.manifestos.pending_contract_status","","VINCULO_INDIVIDUAL_CONDICIONADO","G03/G04"
"V1-MANIFESTOS-077","V1_OPERATIONAL_COLUMN","manifestos","N/A","UNRESOLVED_SOURCE_PATH","NVARCHAR(100)","NOT_PRESENT_OR_UNRESOLVED","core.manifestos.pending_iks_id","","RASTREADO_POR_EXPRESSAO_SQL_LOCAL","G03/G04"
"V1-MANIFESTOS-078","V1_OPERATIONAL_COLUMN","manifestos","N/A","UNRESOLVED_SOURCE_PATH","NVARCHAR(50)","NOT_PRESENT_OR_UNRESOLVED","crosswalk.manifestos.alias_programacao_sequence_code","","RASTREADO_POR_EXPRESSAO_SQL_LOCAL","G03/G04"
"V1-MANIFESTOS-079","V1_OPERATIONAL_COLUMN","manifestos","N/A","UNRESOLVED_SOURCE_PATH","DATETIMEOFFSET","NOT_PRESENT_OR_UNRESOLVED","core.manifestos.pending_programacao_starting_at","","VINCULO_INDIVIDUAL_CONDICIONADO","G03/G04"
"V1-MANIFESTOS-080","V1_OPERATIONAL_COLUMN","manifestos","N/A","UNRESOLVED_SOURCE_PATH","DATETIMEOFFSET","NOT_PRESENT_OR_UNRESOLVED","core.manifestos.pending_programacao_ending_at","","VINCULO_INDIVIDUAL_CONDICIONADO","G03/G04"
"V1-MANIFESTOS-081","V1_OPERATIONAL_COLUMN","manifestos","N/A","UNRESOLVED_SOURCE_PATH","NVARCHAR(10)","NOT_PRESENT_OR_UNRESOLVED","core.manifestos.pending_trailer1_license_plate","","VINCULO_INDIVIDUAL_CONDICIONADO","G03/G04"
"V1-MANIFESTOS-082","V1_OPERATIONAL_COLUMN","manifestos","N/A","UNRESOLVED_SOURCE_PATH","DECIMAL(18,2)","NOT_PRESENT_OR_UNRESOLVED","core.manifestos.pending_trailer1_weight_capacity","","VINCULO_INDIVIDUAL_CONDICIONADO","G03/G04"
"V1-MANIFESTOS-083","V1_OPERATIONAL_COLUMN","manifestos","N/A","UNRESOLVED_SOURCE_PATH","NVARCHAR(10)","NOT_PRESENT_OR_UNRESOLVED","core.manifestos.pending_trailer2_license_plate","","VINCULO_INDIVIDUAL_CONDICIONADO","G03/G04"
"V1-MANIFESTOS-084","V1_OPERATIONAL_COLUMN","manifestos","N/A","UNRESOLVED_SOURCE_PATH","DECIMAL(18,2)","NOT_PRESENT_OR_UNRESOLVED","core.manifestos.pending_trailer2_weight_capacity","","VINCULO_INDIVIDUAL_CONDICIONADO","G03/G04"
"V1-MANIFESTOS-085","V1_OPERATIONAL_COLUMN","manifestos","N/A","/data/mft_vie_weight_capacity","DECIMAL(18,2)","NOT_PRESENT_OR_UNRESOLVED","core.manifestos.root_observation.vehicle_weight_capacity","","MAPEAMENTO_LOCAL_DECLARADO","G03/G04"
"V1-MANIFESTOS-086","V1_OPERATIONAL_COLUMN","manifestos","N/A","UNRESOLVED_SOURCE_PATH","DECIMAL(18,2)","NOT_PRESENT_OR_UNRESOLVED","core.manifestos.pending_vehicle_cubic_weight","","VINCULO_INDIVIDUAL_CONDICIONADO","G03/G04"
"V1-MANIFESTOS-087","V1_OPERATIONAL_COLUMN","manifestos","N/A","/data/mft_vie_weight_capacity","DECIMAL(18,2)","NOT_PRESENT_OR_UNRESOLVED","core.manifestos.root_observation.capacidade_kg","","MAPEAMENTO_LOCAL_DECLARADO","G03/G04"
"V1-MANIFESTOS-088","V1_OPERATIONAL_COLUMN","manifestos","N/A","UNRESOLVED_SOURCE_PATH","NVARCHAR(MAX)","NOT_PRESENT_OR_UNRESOLVED","core.manifestos.pending_obs_operacional","","RASTREADO_POR_EXPRESSAO_SQL_LOCAL","G03/G04"
"V1-MANIFESTOS-089","V1_OPERATIONAL_COLUMN","manifestos","N/A","UNRESOLVED_SOURCE_PATH","NVARCHAR(MAX)","NOT_PRESENT_OR_UNRESOLVED","core.manifestos.pending_obs_financeira","","RASTREADO_POR_EXPRESSAO_SQL_LOCAL","G03/G04"
"V1-MANIFESTOS-090","V1_OPERATIONAL_COLUMN","manifestos","N/A","UNRESOLVED_SOURCE_PATH","NVARCHAR(MAX)","NOT_PRESENT_OR_UNRESOLVED","core.manifestos.pending_unloading_recipient_names","","VINCULO_INDIVIDUAL_CONDICIONADO","G03/G04"
"V1-MANIFESTOS-091","V1_OPERATIONAL_COLUMN","manifestos","N/A","UNRESOLVED_SOURCE_PATH","NVARCHAR(MAX)","NOT_PRESENT_OR_UNRESOLVED","core.manifestos.pending_delivery_region_names","","VINCULO_INDIVIDUAL_CONDICIONADO","G03/G04"
"V1-MANIFESTOS-092","V1_OPERATIONAL_COLUMN","manifestos","N/A","UNRESOLVED_SOURCE_PATH","NVARCHAR(255)","NOT_PRESENT_OR_UNRESOLVED","core.manifestos.pending_programacao_cliente","","RASTREADO_POR_EXPRESSAO_SQL_LOCAL","G03/G04"
"V1-MANIFESTOS-093","V1_OPERATIONAL_COLUMN","manifestos","N/A","UNRESOLVED_SOURCE_PATH","NVARCHAR(255)","NOT_PRESENT_OR_UNRESOLVED","core.manifestos.pending_programacao_tipo_servico","","RASTREADO_POR_EXPRESSAO_SQL_LOCAL","G03/G04"
"V1-MANIFESTOS-094","V1_OPERATIONAL_COLUMN","manifestos","N/A","UNRESOLVED_SOURCE_PATH","NVARCHAR(255)","NOT_PRESENT_OR_UNRESOLVED","core.manifestos.pending_creation_user_name","","VINCULO_INDIVIDUAL_CONDICIONADO","G03/G04"
"V1-MANIFESTOS-095","V1_OPERATIONAL_COLUMN","manifestos","N/A","UNRESOLVED_SOURCE_PATH","NVARCHAR(255)","NOT_PRESENT_OR_UNRESOLVED","core.manifestos.pending_adjustment_user_name","","VINCULO_INDIVIDUAL_CONDICIONADO","G03/G04"
"V1-MANIFESTOS-096","V1_OPERATIONAL_COLUMN","manifestos","N/A","MULTIPLE_UNTYPED_FIELDS","NVARCHAR(MAX)","NOT_PRESENT_OR_UNRESOLVED","recon.field_presence_and_provenance","","RETIRADA_PRESERVADA","G03/G04"
"V1-MANIFESTOS-097","V1_OPERATIONAL_COLUMN","manifestos","N/A","LEGACY_DERIVED_IDENTIFIER_NO_SOURCE_PATH","AS(
CAST(SEQUENCE_CODEASVARCHAR(20)","NOT_PRESENT_OR_UNRESOLVED","recon.manifestos_legacy_identity_heuristic_evidence","","RETIRADA_PRESERVADA","G03/G04"
"V1-MANIFESTOS-098","V1_OPERATIONAL_COLUMN","manifestos","N/A","DERIVED_BY_PIPELINE","DATETIME2","NOT_PRESENT_OR_UNRESOLVED","ctl/recon derived audit state","","RASTREADO_POR_EXPRESSAO_SQL_LOCAL","G03/G04"
"V1-MANIFESTOS-099","V1_OPERATIONAL_COLUMN","manifestos","N/A","DERIVED_BY_PIPELINE","BIT","NOT_PRESENT_OR_UNRESOLVED","ctl/recon derived audit state","","VINCULO_INDIVIDUAL_CONDICIONADO","G03/G04"
"V1-MANIFESTOS-100","V1_OPERATIONAL_COLUMN","manifestos","N/A","DERIVED_BY_PIPELINE","DATETIME2(0)","NOT_PRESENT_OR_UNRESOLVED","ctl/recon derived audit state","","VINCULO_INDIVIDUAL_CONDICIONADO","G03/G04"
"V1-SINISTROS-001","V1_OPERATIONAL_COLUMN","sinistros","N/A","UNRESOLVED_SOURCE_PATH","NVARCHAR(64)","NOT_PRESENT_OR_UNRESOLVED","core.sinistros.pending_identificador_unico","","RASTREADO_POR_EXPRESSAO_SQL_LOCAL","G03/G04"
"V1-SINISTROS-002","V1_OPERATIONAL_COLUMN","sinistros","N/A","/data/sequence_code","BIGINT","NOT_PRESENT_OR_UNRESOLVED","core.sinistros.sequence_code","","MAPEAMENTO_LOCAL_DECLARADO","G03/G04"
"V1-SINISTROS-003","V1_OPERATIONAL_COLUMN","sinistros","N/A","/data/opening_at_date","DATE","NOT_PRESENT_OR_UNRESOLVED","core.sinistros.opening_at_date","","MAPEAMENTO_LOCAL_DECLARADO","G03/G04"
"V1-SINISTROS-004","V1_OPERATIONAL_COLUMN","sinistros","N/A","/data/occurrence_at_date","DATE","NOT_PRESENT_OR_UNRESOLVED","crosswalk.sinistros.pending_relation_occurrence_at_date","","MAPEAMENTO_LOCAL_DECLARADO","G03/G04"
"V1-SINISTROS-005","V1_OPERATIONAL_COLUMN","sinistros","N/A","/data/occurrence_at_time","NVARCHAR(20)","NOT_PRESENT_OR_UNRESOLVED","crosswalk.sinistros.pending_relation_occurrence_at_time","","MAPEAMENTO_LOCAL_DECLARADO","G03/G04"
"V1-SINISTROS-006","V1_OPERATIONAL_COLUMN","sinistros","N/A","/data/expected_solution_date","DATE","NOT_PRESENT_OR_UNRESOLVED","core.sinistros.expected_solution_date","","MAPEAMENTO_LOCAL_DECLARADO","G03/G04"
"V1-SINISTROS-007","V1_OPERATIONAL_COLUMN","sinistros","N/A","/data/insurance_claim_location","NVARCHAR(255)","NOT_PRESENT_OR_UNRESOLVED","core.sinistros.insurance_claim_location","","MAPEAMENTO_LOCAL_DECLARADO","G03/G04"
"V1-SINISTROS-008","V1_OPERATIONAL_COLUMN","sinistros","N/A","/data/informed_by","NVARCHAR(255)","NOT_PRESENT_OR_UNRESOLVED","core.sinistros.informed_by","","MAPEAMENTO_LOCAL_DECLARADO","G03/G04"
"V1-SINISTROS-009","V1_OPERATIONAL_COLUMN","sinistros","N/A","/data/finished_at_date","DATE","NOT_PRESENT_OR_UNRESOLVED","core.sinistros.finished_at_date","","MAPEAMENTO_LOCAL_DECLARADO","G03/G04"
"V1-SINISTROS-010","V1_OPERATIONAL_COLUMN","sinistros","N/A","/data/finished_at_time","NVARCHAR(20)","NOT_PRESENT_OR_UNRESOLVED","core.sinistros.finished_at_time","","MAPEAMENTO_LOCAL_DECLARADO","G03/G04"
"V1-SINISTROS-011","V1_OPERATIONAL_COLUMN","sinistros","N/A","/data/invoices_count","INT","NOT_PRESENT_OR_UNRESOLVED","crosswalk.sinistros.pending_relation_invoices_count","","MAPEAMENTO_LOCAL_DECLARADO","G03/G04"
"V1-SINISTROS-012","V1_OPERATIONAL_COLUMN","sinistros","N/A","UNRESOLVED_SOURCE_PATH","BIGINT","NOT_PRESENT_OR_UNRESOLVED","crosswalk.sinistros.alias_corporation_sequence_number","","RASTREADO_POR_EXPRESSAO_SQL_LOCAL","G03/G04"
"V1-SINISTROS-013","V1_OPERATIONAL_COLUMN","sinistros","N/A","UNRESOLVED_SOURCE_PATH","BIGINT","NOT_PRESENT_OR_UNRESOLVED","crosswalk.sinistros.pending_relation_insurance_occurrence_number","","RASTREADO_POR_EXPRESSAO_SQL_LOCAL","G03/G04"
"V1-SINISTROS-014","V1_OPERATIONAL_COLUMN","sinistros","N/A","/data/invoices_volumes","INT","NOT_PRESENT_OR_UNRESOLVED","crosswalk.sinistros.pending_relation_invoices_volumes","","MAPEAMENTO_LOCAL_DECLARADO","G03/G04"
"V1-SINISTROS-015","V1_OPERATIONAL_COLUMN","sinistros","N/A","/data/invoices_weight","DECIMAL(18,3)","NOT_PRESENT_OR_UNRESOLVED","crosswalk.sinistros.pending_relation_invoices_weight","","MAPEAMENTO_LOCAL_DECLARADO","G03/G04"
"V1-SINISTROS-016","V1_OPERATIONAL_COLUMN","sinistros","N/A","/data/invoices_value","DECIMAL(18,2)","NOT_PRESENT_OR_UNRESOLVED","crosswalk.sinistros.pending_relation_invoices_value","","MAPEAMENTO_LOCAL_DECLARADO","G03/G04"
"V1-SINISTROS-017","V1_OPERATIONAL_COLUMN","sinistros","N/A","UNRESOLVED_SOURCE_PATH","NVARCHAR(255)","NOT_PRESENT_OR_UNRESOLVED","core.sinistros.pending_payer_nickname","","RASTREADO_POR_EXPRESSAO_SQL_LOCAL","G03/G04"
"V1-SINISTROS-018","V1_OPERATIONAL_COLUMN","sinistros","N/A","/data/customer_debits_subtotal","DECIMAL(18,2)","NOT_PRESENT_OR_UNRESOLVED","core.sinistros.customer_debits_subtotal","","MAPEAMENTO_LOCAL_DECLARADO","G03/G04"
"V1-SINISTROS-019","V1_OPERATIONAL_COLUMN","sinistros","N/A","/data/customer_credit_entries_subtotal","DECIMAL(18,2)","NOT_PRESENT_OR_UNRESOLVED","core.sinistros.customer_credit_entries_subtotal","","MAPEAMENTO_LOCAL_DECLARADO","G03/G04"
"V1-SINISTROS-020","V1_OPERATIONAL_COLUMN","sinistros","N/A","/data/responsible_credits_subtotal","DECIMAL(18,2)","NOT_PRESENT_OR_UNRESOLVED","core.sinistros.responsible_credits_subtotal","","MAPEAMENTO_LOCAL_DECLARADO","G03/G04"
"V1-SINISTROS-021","V1_OPERATIONAL_COLUMN","sinistros","N/A","/data/responsible_debit_entries_subtotal","DECIMAL(18,2)","NOT_PRESENT_OR_UNRESOLVED","core.sinistros.responsible_debit_entries_subtotal","","MAPEAMENTO_LOCAL_DECLARADO","G03/G04"
"V1-SINISTROS-022","V1_OPERATIONAL_COLUMN","sinistros","N/A","/data/insurer_credits_subtotal","DECIMAL(18,2)","NOT_PRESENT_OR_UNRESOLVED","core.sinistros.insurer_credits_subtotal","","MAPEAMENTO_LOCAL_DECLARADO","G03/G04"
"V1-SINISTROS-023","V1_OPERATIONAL_COLUMN","sinistros","N/A","/data/insurance_claim_total","DECIMAL(18,2)","NOT_PRESENT_OR_UNRESOLVED","core.sinistros.insurance_claim_total","","MAPEAMENTO_LOCAL_DECLARADO","G03/G04"
"V1-SINISTROS-024","V1_OPERATIONAL_COLUMN","sinistros","N/A","UNRESOLVED_SOURCE_PATH","NVARCHAR(255)","NOT_PRESENT_OR_UNRESOLVED","core.sinistros.pending_branch_nickname","","RASTREADO_POR_EXPRESSAO_SQL_LOCAL","G03/G04"
"V1-SINISTROS-025","V1_OPERATIONAL_COLUMN","sinistros","N/A","UNRESOLVED_SOURCE_PATH","NVARCHAR(255)","NOT_PRESENT_OR_UNRESOLVED","core.sinistros.pending_event_name","","RASTREADO_POR_EXPRESSAO_SQL_LOCAL","G03/G04"
"V1-SINISTROS-026","V1_OPERATIONAL_COLUMN","sinistros","N/A","UNRESOLVED_SOURCE_PATH","NVARCHAR(255)","NOT_PRESENT_OR_UNRESOLVED","core.sinistros.pending_user_name","","RASTREADO_POR_EXPRESSAO_SQL_LOCAL","G03/G04"
"V1-SINISTROS-027","V1_OPERATIONAL_COLUMN","sinistros","N/A","UNRESOLVED_SOURCE_PATH","NVARCHAR(20)","NOT_PRESENT_OR_UNRESOLVED","core.sinistros.pending_vehicle_plate","","RASTREADO_POR_EXPRESSAO_SQL_LOCAL","G03/G04"
"V1-SINISTROS-028","V1_OPERATIONAL_COLUMN","sinistros","N/A","UNRESOLVED_SOURCE_PATH","NVARCHAR(500)","NOT_PRESENT_OR_UNRESOLVED","crosswalk.sinistros.pending_relation_occurrence_description","","RASTREADO_POR_EXPRESSAO_SQL_LOCAL","G03/G04"
"V1-SINISTROS-029","V1_OPERATIONAL_COLUMN","sinistros","N/A","UNRESOLVED_SOURCE_PATH","NVARCHAR(100)","NOT_PRESENT_OR_UNRESOLVED","crosswalk.sinistros.pending_relation_occurrence_code","","RASTREADO_POR_EXPRESSAO_SQL_LOCAL","G03/G04"
"V1-SINISTROS-030","V1_OPERATIONAL_COLUMN","sinistros","N/A","UNRESOLVED_SOURCE_PATH","DATETIMEOFFSET","NOT_PRESENT_OR_UNRESOLVED","core.sinistros.pending_treatment_at","","RASTREADO_POR_EXPRESSAO_SQL_LOCAL","G03/G04"
"V1-SINISTROS-031","V1_OPERATIONAL_COLUMN","sinistros","N/A","UNRESOLVED_SOURCE_PATH","NVARCHAR(100)","NOT_PRESENT_OR_UNRESOLVED","core.sinistros.pending_dealing_type","","RASTREADO_POR_EXPRESSAO_SQL_LOCAL","G03/G04"
"V1-SINISTROS-032","V1_OPERATIONAL_COLUMN","sinistros","N/A","UNRESOLVED_SOURCE_PATH","NVARCHAR(100)","NOT_PRESENT_OR_UNRESOLVED","core.sinistros.pending_solution_type","","RASTREADO_POR_EXPRESSAO_SQL_LOCAL","G03/G04"
"V1-SINISTROS-033","V1_OPERATIONAL_COLUMN","sinistros","N/A","MULTIPLE_UNTYPED_FIELDS","NVARCHAR(MAX)","NOT_PRESENT_OR_UNRESOLVED","recon.field_presence_and_provenance","","RETIRADA_PRESERVADA","G03/G04"
"V1-SINISTROS-034","V1_OPERATIONAL_COLUMN","sinistros","N/A","DERIVED_BY_PIPELINE","DATETIME2","NOT_PRESENT_OR_UNRESOLVED","ctl/recon derived audit state","","RASTREADO_POR_EXPRESSAO_SQL_LOCAL","G03/G04"
"V1-SINISTROS-035","V1_OPERATIONAL_COLUMN","sinistros","N/A","DERIVED_BY_PIPELINE","BIT","NOT_PRESENT_OR_UNRESOLVED","ctl/recon derived audit state","","VINCULO_INDIVIDUAL_CONDICIONADO","G03/G04"
"V1-SINISTROS-036","V1_OPERATIONAL_COLUMN","sinistros","N/A","DERIVED_BY_PIPELINE","DATETIME2(0)","NOT_PRESENT_OR_UNRESOLVED","ctl/recon derived audit state","","VINCULO_INDIVIDUAL_CONDICIONADO","G03/G04"
"RAS-SQL-001","V1_RASTER_COLUMN","raster","N/A","UNRESOLVED_RASTER_SOURCE_PATH","BIGINT","NOT_PRESENT_OR_UNRESOLVED","core.raster_viagens.cod_solicitacao","","RASTREADO_POR_EXPRESSAO_SQL_LOCAL","G03/G04"
"RAS-SQL-002","V1_RASTER_COLUMN","raster","N/A","UNRESOLVED_RASTER_SOURCE_PATH","BIGINT","NOT_PRESENT_OR_UNRESOLVED","core.raster_viagens.sequencial","","MAPEAMENTO_LOCAL_DECLARADO","G03/G04"
"RAS-SQL-003","V1_RASTER_COLUMN","raster","N/A","UNRESOLVED_RASTER_SOURCE_PATH","INT","NOT_PRESENT_OR_UNRESOLVED","core.raster_viagens.cod_filial","","VINCULO_INDIVIDUAL_CONDICIONADO","G03/G04"
"RAS-SQL-004","V1_RASTER_COLUMN","raster","N/A","UNRESOLVED_RASTER_SOURCE_PATH","NVARCHAR(10)","NOT_PRESENT_OR_UNRESOLVED","core.raster_viagens.status_viagem","","RASTREADO_POR_EXPRESSAO_SQL_LOCAL","G03/G04"
"RAS-SQL-005","V1_RASTER_COLUMN","raster","N/A","UNRESOLVED_RASTER_SOURCE_PATH","NVARCHAR(20)","NOT_PRESENT_OR_UNRESOLVED","core.raster_viagens.placa_veiculo","","RASTREADO_POR_EXPRESSAO_SQL_LOCAL","G03/G04"
"RAS-SQL-006","V1_RASTER_COLUMN","raster","N/A","UNRESOLVED_RASTER_SOURCE_PATH","NVARCHAR(20)","NOT_PRESENT_OR_UNRESOLVED","core.raster_viagens.placa_carreta1","","VINCULO_INDIVIDUAL_CONDICIONADO","G03/G04"
"RAS-SQL-007","V1_RASTER_COLUMN","raster","N/A","UNRESOLVED_RASTER_SOURCE_PATH","NVARCHAR(20)","NOT_PRESENT_OR_UNRESOLVED","core.raster_viagens.placa_carreta2","","VINCULO_INDIVIDUAL_CONDICIONADO","G03/G04"
"RAS-SQL-008","V1_RASTER_COLUMN","raster","N/A","UNRESOLVED_RASTER_SOURCE_PATH","NVARCHAR(20)","NOT_PRESENT_OR_UNRESOLVED","core.raster_viagens.placa_carreta3","","VINCULO_INDIVIDUAL_CONDICIONADO","G03/G04"
"RAS-SQL-009","V1_RASTER_COLUMN","raster","N/A","UNRESOLVED_RASTER_SOURCE_PATH","NVARCHAR(20)","NOT_PRESENT_OR_UNRESOLVED","core.raster_viagens.cpf_motorista1","","VINCULO_INDIVIDUAL_CONDICIONADO","G03/G04"
"RAS-SQL-010","V1_RASTER_COLUMN","raster","N/A","UNRESOLVED_RASTER_SOURCE_PATH","NVARCHAR(20)","NOT_PRESENT_OR_UNRESOLVED","core.raster_viagens.cpf_motorista2","","VINCULO_INDIVIDUAL_CONDICIONADO","G03/G04"
"RAS-SQL-011","V1_RASTER_COLUMN","raster","N/A","UNRESOLVED_RASTER_SOURCE_PATH","NVARCHAR(20)","NOT_PRESENT_OR_UNRESOLVED","core.raster_viagens.cnpj_cliente_orig","","VINCULO_INDIVIDUAL_CONDICIONADO","G03/G04"
"RAS-SQL-012","V1_RASTER_COLUMN","raster","N/A","UNRESOLVED_RASTER_SOURCE_PATH","NVARCHAR(20)","NOT_PRESENT_OR_UNRESOLVED","core.raster_viagens.cnpj_cliente_dest","","VINCULO_INDIVIDUAL_CONDICIONADO","G03/G04"
"RAS-SQL-013","V1_RASTER_COLUMN","raster","N/A","UNRESOLVED_RASTER_SOURCE_PATH","BIGINT","NOT_PRESENT_OR_UNRESOLVED","core.raster_viagens.cod_ibge_cidade_orig","","VINCULO_INDIVIDUAL_CONDICIONADO","G03/G04"
"RAS-SQL-014","V1_RASTER_COLUMN","raster","N/A","UNRESOLVED_RASTER_SOURCE_PATH","BIGINT","NOT_PRESENT_OR_UNRESOLVED","core.raster_viagens.cod_ibge_cidade_dest","","VINCULO_INDIVIDUAL_CONDICIONADO","G03/G04"
"RAS-SQL-015","V1_RASTER_COLUMN","raster","N/A","UNRESOLVED_RASTER_SOURCE_PATH","DATETIMEOFFSET(3)","NOT_PRESENT_OR_UNRESOLVED","core.raster_viagens.data_hora_prev_ini","","RASTREADO_POR_EXPRESSAO_SQL_LOCAL","G03/G04"
"RAS-SQL-016","V1_RASTER_COLUMN","raster","N/A","UNRESOLVED_RASTER_SOURCE_PATH","DATETIMEOFFSET(3)","NOT_PRESENT_OR_UNRESOLVED","core.raster_viagens.data_hora_prev_fim","","RASTREADO_POR_EXPRESSAO_SQL_LOCAL","G03/G04"
"RAS-SQL-017","V1_RASTER_COLUMN","raster","N/A","UNRESOLVED_RASTER_SOURCE_PATH","DATETIMEOFFSET(3)","NOT_PRESENT_OR_UNRESOLVED","core.raster_viagens.data_hora_real_ini","","RASTREADO_POR_EXPRESSAO_SQL_LOCAL","G03/G04"
"RAS-SQL-018","V1_RASTER_COLUMN","raster","N/A","UNRESOLVED_RASTER_SOURCE_PATH","DATETIMEOFFSET(3)","NOT_PRESENT_OR_UNRESOLVED","core.raster_viagens.data_hora_real_fim","","RASTREADO_POR_EXPRESSAO_SQL_LOCAL","G03/G04"
"RAS-SQL-019","V1_RASTER_COLUMN","raster","N/A","UNRESOLVED_RASTER_SOURCE_PATH","DATETIMEOFFSET(3)","NOT_PRESENT_OR_UNRESOLVED","core.raster_viagens.data_hora_identificou_fim_viagem","","VINCULO_INDIVIDUAL_CONDICIONADO","G03/G04"
"RAS-SQL-020","V1_RASTER_COLUMN","raster","N/A","UNRESOLVED_RASTER_SOURCE_PATH","INT","NOT_PRESENT_OR_UNRESOLVED","core.raster_viagens.tempo_total_viagem_min","","VINCULO_INDIVIDUAL_CONDICIONADO","G03/G04"
"RAS-SQL-021","V1_RASTER_COLUMN","raster","N/A","UNRESOLVED_RASTER_SOURCE_PATH","NVARCHAR(5)","NOT_PRESENT_OR_UNRESOLVED","core.raster_viagens.dentro_prazo_raster","","RASTREADO_POR_EXPRESSAO_SQL_LOCAL","G03/G04"
"RAS-SQL-022","V1_RASTER_COLUMN","raster","N/A","UNRESOLVED_RASTER_SOURCE_PATH","DECIMAL(10,2)","NOT_PRESENT_OR_UNRESOLVED","core.raster_viagens.percentual_atraso_raster","","RASTREADO_POR_EXPRESSAO_SQL_LOCAL","G03/G04"
"RAS-SQL-023","V1_RASTER_COLUMN","raster","N/A","UNRESOLVED_RASTER_SOURCE_PATH","NVARCHAR(5)","NOT_PRESENT_OR_UNRESOLVED","core.raster_viagens.rodou_fora_horario","","VINCULO_INDIVIDUAL_CONDICIONADO","G03/G04"
"RAS-SQL-024","V1_RASTER_COLUMN","raster","N/A","UNRESOLVED_RASTER_SOURCE_PATH","DECIMAL(10,2)","NOT_PRESENT_OR_UNRESOLVED","core.raster_viagens.velocidade_media","","VINCULO_INDIVIDUAL_CONDICIONADO","G03/G04"
"RAS-SQL-025","V1_RASTER_COLUMN","raster","N/A","UNRESOLVED_RASTER_SOURCE_PATH","INT","NOT_PRESENT_OR_UNRESOLVED","core.raster_viagens.eventos_velocidade","","VINCULO_INDIVIDUAL_CONDICIONADO","G03/G04"
"RAS-SQL-026","V1_RASTER_COLUMN","raster","N/A","UNRESOLVED_RASTER_SOURCE_PATH","INT","NOT_PRESENT_OR_UNRESOLVED","core.raster_viagens.desvios_de_rota","","VINCULO_INDIVIDUAL_CONDICIONADO","G03/G04"
"RAS-SQL-027","V1_RASTER_COLUMN","raster","N/A","UNRESOLVED_RASTER_SOURCE_PATH","BIGINT","NOT_PRESENT_OR_UNRESOLVED","core.raster_viagens.cod_rota","","RASTREADO_POR_EXPRESSAO_SQL_LOCAL","G03/G04"
"RAS-SQL-028","V1_RASTER_COLUMN","raster","N/A","UNRESOLVED_RASTER_SOURCE_PATH","NVARCHAR(500)","NOT_PRESENT_OR_UNRESOLVED","core.raster_viagens.rota_descricao","","RASTREADO_POR_EXPRESSAO_SQL_LOCAL","G03/G04"
"RAS-SQL-029","V1_RASTER_COLUMN","raster","N/A","UNRESOLVED_RASTER_SOURCE_PATH","NVARCHAR(1000)","NOT_PRESENT_OR_UNRESOLVED","core.raster_viagens.link_timeline","","RASTREADO_POR_EXPRESSAO_SQL_LOCAL","G03/G04"
"RAS-SQL-030","V1_RASTER_COLUMN","raster","N/A","UNRESOLVED_RASTER_SOURCE_PATH","NVARCHAR(MAX)","NOT_PRESENT_OR_UNRESOLVED","recon.raster_field_presence","","RETIRADA_PRESERVADA","G03/G04"
"RAS-SQL-031","V1_RASTER_COLUMN","raster","N/A","UNRESOLVED_RASTER_SOURCE_PATH","DATETIME2(3)","NOT_PRESENT_OR_UNRESOLVED","core.raster_viagens.data_extracao","","VINCULO_INDIVIDUAL_CONDICIONADO","G03/G04"
"RAS-SQL-032","V1_RASTER_COLUMN","raster","N/A","UNRESOLVED_RASTER_SOURCE_PATH","BIT","NOT_PRESENT_OR_UNRESOLVED","core.raster_viagens.excluido_na_origem","","VINCULO_INDIVIDUAL_CONDICIONADO","G03/G04"
"RAS-SQL-033","V1_RASTER_COLUMN","raster","N/A","UNRESOLVED_RASTER_SOURCE_PATH","DATETIME2(0)","NOT_PRESENT_OR_UNRESOLVED","core.raster_viagens.data_exclusao_origem","","VINCULO_INDIVIDUAL_CONDICIONADO","G03/G04"
"RAS-SQL-034","V1_RASTER_COLUMN","raster","N/A","UNRESOLVED_RASTER_SOURCE_PATH","BIGINT","NOT_PRESENT_OR_UNRESOLVED","core.raster_viagem_paradas.cod_solicitacao","","RASTREADO_POR_EXPRESSAO_SQL_LOCAL","G03/G04"
"RAS-SQL-035","V1_RASTER_COLUMN","raster","N/A","UNRESOLVED_RASTER_SOURCE_PATH","INT","NOT_PRESENT_OR_UNRESOLVED","core.raster_viagem_paradas.ordem","","MAPEAMENTO_LOCAL_DECLARADO","G03/G04"
"RAS-SQL-036","V1_RASTER_COLUMN","raster","N/A","UNRESOLVED_RASTER_SOURCE_PATH","NVARCHAR(5)","NOT_PRESENT_OR_UNRESOLVED","core.raster_viagem_paradas.tipo","","MAPEAMENTO_LOCAL_DECLARADO","G03/G04"
"RAS-SQL-037","V1_RASTER_COLUMN","raster","N/A","UNRESOLVED_RASTER_SOURCE_PATH","BIGINT","NOT_PRESENT_OR_UNRESOLVED","core.raster_viagem_paradas.cod_ibge_cidade","","VINCULO_INDIVIDUAL_CONDICIONADO","G03/G04"
"RAS-SQL-038","V1_RASTER_COLUMN","raster","N/A","UNRESOLVED_RASTER_SOURCE_PATH","NVARCHAR(20)","NOT_PRESENT_OR_UNRESOLVED","core.raster_viagem_paradas.cnpj_cliente","","VINCULO_INDIVIDUAL_CONDICIONADO","G03/G04"
"RAS-SQL-039","V1_RASTER_COLUMN","raster","N/A","UNRESOLVED_RASTER_SOURCE_PATH","NVARCHAR(50)","NOT_PRESENT_OR_UNRESOLVED","core.raster_viagem_paradas.codigo_cliente","","VINCULO_INDIVIDUAL_CONDICIONADO","G03/G04"
"RAS-SQL-040","V1_RASTER_COLUMN","raster","N/A","UNRESOLVED_RASTER_SOURCE_PATH","DATETIMEOFFSET(3)","NOT_PRESENT_OR_UNRESOLVED","core.raster_viagem_paradas.data_hora_prev_chegada","","RASTREADO_POR_EXPRESSAO_SQL_LOCAL","G03/G04"
"RAS-SQL-041","V1_RASTER_COLUMN","raster","N/A","UNRESOLVED_RASTER_SOURCE_PATH","DATETIMEOFFSET(3)","NOT_PRESENT_OR_UNRESOLVED","core.raster_viagem_paradas.data_hora_prev_saida","","VINCULO_INDIVIDUAL_CONDICIONADO","G03/G04"
"RAS-SQL-042","V1_RASTER_COLUMN","raster","N/A","UNRESOLVED_RASTER_SOURCE_PATH","DATETIMEOFFSET(3)","NOT_PRESENT_OR_UNRESOLVED","core.raster_viagem_paradas.data_hora_real_chegada","","RASTREADO_POR_EXPRESSAO_SQL_LOCAL","G03/G04"
"RAS-SQL-043","V1_RASTER_COLUMN","raster","N/A","UNRESOLVED_RASTER_SOURCE_PATH","DATETIMEOFFSET(3)","NOT_PRESENT_OR_UNRESOLVED","core.raster_viagem_paradas.data_hora_real_saida","","RASTREADO_POR_EXPRESSAO_SQL_LOCAL","G03/G04"
"RAS-SQL-044","V1_RASTER_COLUMN","raster","N/A","UNRESOLVED_RASTER_SOURCE_PATH","DECIMAL(18,8)","NOT_PRESENT_OR_UNRESOLVED","core.raster_viagem_paradas.latitude","","MAPEAMENTO_LOCAL_DECLARADO","G03/G04"
"RAS-SQL-045","V1_RASTER_COLUMN","raster","N/A","UNRESOLVED_RASTER_SOURCE_PATH","DECIMAL(18,8)","NOT_PRESENT_OR_UNRESOLVED","core.raster_viagem_paradas.longitude","","MAPEAMENTO_LOCAL_DECLARADO","G03/G04"
"RAS-SQL-046","V1_RASTER_COLUMN","raster","N/A","UNRESOLVED_RASTER_SOURCE_PATH","NVARCHAR(5)","NOT_PRESENT_OR_UNRESOLVED","core.raster_viagem_paradas.dentro_prazo_raster","","RASTREADO_POR_EXPRESSAO_SQL_LOCAL","G03/G04"
"RAS-SQL-047","V1_RASTER_COLUMN","raster","N/A","UNRESOLVED_RASTER_SOURCE_PATH","NVARCHAR(80)","NOT_PRESENT_OR_UNRESOLVED","core.raster_viagem_paradas.diferenca_tempo_raster","","VINCULO_INDIVIDUAL_CONDICIONADO","G03/G04"
"RAS-SQL-048","V1_RASTER_COLUMN","raster","N/A","UNRESOLVED_RASTER_SOURCE_PATH","DECIMAL(18,3)","NOT_PRESENT_OR_UNRESOLVED","core.raster_viagem_paradas.km_percorrido_entrega","","VINCULO_INDIVIDUAL_CONDICIONADO","G03/G04"
"RAS-SQL-049","V1_RASTER_COLUMN","raster","N/A","UNRESOLVED_RASTER_SOURCE_PATH","DECIMAL(18,3)","NOT_PRESENT_OR_UNRESOLVED","core.raster_viagem_paradas.km_restante_entrega","","VINCULO_INDIVIDUAL_CONDICIONADO","G03/G04"
"RAS-SQL-050","V1_RASTER_COLUMN","raster","N/A","UNRESOLVED_RASTER_SOURCE_PATH","NVARCHAR(5)","NOT_PRESENT_OR_UNRESOLVED","core.raster_viagem_paradas.chegou_na_entrega","","VINCULO_INDIVIDUAL_CONDICIONADO","G03/G04"
"RAS-SQL-051","V1_RASTER_COLUMN","raster","N/A","UNRESOLVED_RASTER_SOURCE_PATH","DATETIMEOFFSET(3)","NOT_PRESENT_OR_UNRESOLVED","core.raster_viagem_paradas.data_hora_ultima_posicao","","VINCULO_INDIVIDUAL_CONDICIONADO","G03/G04"
"RAS-SQL-052","V1_RASTER_COLUMN","raster","N/A","UNRESOLVED_RASTER_SOURCE_PATH","DECIMAL(18,8)","NOT_PRESENT_OR_UNRESOLVED","core.raster_viagem_paradas.latitude_ultima_posicao","","VINCULO_INDIVIDUAL_CONDICIONADO","G03/G04"
"RAS-SQL-053","V1_RASTER_COLUMN","raster","N/A","UNRESOLVED_RASTER_SOURCE_PATH","DECIMAL(18,8)","NOT_PRESENT_OR_UNRESOLVED","core.raster_viagem_paradas.longitude_ultima_posicao","","VINCULO_INDIVIDUAL_CONDICIONADO","G03/G04"
"RAS-SQL-054","V1_RASTER_COLUMN","raster","N/A","UNRESOLVED_RASTER_SOURCE_PATH","NVARCHAR(500)","NOT_PRESENT_OR_UNRESOLVED","core.raster_viagem_paradas.referencia_ultima_posicao","","VINCULO_INDIVIDUAL_CONDICIONADO","G03/G04"
"RAS-SQL-055","V1_RASTER_COLUMN","raster","N/A","UNRESOLVED_RASTER_SOURCE_PATH","NVARCHAR(MAX)","NOT_PRESENT_OR_UNRESOLVED","recon.raster_field_presence","","RETIRADA_PRESERVADA","G03/G04"
"RAS-SQL-056","V1_RASTER_COLUMN","raster","N/A","UNRESOLVED_RASTER_SOURCE_PATH","DATETIME2(3)","NOT_PRESENT_OR_UNRESOLVED","core.raster_viagem_paradas.data_extracao","","VINCULO_INDIVIDUAL_CONDICIONADO","G03/G04"
"RAS-SQL-057","V1_RASTER_COLUMN","raster","N/A","UNRESOLVED_RASTER_SOURCE_PATH","BIT","NOT_PRESENT_OR_UNRESOLVED","core.raster_viagem_paradas.excluido_na_origem","","VINCULO_INDIVIDUAL_CONDICIONADO","G03/G04"
"RAS-SQL-058","V1_RASTER_COLUMN","raster","N/A","UNRESOLVED_RASTER_SOURCE_PATH","DATETIME2(0)","NOT_PRESENT_OR_UNRESOLVED","core.raster_viagem_paradas.data_exclusao_origem","","VINCULO_INDIVIDUAL_CONDICIONADO","G03/G04"
"USR-SQL-001","V1_USER_COLUMN","usuarios","NO_DATA_EXPORT_TEMPLATE","individual.edges.node.id","BIGINT","id","core.usuario.source_key + core.usuario.usuario_id","","RASTREADO_POR_EXPRESSAO_SQL_LOCAL","G03/G04"
"USR-SQL-002","V1_USER_COLUMN","usuarios","NO_DATA_EXPORT_TEMPLATE","individual.edges.node.name","NVARCHAR(255)","name","core.usuario.usuario_name + core.usuario_history.usuario_name","","RASTREADO_POR_EXPRESSAO_SQL_LOCAL","G03/G04"
"USR-SQL-003","V1_USER_COLUMN","usuarios","NO_DATA_EXPORT_TEMPLATE","DERIVED_BY_USER_CURRENT","DATETIME","NOT_PRESENT_OR_UNRESOLVED","core.usuario.last_changed_at_utc","","RASTREADO_POR_EXPRESSAO_SQL_LOCAL","G03/G04"
"USR-SQL-004","V1_USER_COLUMN","usuarios","NO_DATA_EXPORT_TEMPLATE","NO_COMPLETENESS_PROOF","BIT","NOT_PRESENT_OR_UNRESOLVED","core.usuario.active","","RETIRADA_PRESERVADA","G03/G04"
"USR-SQL-005","V1_USER_COLUMN","usuarios","NO_DATA_EXPORT_TEMPLATE","NO_COMPLETENESS_PROOF","DATETIME2(0)","NOT_PRESENT_OR_UNRESOLVED","core.usuario.active","","RETIRADA_PRESERVADA","G03/G04"
"USR-SQL-006","V1_USER_COLUMN","usuarios","NO_DATA_EXPORT_TEMPLATE","DERIVED_BY_USER_CURRENT","VARBINARY(32)","NOT_PRESENT_OR_UNRESOLVED","core.usuario.attribute_hash + core.usuario.state_hash","","VINCULO_INDIVIDUAL_CONDICIONADO","G03/G04"
"USR-SQL-007","V1_USER_COLUMN","usuarios","NO_DATA_EXPORT_TEMPLATE","DERIVED_BY_USER_CURRENT","BIT","NOT_PRESENT_OR_UNRESOLVED","core.usuario.active","","VINCULO_INDIVIDUAL_CONDICIONADO","G03/G04"
"USR-SQL-008","V1_USER_COLUMN","usuarios","NO_DATA_EXPORT_TEMPLATE","UNREQUESTED:individual.edges.node.updatedAt","DATETIME2","NOT_PRESENT_OR_UNRESOLVED","ctl.execution_attempt.contract_fingerprint","","RETIRADA_PRESERVADA","G03/G04"
"USR-SQL-009","V1_USER_COLUMN","usuarios","NO_DATA_EXPORT_TEMPLATE","DERIVED_BY_USER_CURRENT","DATETIME2","NOT_PRESENT_OR_UNRESOLVED","core.usuario.last_seen_at_utc","","VINCULO_INDIVIDUAL_CONDICIONADO","G03/G04"
"USR-SQL-010","V1_USER_COLUMN","usuarios","NO_DATA_EXPORT_TEMPLATE","DERIVED_BY_USER_HISTORY","BIGINT","NOT_PRESENT_OR_UNRESOLVED","core.usuario_history.usuario_history_id","","RASTREADO_POR_EXPRESSAO_SQL_LOCAL","G03/G04"
"USR-SQL-011","V1_USER_COLUMN","usuarios","NO_DATA_EXPORT_TEMPLATE","DERIVED_BY_USER_HISTORY","NVARCHAR(36)","NOT_PRESENT_OR_UNRESOLVED","core.usuario_history.execution_id","","VINCULO_INDIVIDUAL_CONDICIONADO","G03/G04"
"USR-SQL-012","V1_USER_COLUMN","usuarios","NO_DATA_EXPORT_TEMPLATE","individual.edges.node.id","BIGINT","id","core.usuario_history.usuario_id","","RASTREADO_POR_EXPRESSAO_SQL_LOCAL","G03/G04"
"USR-SQL-013","V1_USER_COLUMN","usuarios","NO_DATA_EXPORT_TEMPLATE","individual.edges.node.name","NVARCHAR(255)","name","core.usuario_history.usuario_name","","RASTREADO_POR_EXPRESSAO_SQL_LOCAL","G03/G04"
"USR-SQL-014","V1_USER_COLUMN","usuarios","NO_DATA_EXPORT_TEMPLATE","DERIVED_BY_USER_HISTORY","BIT","NOT_PRESENT_OR_UNRESOLVED","core.usuario_history.active","","VINCULO_INDIVIDUAL_CONDICIONADO","G03/G04"
"USR-SQL-015","V1_USER_COLUMN","usuarios","NO_DATA_EXPORT_TEMPLATE","UNREQUESTED:individual.edges.node.updatedAt","DATETIME2","NOT_PRESENT_OR_UNRESOLVED","ctl.execution_attempt.contract_fingerprint","","RETIRADA_PRESERVADA","G03/G04"
"USR-SQL-016","V1_USER_COLUMN","usuarios","NO_DATA_EXPORT_TEMPLATE","DERIVED_BY_USER_HISTORY","VARBINARY(32)","NOT_PRESENT_OR_UNRESOLVED","core.usuario_history.attribute_hash + core.usuario_history.state_hash","","VINCULO_INDIVIDUAL_CONDICIONADO","G03/G04"
"USR-SQL-017","V1_USER_COLUMN","usuarios","NO_DATA_EXPORT_TEMPLATE","DERIVED_BY_USER_HISTORY","DATETIME2","NOT_PRESENT_OR_UNRESOLVED","core.usuario_history.observation_order_at_utc + core.usuario_history.changed_at_utc","","VINCULO_INDIVIDUAL_CONDICIONADO","G03/G04"
"USR-SQL-018","V1_USER_COLUMN","usuarios","NO_DATA_EXPORT_TEMPLATE","DERIVED_BY_USER_HISTORY","NVARCHAR(30)","NOT_PRESENT_OR_UNRESOLVED","core.usuario_history.change_kind","","VINCULO_INDIVIDUAL_CONDICIONADO","G03/G04"
"PUB-0001","V1_VIEW_OUTPUT","vw_dim_filiais","PUB-01..PUB-08","[NomeFilial]","SQL_EXPRESSION_TYPE_TO_FINGERPRINT","NOT_PRESENT_OR_UNRESOLVED","pub.vw_dim_filiais.NomeFilial","","IMPLEMENTADO_INTEGRADO_VERIFICADO_LOCAL","G04"
"PUB-0002","V1_VIEW_OUTPUT","vw_dim_filiais","PUB-01..PUB-08","CAST('00:00:00' AS TIME(0)) AS [Hora (Solicitacao)]","SQL_EXPRESSION_TYPE_TO_FINGERPRINT","NOT_PRESENT_OR_UNRESOLVED","pub.vw_dim_filiais.Hora (Solicitacao)","","IMPLEMENTADO_INTEGRADO_VERIFICADO_LOCAL","G04"
"PUB-0003","V1_VIEW_OUTPUT","vw_dim_clientes","PUB-01..PUB-08","UPPER(LTRIM(RTRIM(Nome))) AS [Nome]","SQL_EXPRESSION_TYPE_TO_FINGERPRINT","NOT_PRESENT_OR_UNRESOLVED","pub.vw_dim_clientes.Nome","","IMPLEMENTADO_INTEGRADO_VERIFICADO_LOCAL","G04"
"PUB-0004","V1_VIEW_OUTPUT","vw_dim_veiculos","PUB-01..PUB-08","UPPER(LTRIM(RTRIM(vehicle_plate))) AS Placa","SQL_EXPRESSION_TYPE_TO_FINGERPRINT","NOT_PRESENT_OR_UNRESOLVED","pub.vw_dim_veiculos.Placa","","IMPLEMENTADO_INTEGRADO_VERIFICADO_LOCAL","G04"
"PUB-0005","V1_VIEW_OUTPUT","vw_dim_veiculos","PUB-01..PUB-08","MAX(UPPER(LTRIM(RTRIM(vehicle_type)))) AS TipoVeiculo","SQL_EXPRESSION_TYPE_TO_FINGERPRINT","NOT_PRESENT_OR_UNRESOLVED","pub.vw_dim_veiculos.TipoVeiculo","","IMPLEMENTADO_INTEGRADO_VERIFICADO_LOCAL","G04"
"PUB-0006","V1_VIEW_OUTPUT","vw_dim_veiculos","PUB-01..PUB-08","MAX(UPPER(LTRIM(RTRIM(vehicle_owner)))) AS Proprietario","SQL_EXPRESSION_TYPE_TO_FINGERPRINT","NOT_PRESENT_OR_UNRESOLVED","pub.vw_dim_veiculos.Proprietario","","IMPLEMENTADO_INTEGRADO_VERIFICADO_LOCAL","G04"
"PUB-0007","V1_VIEW_OUTPUT","vw_dim_veiculos","PUB-01..PUB-08","branch_nickname AS Filial","SQL_EXPRESSION_TYPE_TO_FINGERPRINT","NOT_PRESENT_OR_UNRESOLVED","pub.vw_dim_veiculos.Filial","","IMPLEMENTADO_INTEGRADO_VERIFICADO_LOCAL","G04"
"PUB-0008","V1_VIEW_OUTPUT","vw_dim_motoristas","PUB-01..PUB-08","UPPER(LTRIM(RTRIM(driver_name))) AS NomeMotorista","SQL_EXPRESSION_TYPE_TO_FINGERPRINT","NOT_PRESENT_OR_UNRESOLVED","pub.vw_dim_motoristas.NomeMotorista","","IMPLEMENTADO_INTEGRADO_VERIFICADO_LOCAL","G04"
"PUB-0009","V1_VIEW_OUTPUT","vw_dim_motoristas","PUB-01..PUB-08","branch_nickname AS Filial","SQL_EXPRESSION_TYPE_TO_FINGERPRINT","NOT_PRESENT_OR_UNRESOLVED","pub.vw_dim_motoristas.Filial","","IMPLEMENTADO_INTEGRADO_VERIFICADO_LOCAL","G04"
"PUB-0010","V1_VIEW_OUTPUT","vw_dim_planocontas","PUB-01..PUB-08","UPPER(LTRIM(RTRIM([Conta Contábil/Descrição]))) AS Descricao","SQL_EXPRESSION_TYPE_TO_FINGERPRINT","NOT_PRESENT_OR_UNRESOLVED","pub.vw_dim_planocontas.Descricao","","IMPLEMENTADO_INTEGRADO_VERIFICADO_LOCAL","G04"
"PUB-0011","V1_VIEW_OUTPUT","vw_dim_planocontas","PUB-01..PUB-08","ISNULL(MAX([Conta Contábil/Classificação]), 'OUTROS / NÃO CLASSIFICADO') AS Classificacao","SQL_EXPRESSION_TYPE_TO_FINGERPRINT","NOT_PRESENT_OR_UNRESOLVED","pub.vw_dim_planocontas.Classificacao","","IMPLEMENTADO_INTEGRADO_VERIFICADO_LOCAL","G04"
"PUB-0012","V1_VIEW_OUTPUT","vw_dim_planocontas","PUB-01..PUB-08","CAST('00:00:00' AS TIME(0)) AS [Hora (Solicitacao)]","SQL_EXPRESSION_TYPE_TO_FINGERPRINT","NOT_PRESENT_OR_UNRESOLVED","pub.vw_dim_planocontas.Hora (Solicitacao)","","IMPLEMENTADO_INTEGRADO_VERIFICADO_LOCAL","G04"
"PUB-0013","V1_VIEW_OUTPUT","vw_dim_usuarios","PUB-01..PUB-08","[user_id] AS [User ID]","SQL_EXPRESSION_TYPE_TO_FINGERPRINT","NOT_PRESENT_OR_UNRESOLVED","pub.vw_dim_usuarios.User ID","","IMPLEMENTADO_INTEGRADO_VERIFICADO_LOCAL","G04"
"PUB-0014","V1_VIEW_OUTPUT","vw_dim_usuarios","PUB-01..PUB-08","LTRIM(RTRIM([nome])) AS [Nome]","SQL_EXPRESSION_TYPE_TO_FINGERPRINT","NOT_PRESENT_OR_UNRESOLVED","pub.vw_dim_usuarios.Nome","","IMPLEMENTADO_INTEGRADO_VERIFICADO_LOCAL","G04"
"PUB-0015","V1_VIEW_OUTPUT","vw_dim_usuarios","PUB-01..PUB-08","[data_atualizacao] AS [Data Atualizacao]","SQL_EXPRESSION_TYPE_TO_FINGERPRINT","NOT_PRESENT_OR_UNRESOLVED","pub.vw_dim_usuarios.Data Atualizacao","","IMPLEMENTADO_INTEGRADO_VERIFICADO_LOCAL","G04"
"PUB-0016","V1_VIEW_OUTPUT","vw_faturas_por_cliente_powerbi","PUB-01..PUB-08","CAST(datas.data_emissao_cte AS TIME(0)) AS [Hora (Solicitacao)]","SQL_EXPRESSION_TYPE_TO_FINGERPRINT","NOT_PRESENT_OR_UNRESOLVED","pub.vw_faturas_por_cliente_powerbi.Hora (Solicitacao)","","IMPLEMENTADO_INTEGRADO_VERIFICADO_LOCAL","G04"
"PUB-0017","V1_VIEW_OUTPUT","vw_faturas_por_cliente_powerbi","PUB-01..PUB-08","fpc.unique_id AS [ID Único]","SQL_EXPRESSION_TYPE_TO_FINGERPRINT","NOT_PRESENT_OR_UNRESOLVED","pub.vw_faturas_por_cliente_powerbi.ID Único","","IMPLEMENTADO_INTEGRADO_VERIFICADO_LOCAL","G04"
"PUB-0018","V1_VIEW_OUTPUT","vw_faturas_por_cliente_powerbi","PUB-01..PUB-08","fpc.filial AS [Filial]","SQL_EXPRESSION_TYPE_TO_FINGERPRINT","NOT_PRESENT_OR_UNRESOLVED","pub.vw_faturas_por_cliente_powerbi.Filial","","IMPLEMENTADO_INTEGRADO_VERIFICADO_LOCAL","G04"
"PUB-0019","V1_VIEW_OUTPUT","vw_faturas_por_cliente_powerbi","PUB-01..PUB-08","fpc.estado AS [Estado]","SQL_EXPRESSION_TYPE_TO_FINGERPRINT","NOT_PRESENT_OR_UNRESOLVED","pub.vw_faturas_por_cliente_powerbi.Estado","","IMPLEMENTADO_INTEGRADO_VERIFICADO_LOCAL","G04"
"PUB-0020","V1_VIEW_OUTPUT","vw_faturas_por_cliente_powerbi","PUB-01..PUB-08","fpc.numero_cte AS [CT-e/Número]","SQL_EXPRESSION_TYPE_TO_FINGERPRINT","NOT_PRESENT_OR_UNRESOLVED","pub.vw_faturas_por_cliente_powerbi.CT-e/Número","","IMPLEMENTADO_INTEGRADO_VERIFICADO_LOCAL","G04"
"PUB-0021","V1_VIEW_OUTPUT","vw_faturas_por_cliente_powerbi","PUB-01..PUB-08","CASE WHEN fpc.numero_cte IS NOT NULL THEN CONVERT(NVARCHAR(50), fpc.numero_cte) WHEN fpc.numero_nfse IS NOT NULL THEN CONVERT(NVARCHAR(50), fpc.numero_nfse) ELSE NULL END AS [Número do Documento]","SQL_EXPRESSION_TYPE_TO_FINGERPRINT","NOT_PRESENT_OR_UNRESOLVED","pub.vw_faturas_por_cliente_powerbi.Número do Documento","","IMPLEMENTADO_INTEGRADO_VERIFICADO_LOCAL","G04"
"PUB-0022","V1_VIEW_OUTPUT","vw_faturas_por_cliente_powerbi","PUB-01..PUB-08","fpc.chave_cte AS [CT-e/Chave]","SQL_EXPRESSION_TYPE_TO_FINGERPRINT","NOT_PRESENT_OR_UNRESOLVED","pub.vw_faturas_por_cliente_powerbi.CT-e/Chave","","IMPLEMENTADO_INTEGRADO_VERIFICADO_LOCAL","G04"
"PUB-0023","V1_VIEW_OUTPUT","vw_faturas_por_cliente_powerbi","PUB-01..PUB-08","datas.data_emissao_cte AS [CT-e/Data de emissão]","SQL_EXPRESSION_TYPE_TO_FINGERPRINT","NOT_PRESENT_OR_UNRESOLVED","pub.vw_faturas_por_cliente_powerbi.CT-e/Data de emissão","","IMPLEMENTADO_INTEGRADO_VERIFICADO_LOCAL","G04"
"PUB-0024","V1_VIEW_OUTPUT","vw_faturas_por_cliente_powerbi","PUB-01..PUB-08","fpc.valor_frete AS [Frete/Valor dos CT-es]","SQL_EXPRESSION_TYPE_TO_FINGERPRINT","NOT_PRESENT_OR_UNRESOLVED","pub.vw_faturas_por_cliente_powerbi.Frete/Valor dos CT-es","","IMPLEMENTADO_INTEGRADO_VERIFICADO_LOCAL","G04"
"PUB-0025","V1_VIEW_OUTPUT","vw_faturas_por_cliente_powerbi","PUB-01..PUB-08","fpc.third_party_ctes_value AS [Terceiros/Valor CT-es]","SQL_EXPRESSION_TYPE_TO_FINGERPRINT","NOT_PRESENT_OR_UNRESOLVED","pub.vw_faturas_por_cliente_powerbi.Terceiros/Valor CT-es","","IMPLEMENTADO_INTEGRADO_VERIFICADO_LOCAL","G04"
"PUB-0026","V1_VIEW_OUTPUT","vw_faturas_por_cliente_powerbi","PUB-01..PUB-08","fpc.status_cte AS [CT-e/Status]","SQL_EXPRESSION_TYPE_TO_FINGERPRINT","NOT_PRESENT_OR_UNRESOLVED","pub.vw_faturas_por_cliente_powerbi.CT-e/Status","","IMPLEMENTADO_INTEGRADO_VERIFICADO_LOCAL","G04"
"PUB-0027","V1_VIEW_OUTPUT","vw_faturas_por_cliente_powerbi","PUB-01..PUB-08","fpc.status_cte_result AS [CT-e/Resultado]","SQL_EXPRESSION_TYPE_TO_FINGERPRINT","NOT_PRESENT_OR_UNRESOLVED","pub.vw_faturas_por_cliente_powerbi.CT-e/Resultado","","IMPLEMENTADO_INTEGRADO_VERIFICADO_LOCAL","G04"
"PUB-0028","V1_VIEW_OUTPUT","vw_faturas_por_cliente_powerbi","PUB-01..PUB-08","fpc.tipo_frete AS [Tipo]","SQL_EXPRESSION_TYPE_TO_FINGERPRINT","NOT_PRESENT_OR_UNRESOLVED","pub.vw_faturas_por_cliente_powerbi.Tipo","","IMPLEMENTADO_INTEGRADO_VERIFICADO_LOCAL","G04"
"PUB-0029","V1_VIEW_OUTPUT","vw_faturas_por_cliente_powerbi","PUB-01..PUB-08","fpc.classificacao AS [Classificação]","SQL_EXPRESSION_TYPE_TO_FINGERPRINT","NOT_PRESENT_OR_UNRESOLVED","pub.vw_faturas_por_cliente_powerbi.Classificação","","IMPLEMENTADO_INTEGRADO_VERIFICADO_LOCAL","G04"
"PUB-0030","V1_VIEW_OUTPUT","vw_faturas_por_cliente_powerbi","PUB-01..PUB-08","fpc.pagador_nome AS [Pagador do frete/Nome]","SQL_EXPRESSION_TYPE_TO_FINGERPRINT","NOT_PRESENT_OR_UNRESOLVED","pub.vw_faturas_por_cliente_powerbi.Pagador do frete/Nome","","IMPLEMENTADO_INTEGRADO_VERIFICADO_LOCAL","G04"
"PUB-0031","V1_VIEW_OUTPUT","vw_faturas_por_cliente_powerbi","PUB-01..PUB-08","fpc.pagador_documento AS [Pagador do frete/Documento]","SQL_EXPRESSION_TYPE_TO_FINGERPRINT","NOT_PRESENT_OR_UNRESOLVED","pub.vw_faturas_por_cliente_powerbi.Pagador do frete/Documento","","IMPLEMENTADO_INTEGRADO_VERIFICADO_LOCAL","G04"
"PUB-0032","V1_VIEW_OUTPUT","vw_faturas_por_cliente_powerbi","PUB-01..PUB-08","COALESCE(fpc.cliente_cnpj, documentos.pagador_cnpj) AS [Cliente/CNPJ]","SQL_EXPRESSION_TYPE_TO_FINGERPRINT","NOT_PRESENT_OR_UNRESOLVED","pub.vw_faturas_por_cliente_powerbi.Cliente/CNPJ","","IMPLEMENTADO_INTEGRADO_VERIFICADO_LOCAL","G04"
"PUB-0033","V1_VIEW_OUTPUT","vw_faturas_por_cliente_powerbi","PUB-01..PUB-08","fpc.remetente_nome AS [Remetente/Nome]","SQL_EXPRESSION_TYPE_TO_FINGERPRINT","NOT_PRESENT_OR_UNRESOLVED","pub.vw_faturas_por_cliente_powerbi.Remetente/Nome","","IMPLEMENTADO_INTEGRADO_VERIFICADO_LOCAL","G04"
"PUB-0034","V1_VIEW_OUTPUT","vw_faturas_por_cliente_powerbi","PUB-01..PUB-08","fpc.remetente_documento AS [Remetente/Documento]","SQL_EXPRESSION_TYPE_TO_FINGERPRINT","NOT_PRESENT_OR_UNRESOLVED","pub.vw_faturas_por_cliente_powerbi.Remetente/Documento","","IMPLEMENTADO_INTEGRADO_VERIFICADO_LOCAL","G04"
"PUB-0035","V1_VIEW_OUTPUT","vw_faturas_por_cliente_powerbi","PUB-01..PUB-08","fpc.destinatario_nome AS [Destinatário/Nome]","SQL_EXPRESSION_TYPE_TO_FINGERPRINT","NOT_PRESENT_OR_UNRESOLVED","pub.vw_faturas_por_cliente_powerbi.Destinatário/Nome","","IMPLEMENTADO_INTEGRADO_VERIFICADO_LOCAL","G04"
"PUB-0036","V1_VIEW_OUTPUT","vw_faturas_por_cliente_powerbi","PUB-01..PUB-08","fpc.destinatario_documento AS [Destinatário/Documento]","SQL_EXPRESSION_TYPE_TO_FINGERPRINT","NOT_PRESENT_OR_UNRESOLVED","pub.vw_faturas_por_cliente_powerbi.Destinatário/Documento","","IMPLEMENTADO_INTEGRADO_VERIFICADO_LOCAL","G04"
"PUB-0037","V1_VIEW_OUTPUT","vw_faturas_por_cliente_powerbi","PUB-01..PUB-08","fpc.vendedor_nome AS [Vendedor/Nome]","SQL_EXPRESSION_TYPE_TO_FINGERPRINT","NOT_PRESENT_OR_UNRESOLVED","pub.vw_faturas_por_cliente_powerbi.Vendedor/Nome","","IMPLEMENTADO_INTEGRADO_VERIFICADO_LOCAL","G04"
"PUB-0038","V1_VIEW_OUTPUT","vw_faturas_por_cliente_powerbi","PUB-01..PUB-08","fpc.numero_nfse AS [NFS-e/Número]","SQL_EXPRESSION_TYPE_TO_FINGERPRINT","NOT_PRESENT_OR_UNRESOLVED","pub.vw_faturas_por_cliente_powerbi.NFS-e/Número","","IMPLEMENTADO_INTEGRADO_VERIFICADO_LOCAL","G04"
"PUB-0039","V1_VIEW_OUTPUT","vw_faturas_por_cliente_powerbi","PUB-01..PUB-08","fpc.serie_nfse AS [NFS-e/Série]","SQL_EXPRESSION_TYPE_TO_FINGERPRINT","NOT_PRESENT_OR_UNRESOLVED","pub.vw_faturas_por_cliente_powerbi.NFS-e/Série","","IMPLEMENTADO_INTEGRADO_VERIFICADO_LOCAL","G04"
"PUB-0040","V1_VIEW_OUTPUT","vw_faturas_por_cliente_powerbi","PUB-01..PUB-08","fpc.numero_nfse AS [fit_nse_number]","SQL_EXPRESSION_TYPE_TO_FINGERPRINT","NOT_PRESENT_OR_UNRESOLVED","pub.vw_faturas_por_cliente_powerbi.fit_nse_number","","IMPLEMENTADO_INTEGRADO_VERIFICADO_LOCAL","G04"
"PUB-0041","V1_VIEW_OUTPUT","vw_faturas_por_cliente_powerbi","PUB-01..PUB-08","fpc.numero_nfse AS [N° NFS-e]","SQL_EXPRESSION_TYPE_TO_FINGERPRINT","NOT_PRESENT_OR_UNRESOLVED","pub.vw_faturas_por_cliente_powerbi.N° NFS-e","","IMPLEMENTADO_INTEGRADO_VERIFICADO_LOCAL","G04"
"PUB-0042","V1_VIEW_OUTPUT","vw_faturas_por_cliente_powerbi","PUB-01..PUB-08","CAST(NULL AS NVARCHAR(50)) AS [Carteira/Descrição]","SQL_EXPRESSION_TYPE_TO_FINGERPRINT","NOT_PRESENT_OR_UNRESOLVED","pub.vw_faturas_por_cliente_powerbi.Carteira/Descrição","","IMPLEMENTADO_INTEGRADO_VERIFICADO_LOCAL","G04"
"PUB-0043","V1_VIEW_OUTPUT","vw_faturas_por_cliente_powerbi","PUB-01..PUB-08","CAST(NULL AS NVARCHAR(MAX)) AS [Instrução Customizada]","SQL_EXPRESSION_TYPE_TO_FINGERPRINT","NOT_PRESENT_OR_UNRESOLVED","pub.vw_faturas_por_cliente_powerbi.Instrução Customizada","","IMPLEMENTADO_INTEGRADO_VERIFICADO_LOCAL","G04"
"PUB-0044","V1_VIEW_OUTPUT","vw_faturas_por_cliente_powerbi","PUB-01..PUB-08","CASE WHEN fpc.fit_ant_document IS NOT NULL THEN 'Faturado' ELSE 'Aguardando Faturamento' END AS [Status do Processo]","SQL_EXPRESSION_TYPE_TO_FINGERPRINT","NOT_PRESENT_OR_UNRESOLVED","pub.vw_faturas_por_cliente_powerbi.Status do Processo","","IMPLEMENTADO_INTEGRADO_VERIFICADO_LOCAL","G04"
"PUB-0045","V1_VIEW_OUTPUT","vw_faturas_por_cliente_powerbi","PUB-01..PUB-08","fpc.fit_ant_document AS [Fatura/N° Documento]","SQL_EXPRESSION_TYPE_TO_FINGERPRINT","NOT_PRESENT_OR_UNRESOLVED","pub.vw_faturas_por_cliente_powerbi.Fatura/N° Documento","","IMPLEMENTADO_INTEGRADO_VERIFICADO_LOCAL","G04"
"PUB-0046","V1_VIEW_OUTPUT","vw_faturas_por_cliente_powerbi","PUB-01..PUB-08","CONVERT(NVARCHAR(10), datas.fit_ant_issue_date, 23) AS [Fatura/Emissão]","SQL_EXPRESSION_TYPE_TO_FINGERPRINT","NOT_PRESENT_OR_UNRESOLVED","pub.vw_faturas_por_cliente_powerbi.Fatura/Emissão","","IMPLEMENTADO_INTEGRADO_VERIFICADO_LOCAL","G04"
"PUB-0047","V1_VIEW_OUTPUT","vw_faturas_por_cliente_powerbi","PUB-01..PUB-08","fpc.fit_ant_value AS [Fatura/Valor]","SQL_EXPRESSION_TYPE_TO_FINGERPRINT","NOT_PRESENT_OR_UNRESOLVED","pub.vw_faturas_por_cliente_powerbi.Fatura/Valor","","IMPLEMENTADO_INTEGRADO_VERIFICADO_LOCAL","G04"
"PUB-0048","V1_VIEW_OUTPUT","vw_faturas_por_cliente_powerbi","PUB-01..PUB-08","fpc.valor_fatura AS [Fatura/Valor Total]","SQL_EXPRESSION_TYPE_TO_FINGERPRINT","NOT_PRESENT_OR_UNRESOLVED","pub.vw_faturas_por_cliente_powerbi.Fatura/Valor Total","","IMPLEMENTADO_INTEGRADO_VERIFICADO_LOCAL","G04"
"PUB-0049","V1_VIEW_OUTPUT","vw_faturas_por_cliente_powerbi","PUB-01..PUB-08","fpc.numero_fatura AS [Fatura/Número]","SQL_EXPRESSION_TYPE_TO_FINGERPRINT","NOT_PRESENT_OR_UNRESOLVED","pub.vw_faturas_por_cliente_powerbi.Fatura/Número","","IMPLEMENTADO_INTEGRADO_VERIFICADO_LOCAL","G04"
"PUB-0050","V1_VIEW_OUTPUT","vw_faturas_por_cliente_powerbi","PUB-01..PUB-08","CONVERT(NVARCHAR(10), datas.data_emissao_fatura, 23) AS [Fatura/Emissão Fatura]","SQL_EXPRESSION_TYPE_TO_FINGERPRINT","NOT_PRESENT_OR_UNRESOLVED","pub.vw_faturas_por_cliente_powerbi.Fatura/Emissão Fatura","","IMPLEMENTADO_INTEGRADO_VERIFICADO_LOCAL","G04"
"PUB-0051","V1_VIEW_OUTPUT","vw_faturas_por_cliente_powerbi","PUB-01..PUB-08","CONVERT(NVARCHAR(10), datas.data_vencimento_fatura, 23) AS [Parcelas/Vencimento]","SQL_EXPRESSION_TYPE_TO_FINGERPRINT","NOT_PRESENT_OR_UNRESOLVED","pub.vw_faturas_por_cliente_powerbi.Parcelas/Vencimento","","IMPLEMENTADO_INTEGRADO_VERIFICADO_LOCAL","G04"
"PUB-0052","V1_VIEW_OUTPUT","vw_faturas_por_cliente_powerbi","PUB-01..PUB-08","CONVERT(NVARCHAR(10), datas.data_baixa_fatura, 23) AS [Fatura/Baixa]","SQL_EXPRESSION_TYPE_TO_FINGERPRINT","NOT_PRESENT_OR_UNRESOLVED","pub.vw_faturas_por_cliente_powerbi.Fatura/Baixa","","IMPLEMENTADO_INTEGRADO_VERIFICADO_LOCAL","G04"
"PUB-0053","V1_VIEW_OUTPUT","vw_faturas_por_cliente_powerbi","PUB-01..PUB-08","CONVERT(NVARCHAR(10), datas.fit_ant_ils_original_due_date, 23) AS [Fatura/Data Vencimento Original]","SQL_EXPRESSION_TYPE_TO_FINGERPRINT","NOT_PRESENT_OR_UNRESOLVED","pub.vw_faturas_por_cliente_powerbi.Fatura/Data Vencimento Original","","IMPLEMENTADO_INTEGRADO_VERIFICADO_LOCAL","G04"
"PUB-0054","V1_VIEW_OUTPUT","vw_faturas_por_cliente_powerbi","PUB-01..PUB-08","fpc.notas_fiscais AS [Notas Fiscais]","SQL_EXPRESSION_TYPE_TO_FINGERPRINT","NOT_PRESENT_OR_UNRESOLVED","pub.vw_faturas_por_cliente_powerbi.Notas Fiscais","","IMPLEMENTADO_INTEGRADO_VERIFICADO_LOCAL","G04"
"PUB-0055","V1_VIEW_OUTPUT","vw_faturas_por_cliente_powerbi","PUB-01..PUB-08","fpc.pedidos_cliente AS [Pedidos/Cliente]","SQL_EXPRESSION_TYPE_TO_FINGERPRINT","NOT_PRESENT_OR_UNRESOLVED","pub.vw_faturas_por_cliente_powerbi.Pedidos/Cliente","","IMPLEMENTADO_INTEGRADO_VERIFICADO_LOCAL","G04"
"PUB-0056","V1_VIEW_OUTPUT","vw_faturas_por_cliente_powerbi","PUB-01..PUB-08","fpc.metadata AS [Metadata]","SQL_EXPRESSION_TYPE_TO_FINGERPRINT","NOT_PRESENT_OR_UNRESOLVED","recon.published_field_presence","","IMPLEMENTADO_INTEGRADO_VERIFICADO_LOCAL","G04"
"PUB-0057","V1_VIEW_OUTPUT","vw_faturas_por_cliente_powerbi","PUB-01..PUB-08","fpc.data_extracao AS [Data da Última Atualização]","SQL_EXPRESSION_TYPE_TO_FINGERPRINT","NOT_PRESENT_OR_UNRESOLVED","pub.vw_faturas_por_cliente_powerbi.Data da Última Atualização","","IMPLEMENTADO_INTEGRADO_VERIFICADO_LOCAL","G04"
"PUB-0058","V1_VIEW_OUTPUT","vw_fretes_powerbi","PUB-01..PUB-08","CAST(f.servico_em AS TIME(0)) AS [Hora (Solicitacao)]","SQL_EXPRESSION_TYPE_TO_FINGERPRINT","NOT_PRESENT_OR_UNRESOLVED","pub.vw_fretes_powerbi.Hora (Solicitacao)","","IMPLEMENTADO_INTEGRADO_VERIFICADO_LOCAL","G04"
"PUB-0059","V1_VIEW_OUTPUT","vw_fretes_powerbi","PUB-01..PUB-08","f.id AS [ID]","SQL_EXPRESSION_TYPE_TO_FINGERPRINT","NOT_PRESENT_OR_UNRESOLVED","pub.vw_fretes_powerbi.ID","","IMPLEMENTADO_INTEGRADO_VERIFICADO_LOCAL","G04"
"PUB-0060","V1_VIEW_OUTPUT","vw_fretes_powerbi","PUB-01..PUB-08","f.corporation_sequence_number AS [Nº Minuta]","SQL_EXPRESSION_TYPE_TO_FINGERPRINT","NOT_PRESENT_OR_UNRESOLVED","pub.vw_fretes_powerbi.Nº Minuta","","IMPLEMENTADO_INTEGRADO_VERIFICADO_LOCAL","G04"
"PUB-0061","V1_VIEW_OUTPUT","vw_fretes_powerbi","PUB-01..PUB-08","f.chave_cte AS [Chave CT-e]","SQL_EXPRESSION_TYPE_TO_FINGERPRINT","NOT_PRESENT_OR_UNRESOLVED","pub.vw_fretes_powerbi.Chave CT-e","","IMPLEMENTADO_INTEGRADO_VERIFICADO_LOCAL","G04"
"PUB-0062","V1_VIEW_OUTPUT","vw_fretes_powerbi","PUB-01..PUB-08","f.numero_cte AS [Nº CT-e]","SQL_EXPRESSION_TYPE_TO_FINGERPRINT","NOT_PRESENT_OR_UNRESOLVED","pub.vw_fretes_powerbi.Nº CT-e","","IMPLEMENTADO_INTEGRADO_VERIFICADO_LOCAL","G04"
"PUB-0063","V1_VIEW_OUTPUT","vw_fretes_powerbi","PUB-01..PUB-08","f.serie_cte AS [Série]","SQL_EXPRESSION_TYPE_TO_FINGERPRINT","NOT_PRESENT_OR_UNRESOLVED","pub.vw_fretes_powerbi.Série","","IMPLEMENTADO_INTEGRADO_VERIFICADO_LOCAL","G04"
"PUB-0064","V1_VIEW_OUTPUT","vw_fretes_powerbi","PUB-01..PUB-08","f.cte_issued_at AS [CT-e Emissão]","SQL_EXPRESSION_TYPE_TO_FINGERPRINT","NOT_PRESENT_OR_UNRESOLVED","pub.vw_fretes_powerbi.CT-e Emissão","","IMPLEMENTADO_INTEGRADO_VERIFICADO_LOCAL","G04"
"PUB-0065","V1_VIEW_OUTPUT","vw_fretes_powerbi","PUB-01..PUB-08","f.data_referencia_faturamento AS data_referencia_faturamento","SQL_EXPRESSION_TYPE_TO_FINGERPRINT","NOT_PRESENT_OR_UNRESOLVED","pub.vw_fretes_powerbi.data_referencia_faturamento","","IMPLEMENTADO_INTEGRADO_VERIFICADO_LOCAL","G04"
"PUB-0066","V1_VIEW_OUTPUT","vw_fretes_powerbi","PUB-01..PUB-08","f.cte_emission_type AS [CT-e Tipo Emissão]","SQL_EXPRESSION_TYPE_TO_FINGERPRINT","NOT_PRESENT_OR_UNRESOLVED","pub.vw_fretes_powerbi.CT-e Tipo Emissão","","IMPLEMENTADO_INTEGRADO_VERIFICADO_LOCAL","G04"
"PUB-0067","V1_VIEW_OUTPUT","vw_fretes_powerbi","PUB-01..PUB-08","f.cte_id AS [CT-e ID]","SQL_EXPRESSION_TYPE_TO_FINGERPRINT","NOT_PRESENT_OR_UNRESOLVED","pub.vw_fretes_powerbi.CT-e ID","","IMPLEMENTADO_INTEGRADO_VERIFICADO_LOCAL","G04"
"PUB-0068","V1_VIEW_OUTPUT","vw_fretes_powerbi","PUB-01..PUB-08","f.cte_created_at AS [CT-e Criado em]","SQL_EXPRESSION_TYPE_TO_FINGERPRINT","NOT_PRESENT_OR_UNRESOLVED","pub.vw_fretes_powerbi.CT-e Criado em","","IMPLEMENTADO_INTEGRADO_VERIFICADO_LOCAL","G04"
"PUB-0069","V1_VIEW_OUTPUT","vw_fretes_powerbi","PUB-01..PUB-08","CASE WHEN f.cte_id IS NOT NULL OR NULLIF(LTRIM(RTRIM(f.chave_cte)), '') IS NOT NULL OR f.numero_cte IS NOT NULL OR f.serie_cte IS NOT NULL THEN 'CT-e' WHEN f.nfse_number IS NOT NULL OR NULLIF(LTRIM(RTRIM(f.nfse_series)), '') IS NOT NULL OR NULLIF(LTRIM(RTRIM(f.nfse_xml_document)), '') IS NOT NULL OR NULLIF(LTRIM(RTRIM(f.nfse_integration_id)), '') IS NOT NULL THEN 'NFS-e' ELSE 'Pendente/Não Emitido' END AS [Documento Oficial/Tipo]","SQL_EXPRESSION_TYPE_TO_FINGERPRINT","NOT_PRESENT_OR_UNRESOLVED","pub.vw_fretes_powerbi.Documento Oficial/Tipo","","IMPLEMENTADO_INTEGRADO_VERIFICADO_LOCAL","G04"
"PUB-0070","V1_VIEW_OUTPUT","vw_fretes_powerbi","PUB-01..PUB-08","CASE WHEN f.cte_id IS NOT NULL OR NULLIF(LTRIM(RTRIM(f.chave_cte)), '') IS NOT NULL THEN f.chave_cte ELSE NULL END AS [Documento Oficial/Chave]","SQL_EXPRESSION_TYPE_TO_FINGERPRINT","NOT_PRESENT_OR_UNRESOLVED","pub.vw_fretes_powerbi.Documento Oficial/Chave","","IMPLEMENTADO_INTEGRADO_VERIFICADO_LOCAL","G04"
"PUB-0071","V1_VIEW_OUTPUT","vw_fretes_powerbi","PUB-01..PUB-08","CASE WHEN f.cte_id IS NOT NULL OR NULLIF(LTRIM(RTRIM(f.chave_cte)), '') IS NOT NULL OR f.numero_cte IS NOT NULL OR f.serie_cte IS NOT NULL THEN CONVERT(NVARCHAR(50), f.numero_cte) WHEN f.nfse_number IS NOT NULL OR NULLIF(LTRIM(RTRIM(f.nfse_series)), '') IS NOT NULL OR NULLIF(LTRIM(RTRIM(f.nfse_xml_document)), '') IS NOT NULL OR NULLIF(LTRIM(RTRIM(f.nfse_integration_id)), '') IS NOT NULL THEN CONVERT(NVARCHAR(50), f.nfse_number) ELSE NULL END AS [Documento Oficial/Número]","SQL_EXPRESSION_TYPE_TO_FINGERPRINT","NOT_PRESENT_OR_UNRESOLVED","pub.vw_fretes_powerbi.Documento Oficial/Número","","IMPLEMENTADO_INTEGRADO_VERIFICADO_LOCAL","G04"
"PUB-0072","V1_VIEW_OUTPUT","vw_fretes_powerbi","PUB-01..PUB-08","CASE WHEN f.cte_id IS NOT NULL OR NULLIF(LTRIM(RTRIM(f.chave_cte)), '') IS NOT NULL OR f.numero_cte IS NOT NULL OR f.serie_cte IS NOT NULL THEN CONVERT(NVARCHAR(50), f.serie_cte) WHEN f.nfse_number IS NOT NULL OR NULLIF(LTRIM(RTRIM(f.nfse_series)), '') IS NOT NULL OR NULLIF(LTRIM(RTRIM(f.nfse_xml_document)), '') IS NOT NULL OR NULLIF(LTRIM(RTRIM(f.nfse_integration_id)), '') IS NOT NULL THEN f.nfse_series ELSE NULL END AS [Documento Oficial/Série]","SQL_EXPRESSION_TYPE_TO_FINGERPRINT","NOT_PRESENT_OR_UNRESOLVED","pub.vw_fretes_powerbi.Documento Oficial/Série","","IMPLEMENTADO_INTEGRADO_VERIFICADO_LOCAL","G04"
"PUB-0073","V1_VIEW_OUTPUT","vw_fretes_powerbi","PUB-01..PUB-08","CASE WHEN f.cte_id IS NOT NULL OR NULLIF(LTRIM(RTRIM(f.chave_cte)), '') IS NOT NULL OR f.numero_cte IS NOT NULL OR f.serie_cte IS NOT NULL THEN NULL WHEN f.nfse_number IS NOT NULL OR NULLIF(LTRIM(RTRIM(f.nfse_series)), '') IS NOT NULL OR NULLIF(LTRIM(RTRIM(f.nfse_xml_document)), '') IS NOT NULL OR NULLIF(LTRIM(RTRIM(f.nfse_integration_id)), '') IS NOT NULL THEN f.nfse_xml_document ELSE NULL END AS [Documento Oficial/XML]","SQL_EXPRESSION_TYPE_TO_FINGERPRINT","NOT_PRESENT_OR_UNRESOLVED","pub.vw_fretes_powerbi.Documento Oficial/XML","","IMPLEMENTADO_INTEGRADO_VERIFICADO_LOCAL","G04"
"PUB-0074","V1_VIEW_OUTPUT","vw_fretes_powerbi","PUB-01..PUB-08","f.servico_em AS [Data frete]","SQL_EXPRESSION_TYPE_TO_FINGERPRINT","NOT_PRESENT_OR_UNRESOLVED","pub.vw_fretes_powerbi.Data frete","","IMPLEMENTADO_INTEGRADO_VERIFICADO_LOCAL","G04"
"PUB-0075","V1_VIEW_OUTPUT","vw_fretes_powerbi","PUB-01..PUB-08","f.criado_em AS [Criado em]","SQL_EXPRESSION_TYPE_TO_FINGERPRINT","NOT_PRESENT_OR_UNRESOLVED","pub.vw_fretes_powerbi.Criado em","","IMPLEMENTADO_INTEGRADO_VERIFICADO_LOCAL","G04"
"PUB-0076","V1_VIEW_OUTPUT","vw_fretes_powerbi","PUB-01..PUB-08","f.valor_total AS [Valor Total do Serviço]","SQL_EXPRESSION_TYPE_TO_FINGERPRINT","NOT_PRESENT_OR_UNRESOLVED","pub.vw_fretes_powerbi.Valor Total do Serviço","","IMPLEMENTADO_INTEGRADO_VERIFICADO_LOCAL","G04"
"PUB-0077","V1_VIEW_OUTPUT","vw_fretes_powerbi","PUB-01..PUB-08","f.valor_notas AS [Valor NF]","SQL_EXPRESSION_TYPE_TO_FINGERPRINT","NOT_PRESENT_OR_UNRESOLVED","pub.vw_fretes_powerbi.Valor NF","","IMPLEMENTADO_INTEGRADO_VERIFICADO_LOCAL","G04"
"PUB-0078","V1_VIEW_OUTPUT","vw_fretes_powerbi","PUB-01..PUB-08","f.peso_notas AS [Kg NF]","SQL_EXPRESSION_TYPE_TO_FINGERPRINT","NOT_PRESENT_OR_UNRESOLVED","pub.vw_fretes_powerbi.Kg NF","","IMPLEMENTADO_INTEGRADO_VERIFICADO_LOCAL","G04"
"PUB-0079","V1_VIEW_OUTPUT","vw_fretes_powerbi","PUB-01..PUB-08","f.subtotal AS [Valor Frete]","SQL_EXPRESSION_TYPE_TO_FINGERPRINT","NOT_PRESENT_OR_UNRESOLVED","pub.vw_fretes_powerbi.Valor Frete","","IMPLEMENTADO_INTEGRADO_VERIFICADO_LOCAL","G04"
"PUB-0080","V1_VIEW_OUTPUT","vw_fretes_powerbi","PUB-01..PUB-08","COALESCE(lc.invoices_volumes, f.invoices_total_volumes, 0) AS [Volumes]","SQL_EXPRESSION_TYPE_TO_FINGERPRINT","NOT_PRESENT_OR_UNRESOLVED","pub.vw_fretes_powerbi.Volumes","","IMPLEMENTADO_INTEGRADO_VERIFICADO_LOCAL","G04"
"PUB-0081","V1_VIEW_OUTPUT","vw_fretes_powerbi","PUB-01..PUB-08","f.taxed_weight AS [Kg Taxado]","SQL_EXPRESSION_TYPE_TO_FINGERPRINT","NOT_PRESENT_OR_UNRESOLVED","pub.vw_fretes_powerbi.Kg Taxado","","IMPLEMENTADO_INTEGRADO_VERIFICADO_LOCAL","G04"
"PUB-0082","V1_VIEW_OUTPUT","vw_fretes_powerbi","PUB-01..PUB-08","f.taxed_weight AS [Peso Taxado]","SQL_EXPRESSION_TYPE_TO_FINGERPRINT","NOT_PRESENT_OR_UNRESOLVED","pub.vw_fretes_powerbi.Peso Taxado","","IMPLEMENTADO_INTEGRADO_VERIFICADO_LOCAL","G04"
"PUB-0083","V1_VIEW_OUTPUT","vw_fretes_powerbi","PUB-01..PUB-08","f.real_weight AS [Kg Real]","SQL_EXPRESSION_TYPE_TO_FINGERPRINT","NOT_PRESENT_OR_UNRESOLVED","pub.vw_fretes_powerbi.Kg Real","","IMPLEMENTADO_INTEGRADO_VERIFICADO_LOCAL","G04"
"PUB-0084","V1_VIEW_OUTPUT","vw_fretes_powerbi","PUB-01..PUB-08","f.real_weight AS [Peso Real]","SQL_EXPRESSION_TYPE_TO_FINGERPRINT","NOT_PRESENT_OR_UNRESOLVED","pub.vw_fretes_powerbi.Peso Real","","IMPLEMENTADO_INTEGRADO_VERIFICADO_LOCAL","G04"
"PUB-0085","V1_VIEW_OUTPUT","vw_fretes_powerbi","PUB-01..PUB-08","f.cubages_cubed_weight AS [Kg Cubado]","SQL_EXPRESSION_TYPE_TO_FINGERPRINT","NOT_PRESENT_OR_UNRESOLVED","pub.vw_fretes_powerbi.Kg Cubado","","IMPLEMENTADO_INTEGRADO_VERIFICADO_LOCAL","G04"
"PUB-0086","V1_VIEW_OUTPUT","vw_fretes_powerbi","PUB-01..PUB-08","f.cubages_cubed_weight AS [Peso Cubado]","SQL_EXPRESSION_TYPE_TO_FINGERPRINT","NOT_PRESENT_OR_UNRESOLVED","pub.vw_fretes_powerbi.Peso Cubado","","IMPLEMENTADO_INTEGRADO_VERIFICADO_LOCAL","G04"
"PUB-0087","V1_VIEW_OUTPUT","vw_fretes_powerbi","PUB-01..PUB-08","f.total_cubic_volume AS [M3]","SQL_EXPRESSION_TYPE_TO_FINGERPRINT","NOT_PRESENT_OR_UNRESOLVED","pub.vw_fretes_powerbi.M3","","IMPLEMENTADO_INTEGRADO_VERIFICADO_LOCAL","G04"
"PUB-0088","V1_VIEW_OUTPUT","vw_fretes_powerbi","PUB-01..PUB-08","f.total_cubic_volume AS [Total M3]","SQL_EXPRESSION_TYPE_TO_FINGERPRINT","NOT_PRESENT_OR_UNRESOLVED","pub.vw_fretes_powerbi.Total M3","","IMPLEMENTADO_INTEGRADO_VERIFICADO_LOCAL","G04"
"PUB-0089","V1_VIEW_OUTPUT","vw_fretes_powerbi","PUB-01..PUB-08","f.pagador_nome AS [Pagador]","SQL_EXPRESSION_TYPE_TO_FINGERPRINT","NOT_PRESENT_OR_UNRESOLVED","pub.vw_fretes_powerbi.Pagador","","IMPLEMENTADO_INTEGRADO_VERIFICADO_LOCAL","G04"
"PUB-0090","V1_VIEW_OUTPUT","vw_fretes_powerbi","PUB-01..PUB-08","f.pagador_documento AS [Pagador Doc]","SQL_EXPRESSION_TYPE_TO_FINGERPRINT","NOT_PRESENT_OR_UNRESOLVED","pub.vw_fretes_powerbi.Pagador Doc","","IMPLEMENTADO_INTEGRADO_VERIFICADO_LOCAL","G04"
"PUB-0091","V1_VIEW_OUTPUT","vw_fretes_powerbi","PUB-01..PUB-08","f.pagador_id AS [Pagador ID]","SQL_EXPRESSION_TYPE_TO_FINGERPRINT","NOT_PRESENT_OR_UNRESOLVED","pub.vw_fretes_powerbi.Pagador ID","","IMPLEMENTADO_INTEGRADO_VERIFICADO_LOCAL","G04"
"PUB-0092","V1_VIEW_OUTPUT","vw_fretes_powerbi","PUB-01..PUB-08","f.remetente_nome AS [Remetente]","SQL_EXPRESSION_TYPE_TO_FINGERPRINT","NOT_PRESENT_OR_UNRESOLVED","pub.vw_fretes_powerbi.Remetente","","IMPLEMENTADO_INTEGRADO_VERIFICADO_LOCAL","G04"
"PUB-0093","V1_VIEW_OUTPUT","vw_fretes_powerbi","PUB-01..PUB-08","f.remetente_documento AS [Remetente Doc]","SQL_EXPRESSION_TYPE_TO_FINGERPRINT","NOT_PRESENT_OR_UNRESOLVED","pub.vw_fretes_powerbi.Remetente Doc","","IMPLEMENTADO_INTEGRADO_VERIFICADO_LOCAL","G04"
"PUB-0094","V1_VIEW_OUTPUT","vw_fretes_powerbi","PUB-01..PUB-08","f.remetente_id AS [Remetente ID]","SQL_EXPRESSION_TYPE_TO_FINGERPRINT","NOT_PRESENT_OR_UNRESOLVED","pub.vw_fretes_powerbi.Remetente ID","","IMPLEMENTADO_INTEGRADO_VERIFICADO_LOCAL","G04"
"PUB-0095","V1_VIEW_OUTPUT","vw_fretes_powerbi","PUB-01..PUB-08","f.origem_cidade AS [Origem]","SQL_EXPRESSION_TYPE_TO_FINGERPRINT","NOT_PRESENT_OR_UNRESOLVED","pub.vw_fretes_powerbi.Origem","","IMPLEMENTADO_INTEGRADO_VERIFICADO_LOCAL","G04"
"PUB-0096","V1_VIEW_OUTPUT","vw_fretes_powerbi","PUB-01..PUB-08","f.origem_uf AS [UF Origem]","SQL_EXPRESSION_TYPE_TO_FINGERPRINT","NOT_PRESENT_OR_UNRESOLVED","pub.vw_fretes_powerbi.UF Origem","","IMPLEMENTADO_INTEGRADO_VERIFICADO_LOCAL","G04"
"PUB-0097","V1_VIEW_OUTPUT","vw_fretes_powerbi","PUB-01..PUB-08","f.destinatario_nome AS [Destinatario]","SQL_EXPRESSION_TYPE_TO_FINGERPRINT","NOT_PRESENT_OR_UNRESOLVED","pub.vw_fretes_powerbi.Destinatario","","IMPLEMENTADO_INTEGRADO_VERIFICADO_LOCAL","G04"
"PUB-0098","V1_VIEW_OUTPUT","vw_fretes_powerbi","PUB-01..PUB-08","f.destinatario_documento AS [Destinatario Doc]","SQL_EXPRESSION_TYPE_TO_FINGERPRINT","NOT_PRESENT_OR_UNRESOLVED","pub.vw_fretes_powerbi.Destinatario Doc","","IMPLEMENTADO_INTEGRADO_VERIFICADO_LOCAL","G04"
"PUB-0099","V1_VIEW_OUTPUT","vw_fretes_powerbi","PUB-01..PUB-08","f.destinatario_id AS [Destinatario ID]","SQL_EXPRESSION_TYPE_TO_FINGERPRINT","NOT_PRESENT_OR_UNRESOLVED","pub.vw_fretes_powerbi.Destinatario ID","","IMPLEMENTADO_INTEGRADO_VERIFICADO_LOCAL","G04"
"PUB-0100","V1_VIEW_OUTPUT","vw_fretes_powerbi","PUB-01..PUB-08","f.destino_cidade AS [Destino]","SQL_EXPRESSION_TYPE_TO_FINGERPRINT","NOT_PRESENT_OR_UNRESOLVED","pub.vw_fretes_powerbi.Destino","","IMPLEMENTADO_INTEGRADO_VERIFICADO_LOCAL","G04"
"PUB-0101","V1_VIEW_OUTPUT","vw_fretes_powerbi","PUB-01..PUB-08","f.destino_cidade AS [Cidade Destino]","SQL_EXPRESSION_TYPE_TO_FINGERPRINT","NOT_PRESENT_OR_UNRESOLVED","pub.vw_fretes_powerbi.Cidade Destino","","IMPLEMENTADO_INTEGRADO_VERIFICADO_LOCAL","G04"
"PUB-0102","V1_VIEW_OUTPUT","vw_fretes_powerbi","PUB-01..PUB-08","f.destino_uf AS [UF Destino]","SQL_EXPRESSION_TYPE_TO_FINGERPRINT","NOT_PRESENT_OR_UNRESOLVED","pub.vw_fretes_powerbi.UF Destino","","IMPLEMENTADO_INTEGRADO_VERIFICADO_LOCAL","G04"
"PUB-0103","V1_VIEW_OUTPUT","vw_fretes_powerbi","PUB-01..PUB-08","COALESCE(NULLIF(LTRIM(RTRIM(lc.destination_location_name)), ''), f.destino_uf, N'SEM_REGIAO') AS [Região Destino]","SQL_EXPRESSION_TYPE_TO_FINGERPRINT","NOT_PRESENT_OR_UNRESOLVED","pub.vw_fretes_powerbi.Região Destino","","IMPLEMENTADO_INTEGRADO_VERIFICADO_LOCAL","G04"
"PUB-0104","V1_VIEW_OUTPUT","vw_fretes_powerbi","PUB-01..PUB-08","f.filial_nome AS [Filial]","SQL_EXPRESSION_TYPE_TO_FINGERPRINT","NOT_PRESENT_OR_UNRESOLVED","pub.vw_fretes_powerbi.Filial","","IMPLEMENTADO_INTEGRADO_VERIFICADO_LOCAL","G04"
"PUB-0105","V1_VIEW_OUTPUT","vw_fretes_powerbi","PUB-01..PUB-08","f.filial_nome AS [Filial Emissora]","SQL_EXPRESSION_TYPE_TO_FINGERPRINT","NOT_PRESENT_OR_UNRESOLVED","pub.vw_fretes_powerbi.Filial Emissora","","IMPLEMENTADO_INTEGRADO_VERIFICADO_LOCAL","G04"
"PUB-0106","V1_VIEW_OUTPUT","vw_fretes_powerbi","PUB-01..PUB-08","indicador_base.filial_responsavel_destino AS [Responsável pela Região de Destino]","SQL_EXPRESSION_TYPE_TO_FINGERPRINT","NOT_PRESENT_OR_UNRESOLVED","pub.vw_fretes_powerbi.Responsável pela Região de Destino","","IMPLEMENTADO_INTEGRADO_VERIFICADO_LOCAL","G04"
"PUB-0107","V1_VIEW_OUTPUT","vw_fretes_powerbi","PUB-01..PUB-08","indicador_base.filial_responsavel_destino_key AS [Responsável Região Destino Key]","SQL_EXPRESSION_TYPE_TO_FINGERPRINT","NOT_PRESENT_OR_UNRESOLVED","pub.vw_fretes_powerbi.Responsável Região Destino Key","","IMPLEMENTADO_INTEGRADO_VERIFICADO_LOCAL","G04"
"PUB-0108","V1_VIEW_OUTPUT","vw_fretes_powerbi","PUB-01..PUB-08","f.filial_apelido AS [Filial Apelido]","SQL_EXPRESSION_TYPE_TO_FINGERPRINT","NOT_PRESENT_OR_UNRESOLVED","pub.vw_fretes_powerbi.Filial Apelido","","IMPLEMENTADO_INTEGRADO_VERIFICADO_LOCAL","G04"
"PUB-0109","V1_VIEW_OUTPUT","vw_fretes_powerbi","PUB-01..PUB-08","f.filial_cnpj AS [Filial CNPJ]","SQL_EXPRESSION_TYPE_TO_FINGERPRINT","NOT_PRESENT_OR_UNRESOLVED","pub.vw_fretes_powerbi.Filial CNPJ","","IMPLEMENTADO_INTEGRADO_VERIFICADO_LOCAL","G04"
"PUB-0110","V1_VIEW_OUTPUT","vw_fretes_powerbi","PUB-01..PUB-08","f.tabela_preco_nome AS [Tabela de Preço]","SQL_EXPRESSION_TYPE_TO_FINGERPRINT","NOT_PRESENT_OR_UNRESOLVED","pub.vw_fretes_powerbi.Tabela de Preço","","IMPLEMENTADO_INTEGRADO_VERIFICADO_LOCAL","G04"
"PUB-0111","V1_VIEW_OUTPUT","vw_fretes_powerbi","PUB-01..PUB-08","f.classificacao_nome AS [Classificação]","SQL_EXPRESSION_TYPE_TO_FINGERPRINT","NOT_PRESENT_OR_UNRESOLVED","pub.vw_fretes_powerbi.Classificação","","IMPLEMENTADO_INTEGRADO_VERIFICADO_LOCAL","G04"
"PUB-0112","V1_VIEW_OUTPUT","vw_fretes_powerbi","PUB-01..PUB-08","f.centro_custo_nome AS [Centro de Custo]","SQL_EXPRESSION_TYPE_TO_FINGERPRINT","NOT_PRESENT_OR_UNRESOLVED","pub.vw_fretes_powerbi.Centro de Custo","","IMPLEMENTADO_INTEGRADO_VERIFICADO_LOCAL","G04"
"PUB-0113","V1_VIEW_OUTPUT","vw_fretes_powerbi","PUB-01..PUB-08","f.usuario_nome AS [Usuário]","SQL_EXPRESSION_TYPE_TO_FINGERPRINT","NOT_PRESENT_OR_UNRESOLVED","pub.vw_fretes_powerbi.Usuário","","IMPLEMENTADO_INTEGRADO_VERIFICADO_LOCAL","G04"
"PUB-0114","V1_VIEW_OUTPUT","vw_fretes_powerbi","PUB-01..PUB-08","f.numero_nota_fiscal AS [NF]","SQL_EXPRESSION_TYPE_TO_FINGERPRINT","NOT_PRESENT_OR_UNRESOLVED","pub.vw_fretes_powerbi.NF","","IMPLEMENTADO_INTEGRADO_VERIFICADO_LOCAL","G04"
"PUB-0115","V1_VIEW_OUTPUT","vw_fretes_powerbi","PUB-01..PUB-08","f.reference_number AS [Referência]","SQL_EXPRESSION_TYPE_TO_FINGERPRINT","NOT_PRESENT_OR_UNRESOLVED","pub.vw_fretes_powerbi.Referência","","IMPLEMENTADO_INTEGRADO_VERIFICADO_LOCAL","G04"
"PUB-0116","V1_VIEW_OUTPUT","vw_fretes_powerbi","PUB-01..PUB-08","f.id_corporacao AS [Corp ID]","SQL_EXPRESSION_TYPE_TO_FINGERPRINT","NOT_PRESENT_OR_UNRESOLVED","pub.vw_fretes_powerbi.Corp ID","","IMPLEMENTADO_INTEGRADO_VERIFICADO_LOCAL","G04"
"PUB-0117","V1_VIEW_OUTPUT","vw_fretes_powerbi","PUB-01..PUB-08","f.id_cidade_destino AS [Cidade Destino ID]","SQL_EXPRESSION_TYPE_TO_FINGERPRINT","NOT_PRESENT_OR_UNRESOLVED","pub.vw_fretes_powerbi.Cidade Destino ID","","IMPLEMENTADO_INTEGRADO_VERIFICADO_LOCAL","G04"
"PUB-0118","V1_VIEW_OUTPUT","vw_fretes_powerbi","PUB-01..PUB-08","indicador_base.previsao_entrega_oficial AS [Previsão de Entrega]","SQL_EXPRESSION_TYPE_TO_FINGERPRINT","NOT_PRESENT_OR_UNRESOLVED","pub.vw_fretes_powerbi.Previsão de Entrega","","IMPLEMENTADO_INTEGRADO_VERIFICADO_LOCAL","G04"
"PUB-0119","V1_VIEW_OUTPUT","vw_fretes_powerbi","PUB-01..PUB-08","f.finished_at AS [Data de Finalização]","SQL_EXPRESSION_TYPE_TO_FINGERPRINT","NOT_PRESENT_OR_UNRESOLVED","pub.vw_fretes_powerbi.Data de Finalização","","IMPLEMENTADO_INTEGRADO_VERIFICADO_LOCAL","G04"
"PUB-0120","V1_VIEW_OUTPUT","vw_fretes_powerbi","PUB-01..PUB-08","indicador_base.finalizacao_performance_oficial AS [Finalização da Performance]","SQL_EXPRESSION_TYPE_TO_FINGERPRINT","NOT_PRESENT_OR_UNRESOLVED","pub.vw_fretes_powerbi.Finalização da Performance","","IMPLEMENTADO_INTEGRADO_VERIFICADO_LOCAL","G04"
"PUB-0121","V1_VIEW_OUTPUT","vw_fretes_powerbi","PUB-01..PUB-08","indicador_perf.performance_diferenca_dias AS [Performance Diferença de Dias]","SQL_EXPRESSION_TYPE_TO_FINGERPRINT","NOT_PRESENT_OR_UNRESOLVED","pub.vw_fretes_powerbi.Performance Diferença de Dias","","IMPLEMENTADO_INTEGRADO_VERIFICADO_LOCAL","G04"
"PUB-0122","V1_VIEW_OUTPUT","vw_fretes_powerbi","PUB-01..PUB-08","CASE WHEN indicador_perf.performance_diferenca_dias IS NULL THEN NULL WHEN indicador_perf.performance_diferenca_dias <= 0 THEN 'NO PRAZO' ELSE 'FORA DO PRAZO' END AS [Performance Status]","SQL_EXPRESSION_TYPE_TO_FINGERPRINT","NOT_PRESENT_OR_UNRESOLVED","pub.vw_fretes_powerbi.Performance Status","","IMPLEMENTADO_INTEGRADO_VERIFICADO_LOCAL","G04"
"PUB-0123","V1_VIEW_OUTPUT","vw_fretes_powerbi","PUB-01..PUB-08","CASE WHEN indicador_perf.performance_diferenca_dias IS NULL THEN NULL WHEN indicador_perf.performance_diferenca_dias = 0 THEN 'NO PRAZO' WHEN indicador_perf.performance_diferenca_dias = 1 THEN '1 DIA DE ATRASO' WHEN indicador_perf.performance_diferenca_dias = 2 THEN '2 DIAS DE ATRASO' WHEN indicador_perf.performance_diferenca_dias = 3 THEN '3 DIAS DE ATRASO' WHEN indicador_perf.performance_diferenca_dias > 3 THEN 'ACIMA DE 3 DIAS DE ATRASO' WHEN indicador_perf.performance_diferenca_dias = -1 THEN '1 DIA ANTES' WHEN indicador_perf.performance_diferenca_dias = -2 THEN '2 DIAS ANTES' WHEN indicador_perf.performance_diferenca_dias = -3 THEN '3 DIAS ANTES' ELSE 'ACIMA DE 3 DIAS ANTES' END AS [Performance Status Dif de Dias]","SQL_EXPRESSION_TYPE_TO_FINGERPRINT","NOT_PRESENT_OR_UNRESOLVED","pub.vw_fretes_powerbi.Performance Status Dif de Dias","","IMPLEMENTADO_INTEGRADO_VERIFICADO_LOCAL","G04"
"PUB-0124","V1_VIEW_OUTPUT","vw_fretes_powerbi","PUB-01..PUB-08","CASE WHEN indicador_perf.performance_diferenca_dias IS NULL THEN NULL WHEN indicador_perf.performance_diferenca_dias = 0 THEN 'NO PRAZO' WHEN indicador_perf.performance_diferenca_dias = 1 THEN '1 DIA DE ATRASO' WHEN indicador_perf.performance_diferenca_dias = 2 THEN '2 DIAS DE ATRASO' WHEN indicador_perf.performance_diferenca_dias = 3 THEN '3 DIAS DE ATRASO' WHEN indicador_perf.performance_diferenca_dias > 3 THEN 'ACIMA DE 3 DIAS DE ATRASO' WHEN indicador_perf.performance_diferenca_dias = -1 THEN '1 DIA ANTES' WHEN indicador_perf.performance_diferenca_dias = -2 THEN '2 DIAS ANTES' WHEN indicador_perf.performance_diferenca_dias = -3 THEN '3 DIAS ANTES' ELSE 'ACIMA DE 3 DIAS ANTES' END AS [Performance Status Dif de Dias Oficial]","SQL_EXPRESSION_TYPE_TO_FINGERPRINT","NOT_PRESENT_OR_UNRESOLVED","pub.vw_fretes_powerbi.Performance Status Dif de Dias Oficial","","IMPLEMENTADO_INTEGRADO_VERIFICADO_LOCAL","G04"
"PUB-0125","V1_VIEW_OUTPUT","vw_fretes_powerbi","PUB-01..PUB-08","CASE WHEN EXISTS ( SELECT 1 FROM dbo.inventario AS inv WHERE inv.numero_minuta = f.corporation_sequence_number AND inv.flag_comprovante_anexado = 1 AND COALESCE(inv.excluido_na_origem, 0) = 0 ) THEN N'Sim' ELSE N'Não' END AS [Comprovante Anexado]","SQL_EXPRESSION_TYPE_TO_FINGERPRINT","NOT_PRESENT_OR_UNRESOLVED","pub.vw_fretes_powerbi.Comprovante Anexado","","IMPLEMENTADO_INTEGRADO_VERIFICADO_LOCAL","G04"
"PUB-0126","V1_VIEW_OUTPUT","vw_fretes_powerbi","PUB-01..PUB-08","f.modal AS [Modal]","SQL_EXPRESSION_TYPE_TO_FINGERPRINT","NOT_PRESENT_OR_UNRESOLVED","pub.vw_fretes_powerbi.Modal","","IMPLEMENTADO_INTEGRADO_VERIFICADO_LOCAL","G04"
"PUB-0127","V1_VIEW_OUTPUT","vw_fretes_powerbi","PUB-01..PUB-08","CASE f.status WHEN 'pending' THEN 'pendente' WHEN 'finished' THEN 'finalizado' WHEN 'done' THEN 'finalizado' WHEN 'canceled' THEN 'cancelada' WHEN 'cancelled' THEN 'cancelada' WHEN 'in_transit' THEN 'em trânsito' WHEN 'standby' THEN 'aguardando' WHEN 'manifested' THEN 'registrado' WHEN 'occurrence_treatment' THEN 'tratamento de ocorrência' ELSE f.status END AS [Status]","SQL_EXPRESSION_TYPE_TO_FINGERPRINT","NOT_PRESENT_OR_UNRESOLVED","pub.vw_fretes_powerbi.Status","","IMPLEMENTADO_INTEGRADO_VERIFICADO_LOCAL","G04"
"PUB-0128","V1_VIEW_OUTPUT","vw_fretes_powerbi","PUB-01..PUB-08","CASE WHEN f.cortesia = 1 THEN 'Sim' WHEN f.cortesia = 0 THEN 'Não' ELSE NULL END AS [Cortesia]","SQL_EXPRESSION_TYPE_TO_FINGERPRINT","NOT_PRESENT_OR_UNRESOLVED","pub.vw_fretes_powerbi.Cortesia","","IMPLEMENTADO_INTEGRADO_VERIFICADO_LOCAL","G04"
"PUB-0129","V1_VIEW_OUTPUT","vw_fretes_powerbi","PUB-01..PUB-08","f.cortesia AS [Cortesia Flag]","SQL_EXPRESSION_TYPE_TO_FINGERPRINT","NOT_PRESENT_OR_UNRESOLVED","pub.vw_fretes_powerbi.Cortesia Flag","","IMPLEMENTADO_INTEGRADO_VERIFICADO_LOCAL","G04"
"PUB-0130","V1_VIEW_OUTPUT","vw_fretes_powerbi","PUB-01..PUB-08","f.is_elegivel_faturamento AS is_elegivel_faturamento","SQL_EXPRESSION_TYPE_TO_FINGERPRINT","NOT_PRESENT_OR_UNRESOLVED","pub.vw_fretes_powerbi.is_elegivel_faturamento","","IMPLEMENTADO_INTEGRADO_VERIFICADO_LOCAL","G04"
"PUB-0131","V1_VIEW_OUTPUT","vw_fretes_powerbi","PUB-01..PUB-08","REPLACE(f.tipo_frete, 'Freight::', '') AS [Tipo Frete]","SQL_EXPRESSION_TYPE_TO_FINGERPRINT","NOT_PRESENT_OR_UNRESOLVED","pub.vw_fretes_powerbi.Tipo Frete","","IMPLEMENTADO_INTEGRADO_VERIFICADO_LOCAL","G04"
"PUB-0132","V1_VIEW_OUTPUT","vw_fretes_powerbi","PUB-01..PUB-08","f.service_type AS [Service Type]","SQL_EXPRESSION_TYPE_TO_FINGERPRINT","NOT_PRESENT_OR_UNRESOLVED","pub.vw_fretes_powerbi.Service Type","","IMPLEMENTADO_INTEGRADO_VERIFICADO_LOCAL","G04"
"PUB-0133","V1_VIEW_OUTPUT","vw_fretes_powerbi","PUB-01..PUB-08","CASE WHEN f.insurance_enabled = 1 THEN 'Com seguro' WHEN f.insurance_enabled = 0 THEN 'Sem seguro' ELSE NULL END AS [Seguro Habilitado]","SQL_EXPRESSION_TYPE_TO_FINGERPRINT","NOT_PRESENT_OR_UNRESOLVED","pub.vw_fretes_powerbi.Seguro Habilitado","","IMPLEMENTADO_INTEGRADO_VERIFICADO_LOCAL","G04"
"PUB-0134","V1_VIEW_OUTPUT","vw_fretes_powerbi","PUB-01..PUB-08","f.gris_subtotal AS [GRIS]","SQL_EXPRESSION_TYPE_TO_FINGERPRINT","NOT_PRESENT_OR_UNRESOLVED","pub.vw_fretes_powerbi.GRIS","","IMPLEMENTADO_INTEGRADO_VERIFICADO_LOCAL","G04"
"PUB-0135","V1_VIEW_OUTPUT","vw_fretes_powerbi","PUB-01..PUB-08","f.tde_subtotal AS [TDE]","SQL_EXPRESSION_TYPE_TO_FINGERPRINT","NOT_PRESENT_OR_UNRESOLVED","pub.vw_fretes_powerbi.TDE","","IMPLEMENTADO_INTEGRADO_VERIFICADO_LOCAL","G04"
"PUB-0136","V1_VIEW_OUTPUT","vw_fretes_powerbi","PUB-01..PUB-08","f.freight_weight_subtotal AS [Frete Peso]","SQL_EXPRESSION_TYPE_TO_FINGERPRINT","NOT_PRESENT_OR_UNRESOLVED","pub.vw_fretes_powerbi.Frete Peso","","IMPLEMENTADO_INTEGRADO_VERIFICADO_LOCAL","G04"
"PUB-0137","V1_VIEW_OUTPUT","vw_fretes_powerbi","PUB-01..PUB-08","f.ad_valorem_subtotal AS [Ad Valorem]","SQL_EXPRESSION_TYPE_TO_FINGERPRINT","NOT_PRESENT_OR_UNRESOLVED","pub.vw_fretes_powerbi.Ad Valorem","","IMPLEMENTADO_INTEGRADO_VERIFICADO_LOCAL","G04"
"PUB-0138","V1_VIEW_OUTPUT","vw_fretes_powerbi","PUB-01..PUB-08","f.toll_subtotal AS [Pedágio]","SQL_EXPRESSION_TYPE_TO_FINGERPRINT","NOT_PRESENT_OR_UNRESOLVED","pub.vw_fretes_powerbi.Pedágio","","IMPLEMENTADO_INTEGRADO_VERIFICADO_LOCAL","G04"
"PUB-0139","V1_VIEW_OUTPUT","vw_fretes_powerbi","PUB-01..PUB-08","f.itr_subtotal AS [ITR]","SQL_EXPRESSION_TYPE_TO_FINGERPRINT","NOT_PRESENT_OR_UNRESOLVED","pub.vw_fretes_powerbi.ITR","","IMPLEMENTADO_INTEGRADO_VERIFICADO_LOCAL","G04"
"PUB-0140","V1_VIEW_OUTPUT","vw_fretes_powerbi","PUB-01..PUB-08","f.modal_cte AS [Modal CT-e]","SQL_EXPRESSION_TYPE_TO_FINGERPRINT","NOT_PRESENT_OR_UNRESOLVED","pub.vw_fretes_powerbi.Modal CT-e","","IMPLEMENTADO_INTEGRADO_VERIFICADO_LOCAL","G04"
"PUB-0141","V1_VIEW_OUTPUT","vw_fretes_powerbi","PUB-01..PUB-08","f.redispatch_subtotal AS [Redispatch]","SQL_EXPRESSION_TYPE_TO_FINGERPRINT","NOT_PRESENT_OR_UNRESOLVED","pub.vw_fretes_powerbi.Redispatch","","IMPLEMENTADO_INTEGRADO_VERIFICADO_LOCAL","G04"
"PUB-0142","V1_VIEW_OUTPUT","vw_fretes_powerbi","PUB-01..PUB-08","f.suframa_subtotal AS [SUFRAMA]","SQL_EXPRESSION_TYPE_TO_FINGERPRINT","NOT_PRESENT_OR_UNRESOLVED","pub.vw_fretes_powerbi.SUFRAMA","","IMPLEMENTADO_INTEGRADO_VERIFICADO_LOCAL","G04"
"PUB-0143","V1_VIEW_OUTPUT","vw_fretes_powerbi","PUB-01..PUB-08","CASE f.payment_type WHEN 'bill' THEN 'cobrança' WHEN 'cash' THEN 'dinheiro' ELSE f.payment_type END AS [Tipo Pagamento]","SQL_EXPRESSION_TYPE_TO_FINGERPRINT","NOT_PRESENT_OR_UNRESOLVED","pub.vw_fretes_powerbi.Tipo Pagamento","","IMPLEMENTADO_INTEGRADO_VERIFICADO_LOCAL","G04"
"PUB-0144","V1_VIEW_OUTPUT","vw_fretes_powerbi","PUB-01..PUB-08","CASE f.previous_document_type WHEN 'electronic' THEN 'eletrônico' ELSE f.previous_document_type END AS [Doc Anterior]","SQL_EXPRESSION_TYPE_TO_FINGERPRINT","NOT_PRESENT_OR_UNRESOLVED","pub.vw_fretes_powerbi.Doc Anterior","","IMPLEMENTADO_INTEGRADO_VERIFICADO_LOCAL","G04"
"PUB-0145","V1_VIEW_OUTPUT","vw_fretes_powerbi","PUB-01..PUB-08","f.products_value AS [Valor Produtos]","SQL_EXPRESSION_TYPE_TO_FINGERPRINT","NOT_PRESENT_OR_UNRESOLVED","pub.vw_fretes_powerbi.Valor Produtos","","IMPLEMENTADO_INTEGRADO_VERIFICADO_LOCAL","G04"
"PUB-0146","V1_VIEW_OUTPUT","vw_fretes_powerbi","PUB-01..PUB-08","f.trt_subtotal AS [TRT]","SQL_EXPRESSION_TYPE_TO_FINGERPRINT","NOT_PRESENT_OR_UNRESOLVED","pub.vw_fretes_powerbi.TRT","","IMPLEMENTADO_INTEGRADO_VERIFICADO_LOCAL","G04"
"PUB-0147","V1_VIEW_OUTPUT","vw_fretes_powerbi","PUB-01..PUB-08","f.fiscal_cst_type AS [ICMS CST]","SQL_EXPRESSION_TYPE_TO_FINGERPRINT","NOT_PRESENT_OR_UNRESOLVED","pub.vw_fretes_powerbi.ICMS CST","","IMPLEMENTADO_INTEGRADO_VERIFICADO_LOCAL","G04"
"PUB-0148","V1_VIEW_OUTPUT","vw_fretes_powerbi","PUB-01..PUB-08","f.fiscal_cfop_code AS [CFOP]","SQL_EXPRESSION_TYPE_TO_FINGERPRINT","NOT_PRESENT_OR_UNRESOLVED","pub.vw_fretes_powerbi.CFOP","","IMPLEMENTADO_INTEGRADO_VERIFICADO_LOCAL","G04"
"PUB-0149","V1_VIEW_OUTPUT","vw_fretes_powerbi","PUB-01..PUB-08","f.fiscal_tax_value AS [Valor ICMS]","SQL_EXPRESSION_TYPE_TO_FINGERPRINT","NOT_PRESENT_OR_UNRESOLVED","pub.vw_fretes_powerbi.Valor ICMS","","IMPLEMENTADO_INTEGRADO_VERIFICADO_LOCAL","G04"
"PUB-0150","V1_VIEW_OUTPUT","vw_fretes_powerbi","PUB-01..PUB-08","f.fiscal_pis_value AS [Valor PIS]","SQL_EXPRESSION_TYPE_TO_FINGERPRINT","NOT_PRESENT_OR_UNRESOLVED","pub.vw_fretes_powerbi.Valor PIS","","IMPLEMENTADO_INTEGRADO_VERIFICADO_LOCAL","G04"
"PUB-0151","V1_VIEW_OUTPUT","vw_fretes_powerbi","PUB-01..PUB-08","f.fiscal_cofins_value AS [Valor COFINS]","SQL_EXPRESSION_TYPE_TO_FINGERPRINT","NOT_PRESENT_OR_UNRESOLVED","pub.vw_fretes_powerbi.Valor COFINS","","IMPLEMENTADO_INTEGRADO_VERIFICADO_LOCAL","G04"
"PUB-0152","V1_VIEW_OUTPUT","vw_fretes_powerbi","PUB-01..PUB-08","f.fiscal_calculation_basis AS [Base de Cálculo ICMS]","SQL_EXPRESSION_TYPE_TO_FINGERPRINT","NOT_PRESENT_OR_UNRESOLVED","pub.vw_fretes_powerbi.Base de Cálculo ICMS","","IMPLEMENTADO_INTEGRADO_VERIFICADO_LOCAL","G04"
"PUB-0153","V1_VIEW_OUTPUT","vw_fretes_powerbi","PUB-01..PUB-08","f.fiscal_tax_rate AS [Alíquota ICMS %]","SQL_EXPRESSION_TYPE_TO_FINGERPRINT","NOT_PRESENT_OR_UNRESOLVED","pub.vw_fretes_powerbi.Alíquota ICMS %","","IMPLEMENTADO_INTEGRADO_VERIFICADO_LOCAL","G04"
"PUB-0154","V1_VIEW_OUTPUT","vw_fretes_powerbi","PUB-01..PUB-08","f.fiscal_pis_rate AS [Alíquota PIS %]","SQL_EXPRESSION_TYPE_TO_FINGERPRINT","NOT_PRESENT_OR_UNRESOLVED","pub.vw_fretes_powerbi.Alíquota PIS %","","IMPLEMENTADO_INTEGRADO_VERIFICADO_LOCAL","G04"
"PUB-0155","V1_VIEW_OUTPUT","vw_fretes_powerbi","PUB-01..PUB-08","f.fiscal_cofins_rate AS [Alíquota COFINS %]","SQL_EXPRESSION_TYPE_TO_FINGERPRINT","NOT_PRESENT_OR_UNRESOLVED","pub.vw_fretes_powerbi.Alíquota COFINS %","","IMPLEMENTADO_INTEGRADO_VERIFICADO_LOCAL","G04"
"PUB-0156","V1_VIEW_OUTPUT","vw_fretes_powerbi","PUB-01..PUB-08","CASE WHEN f.fiscal_has_difal = 1 THEN 'possui' WHEN f.fiscal_has_difal = 0 THEN 'não possui' ELSE NULL END AS [Possui DIFAL]","SQL_EXPRESSION_TYPE_TO_FINGERPRINT","NOT_PRESENT_OR_UNRESOLVED","pub.vw_fretes_powerbi.Possui DIFAL","","IMPLEMENTADO_INTEGRADO_VERIFICADO_LOCAL","G04"
"PUB-0157","V1_VIEW_OUTPUT","vw_fretes_powerbi","PUB-01..PUB-08","f.fiscal_difal_origin AS [DIFAL Origem]","SQL_EXPRESSION_TYPE_TO_FINGERPRINT","NOT_PRESENT_OR_UNRESOLVED","pub.vw_fretes_powerbi.DIFAL Origem","","IMPLEMENTADO_INTEGRADO_VERIFICADO_LOCAL","G04"
"PUB-0158","V1_VIEW_OUTPUT","vw_fretes_powerbi","PUB-01..PUB-08","f.fiscal_difal_destination AS [DIFAL Destino]","SQL_EXPRESSION_TYPE_TO_FINGERPRINT","NOT_PRESENT_OR_UNRESOLVED","pub.vw_fretes_powerbi.DIFAL Destino","","IMPLEMENTADO_INTEGRADO_VERIFICADO_LOCAL","G04"
"PUB-0159","V1_VIEW_OUTPUT","vw_fretes_powerbi","PUB-01..PUB-08","f.nfse_series AS [Série NFS-e]","SQL_EXPRESSION_TYPE_TO_FINGERPRINT","NOT_PRESENT_OR_UNRESOLVED","pub.vw_fretes_powerbi.Série NFS-e","","IMPLEMENTADO_INTEGRADO_VERIFICADO_LOCAL","G04"
"PUB-0160","V1_VIEW_OUTPUT","vw_fretes_powerbi","PUB-01..PUB-08","f.nfse_number AS [Nº NFS-e]","SQL_EXPRESSION_TYPE_TO_FINGERPRINT","NOT_PRESENT_OR_UNRESOLVED","pub.vw_fretes_powerbi.Nº NFS-e","","IMPLEMENTADO_INTEGRADO_VERIFICADO_LOCAL","G04"
"PUB-0161","V1_VIEW_OUTPUT","vw_fretes_powerbi","PUB-01..PUB-08","f.nfse_integration_id AS [NFS-e/ID Integração]","SQL_EXPRESSION_TYPE_TO_FINGERPRINT","NOT_PRESENT_OR_UNRESOLVED","pub.vw_fretes_powerbi.NFS-e/ID Integração","","IMPLEMENTADO_INTEGRADO_VERIFICADO_LOCAL","G04"
"PUB-0162","V1_VIEW_OUTPUT","vw_fretes_powerbi","PUB-01..PUB-08","f.nfse_status AS [NFS-e/Status]","SQL_EXPRESSION_TYPE_TO_FINGERPRINT","NOT_PRESENT_OR_UNRESOLVED","pub.vw_fretes_powerbi.NFS-e/Status","","IMPLEMENTADO_INTEGRADO_VERIFICADO_LOCAL","G04"
"PUB-0163","V1_VIEW_OUTPUT","vw_fretes_powerbi","PUB-01..PUB-08","f.nfse_issued_at AS [NFS-e/Emissão]","SQL_EXPRESSION_TYPE_TO_FINGERPRINT","NOT_PRESENT_OR_UNRESOLVED","pub.vw_fretes_powerbi.NFS-e/Emissão","","IMPLEMENTADO_INTEGRADO_VERIFICADO_LOCAL","G04"
"PUB-0164","V1_VIEW_OUTPUT","vw_fretes_powerbi","PUB-01..PUB-08","f.nfse_cancelation_reason AS [NFS-e/Cancelamento/Motivo]","SQL_EXPRESSION_TYPE_TO_FINGERPRINT","NOT_PRESENT_OR_UNRESOLVED","pub.vw_fretes_powerbi.NFS-e/Cancelamento/Motivo","","IMPLEMENTADO_INTEGRADO_VERIFICADO_LOCAL","G04"
"PUB-0165","V1_VIEW_OUTPUT","vw_fretes_powerbi","PUB-01..PUB-08","f.nfse_pdf_service_url AS [NFS-e/PDF]","SQL_EXPRESSION_TYPE_TO_FINGERPRINT","NOT_PRESENT_OR_UNRESOLVED","pub.vw_fretes_powerbi.NFS-e/PDF","","IMPLEMENTADO_INTEGRADO_VERIFICADO_LOCAL","G04"
"PUB-0166","V1_VIEW_OUTPUT","vw_fretes_powerbi","PUB-01..PUB-08","f.nfse_corporation_id AS [NFS-e/Filial ID]","SQL_EXPRESSION_TYPE_TO_FINGERPRINT","NOT_PRESENT_OR_UNRESOLVED","pub.vw_fretes_powerbi.NFS-e/Filial ID","","IMPLEMENTADO_INTEGRADO_VERIFICADO_LOCAL","G04"
"PUB-0167","V1_VIEW_OUTPUT","vw_fretes_powerbi","PUB-01..PUB-08","f.nfse_service_description AS [NFS-e/Serviço/Descrição]","SQL_EXPRESSION_TYPE_TO_FINGERPRINT","NOT_PRESENT_OR_UNRESOLVED","pub.vw_fretes_powerbi.NFS-e/Serviço/Descrição","","IMPLEMENTADO_INTEGRADO_VERIFICADO_LOCAL","G04"
"PUB-0168","V1_VIEW_OUTPUT","vw_fretes_powerbi","PUB-01..PUB-08","f.nfse_xml_document AS [NFS-e/XML]","SQL_EXPRESSION_TYPE_TO_FINGERPRINT","NOT_PRESENT_OR_UNRESOLVED","pub.vw_fretes_powerbi.NFS-e/XML","","IMPLEMENTADO_INTEGRADO_VERIFICADO_LOCAL","G04"
"PUB-0169","V1_VIEW_OUTPUT","vw_fretes_powerbi","PUB-01..PUB-08","f.insurance_id AS [Seguro ID]","SQL_EXPRESSION_TYPE_TO_FINGERPRINT","NOT_PRESENT_OR_UNRESOLVED","pub.vw_fretes_powerbi.Seguro ID","","IMPLEMENTADO_INTEGRADO_VERIFICADO_LOCAL","G04"
"PUB-0170","V1_VIEW_OUTPUT","vw_fretes_powerbi","PUB-01..PUB-08","f.other_fees AS [Outras Tarifas]","SQL_EXPRESSION_TYPE_TO_FINGERPRINT","NOT_PRESENT_OR_UNRESOLVED","pub.vw_fretes_powerbi.Outras Tarifas","","IMPLEMENTADO_INTEGRADO_VERIFICADO_LOCAL","G04"
"PUB-0171","V1_VIEW_OUTPUT","vw_fretes_powerbi","PUB-01..PUB-08","f.km AS [KM]","SQL_EXPRESSION_TYPE_TO_FINGERPRINT","NOT_PRESENT_OR_UNRESOLVED","pub.vw_fretes_powerbi.KM","","IMPLEMENTADO_INTEGRADO_VERIFICADO_LOCAL","G04"
"PUB-0172","V1_VIEW_OUTPUT","vw_fretes_powerbi","PUB-01..PUB-08","f.payment_accountable_type AS [Tipo Contábil Pagamento]","SQL_EXPRESSION_TYPE_TO_FINGERPRINT","NOT_PRESENT_OR_UNRESOLVED","pub.vw_fretes_powerbi.Tipo Contábil Pagamento","","IMPLEMENTADO_INTEGRADO_VERIFICADO_LOCAL","G04"
"PUB-0173","V1_VIEW_OUTPUT","vw_fretes_powerbi","PUB-01..PUB-08","f.insured_value AS [Valor Segurado]","SQL_EXPRESSION_TYPE_TO_FINGERPRINT","NOT_PRESENT_OR_UNRESOLVED","pub.vw_fretes_powerbi.Valor Segurado","","IMPLEMENTADO_INTEGRADO_VERIFICADO_LOCAL","G04"
"PUB-0174","V1_VIEW_OUTPUT","vw_fretes_powerbi","PUB-01..PUB-08","CASE WHEN f.globalized = 1 THEN 'verdadeiro' WHEN f.globalized = 0 THEN 'falso' ELSE NULL END AS [Globalizado]","SQL_EXPRESSION_TYPE_TO_FINGERPRINT","NOT_PRESENT_OR_UNRESOLVED","pub.vw_fretes_powerbi.Globalizado","","IMPLEMENTADO_INTEGRADO_VERIFICADO_LOCAL","G04"
"PUB-0175","V1_VIEW_OUTPUT","vw_fretes_powerbi","PUB-01..PUB-08","f.sec_cat_subtotal AS [SEC/CAT]","SQL_EXPRESSION_TYPE_TO_FINGERPRINT","NOT_PRESENT_OR_UNRESOLVED","pub.vw_fretes_powerbi.SEC/CAT","","IMPLEMENTADO_INTEGRADO_VERIFICADO_LOCAL","G04"
"PUB-0176","V1_VIEW_OUTPUT","vw_fretes_powerbi","PUB-01..PUB-08","CASE f.globalized_type WHEN 'none' THEN 'nenhum' ELSE f.globalized_type END AS [Tipo Globalizado]","SQL_EXPRESSION_TYPE_TO_FINGERPRINT","NOT_PRESENT_OR_UNRESOLVED","pub.vw_fretes_powerbi.Tipo Globalizado","","IMPLEMENTADO_INTEGRADO_VERIFICADO_LOCAL","G04"
"PUB-0177","V1_VIEW_OUTPUT","vw_fretes_powerbi","PUB-01..PUB-08","f.price_table_accountable_type AS [Tipo Contábil Tabela]","SQL_EXPRESSION_TYPE_TO_FINGERPRINT","NOT_PRESENT_OR_UNRESOLVED","pub.vw_fretes_powerbi.Tipo Contábil Tabela","","IMPLEMENTADO_INTEGRADO_VERIFICADO_LOCAL","G04"
"PUB-0178","V1_VIEW_OUTPUT","vw_fretes_powerbi","PUB-01..PUB-08","f.insurance_accountable_type AS [Tipo Contábil Seguro]","SQL_EXPRESSION_TYPE_TO_FINGERPRINT","NOT_PRESENT_OR_UNRESOLVED","pub.vw_fretes_powerbi.Tipo Contábil Seguro","","IMPLEMENTADO_INTEGRADO_VERIFICADO_LOCAL","G04"
"PUB-0179","V1_VIEW_OUTPUT","vw_fretes_powerbi","PUB-01..PUB-08","f.metadata AS [Metadata]","SQL_EXPRESSION_TYPE_TO_FINGERPRINT","NOT_PRESENT_OR_UNRESOLVED","recon.published_field_presence","","IMPLEMENTADO_INTEGRADO_VERIFICADO_LOCAL","G04"
"PUB-0180","V1_VIEW_OUTPUT","vw_fretes_powerbi","PUB-01..PUB-08","f.data_extracao AS [Data de extracao]","SQL_EXPRESSION_TYPE_TO_FINGERPRINT","NOT_PRESENT_OR_UNRESOLVED","pub.vw_fretes_powerbi.Data de extracao","","IMPLEMENTADO_INTEGRADO_VERIFICADO_LOCAL","G04"
"PUB-0181","V1_VIEW_OUTPUT","vw_coletas_powerbi","PUB-01..PUB-08","c.id AS [ID]","SQL_EXPRESSION_TYPE_TO_FINGERPRINT","NOT_PRESENT_OR_UNRESOLVED","pub.vw_coletas_powerbi.ID","","IMPLEMENTADO_INTEGRADO_VERIFICADO_LOCAL","G04"
"PUB-0182","V1_VIEW_OUTPUT","vw_coletas_powerbi","PUB-01..PUB-08","c.sequence_code AS [Coleta]","SQL_EXPRESSION_TYPE_TO_FINGERPRINT","NOT_PRESENT_OR_UNRESOLVED","pub.vw_coletas_powerbi.Coleta","","IMPLEMENTADO_INTEGRADO_VERIFICADO_LOCAL","G04"
"PUB-0183","V1_VIEW_OUTPUT","vw_coletas_powerbi","PUB-01..PUB-08","c.request_date AS [Solicitacao]","SQL_EXPRESSION_TYPE_TO_FINGERPRINT","NOT_PRESENT_OR_UNRESOLVED","pub.vw_coletas_powerbi.Solicitacao","","IMPLEMENTADO_INTEGRADO_VERIFICADO_LOCAL","G04"
"PUB-0184","V1_VIEW_OUTPUT","vw_coletas_powerbi","PUB-01..PUB-08","CAST(ISNULL(c.request_hour, '00:00:00') AS TIME(0)) AS [Hora (Solicitacao)]","SQL_EXPRESSION_TYPE_TO_FINGERPRINT","NOT_PRESENT_OR_UNRESOLVED","pub.vw_coletas_powerbi.Hora (Solicitacao)","","IMPLEMENTADO_INTEGRADO_VERIFICADO_LOCAL","G04"
"PUB-0185","V1_VIEW_OUTPUT","vw_coletas_powerbi","PUB-01..PUB-08","c.service_date AS [Agendamento]","SQL_EXPRESSION_TYPE_TO_FINGERPRINT","NOT_PRESENT_OR_UNRESOLVED","pub.vw_coletas_powerbi.Agendamento","","IMPLEMENTADO_INTEGRADO_VERIFICADO_LOCAL","G04"
"PUB-0186","V1_VIEW_OUTPUT","vw_coletas_powerbi","PUB-01..PUB-08","c.finish_date AS [Finalizacao]","SQL_EXPRESSION_TYPE_TO_FINGERPRINT","NOT_PRESENT_OR_UNRESOLVED","pub.vw_coletas_powerbi.Finalizacao","","IMPLEMENTADO_INTEGRADO_VERIFICADO_LOCAL","G04"
"PUB-0187","V1_VIEW_OUTPUT","vw_coletas_powerbi","PUB-01..PUB-08","CASE WHEN COALESCE(c.excluido_na_origem, 0) = 1 OR COALESCE(c.confirmacoes_ausencia_origem, 0) >= 1 THEN N'Excluída' ELSE COALESCE(status_coleta.rotulo_powerbi, c.status) END AS [Status]","SQL_EXPRESSION_TYPE_TO_FINGERPRINT","NOT_PRESENT_OR_UNRESOLVED","pub.vw_coletas_powerbi.Status","","IMPLEMENTADO_INTEGRADO_VERIFICADO_LOCAL","G04"
"PUB-0188","V1_VIEW_OUTPUT","vw_coletas_powerbi","PUB-01..PUB-08","CAST(COALESCE(c.excluido_na_origem, 0) AS BIT) AS [Excluída na Origem]","SQL_EXPRESSION_TYPE_TO_FINGERPRINT","NOT_PRESENT_OR_UNRESOLVED","pub.vw_coletas_powerbi.Excluída na Origem","","IMPLEMENTADO_INTEGRADO_VERIFICADO_LOCAL","G04"
"PUB-0189","V1_VIEW_OUTPUT","vw_coletas_powerbi","PUB-01..PUB-08","c.total_volumes AS [Volumes]","SQL_EXPRESSION_TYPE_TO_FINGERPRINT","NOT_PRESENT_OR_UNRESOLVED","pub.vw_coletas_powerbi.Volumes","","IMPLEMENTADO_INTEGRADO_VERIFICADO_LOCAL","G04"
"PUB-0190","V1_VIEW_OUTPUT","vw_coletas_powerbi","PUB-01..PUB-08","c.total_weight AS [Peso Real]","SQL_EXPRESSION_TYPE_TO_FINGERPRINT","NOT_PRESENT_OR_UNRESOLVED","pub.vw_coletas_powerbi.Peso Real","","IMPLEMENTADO_INTEGRADO_VERIFICADO_LOCAL","G04"
"PUB-0191","V1_VIEW_OUTPUT","vw_coletas_powerbi","PUB-01..PUB-08","c.taxed_weight AS [Peso Taxado]","SQL_EXPRESSION_TYPE_TO_FINGERPRINT","NOT_PRESENT_OR_UNRESOLVED","pub.vw_coletas_powerbi.Peso Taxado","","IMPLEMENTADO_INTEGRADO_VERIFICADO_LOCAL","G04"
"PUB-0192","V1_VIEW_OUTPUT","vw_coletas_powerbi","PUB-01..PUB-08","c.total_value AS [Valor NF]","SQL_EXPRESSION_TYPE_TO_FINGERPRINT","NOT_PRESENT_OR_UNRESOLVED","pub.vw_coletas_powerbi.Valor NF","","IMPLEMENTADO_INTEGRADO_VERIFICADO_LOCAL","G04"
"PUB-0193","V1_VIEW_OUTPUT","vw_coletas_powerbi","PUB-01..PUB-08","manifesto_canonico.sequence_code AS [Numero Manifesto]","SQL_EXPRESSION_TYPE_TO_FINGERPRINT","NOT_PRESENT_OR_UNRESOLVED","pub.vw_coletas_powerbi.Numero Manifesto","","IMPLEMENTADO_INTEGRADO_VERIFICADO_LOCAL","G04"
"PUB-0194","V1_VIEW_OUTPUT","vw_coletas_powerbi","PUB-01..PUB-08","c.vehicle_type_id AS [Veiculo]","SQL_EXPRESSION_TYPE_TO_FINGERPRINT","NOT_PRESENT_OR_UNRESOLVED","pub.vw_coletas_powerbi.Veiculo","","IMPLEMENTADO_INTEGRADO_VERIFICADO_LOCAL","G04"
"PUB-0195","V1_VIEW_OUTPUT","vw_coletas_powerbi","PUB-01..PUB-08","c.cliente_nome AS [Cliente]","SQL_EXPRESSION_TYPE_TO_FINGERPRINT","NOT_PRESENT_OR_UNRESOLVED","pub.vw_coletas_powerbi.Cliente","","IMPLEMENTADO_INTEGRADO_VERIFICADO_LOCAL","G04"
"PUB-0196","V1_VIEW_OUTPUT","vw_coletas_powerbi","PUB-01..PUB-08","c.cliente_doc AS [Cliente Doc]","SQL_EXPRESSION_TYPE_TO_FINGERPRINT","NOT_PRESENT_OR_UNRESOLVED","pub.vw_coletas_powerbi.Cliente Doc","","IMPLEMENTADO_INTEGRADO_VERIFICADO_LOCAL","G04"
"PUB-0197","V1_VIEW_OUTPUT","vw_coletas_powerbi","PUB-01..PUB-08","c.local_coleta AS [Local da Coleta]","SQL_EXPRESSION_TYPE_TO_FINGERPRINT","NOT_PRESENT_OR_UNRESOLVED","pub.vw_coletas_powerbi.Local da Coleta","","IMPLEMENTADO_INTEGRADO_VERIFICADO_LOCAL","G04"
"PUB-0198","V1_VIEW_OUTPUT","vw_coletas_powerbi","PUB-01..PUB-08","c.numero_coleta AS [Numero]","SQL_EXPRESSION_TYPE_TO_FINGERPRINT","NOT_PRESENT_OR_UNRESOLVED","pub.vw_coletas_powerbi.Numero","","IMPLEMENTADO_INTEGRADO_VERIFICADO_LOCAL","G04"
"PUB-0199","V1_VIEW_OUTPUT","vw_coletas_powerbi","PUB-01..PUB-08","c.complemento_coleta AS [Complemento]","SQL_EXPRESSION_TYPE_TO_FINGERPRINT","NOT_PRESENT_OR_UNRESOLVED","pub.vw_coletas_powerbi.Complemento","","IMPLEMENTADO_INTEGRADO_VERIFICADO_LOCAL","G04"
"PUB-0200","V1_VIEW_OUTPUT","vw_coletas_powerbi","PUB-01..PUB-08","c.cidade_coleta AS [Cidade]","SQL_EXPRESSION_TYPE_TO_FINGERPRINT","NOT_PRESENT_OR_UNRESOLVED","pub.vw_coletas_powerbi.Cidade","","IMPLEMENTADO_INTEGRADO_VERIFICADO_LOCAL","G04"
"PUB-0201","V1_VIEW_OUTPUT","vw_coletas_powerbi","PUB-01..PUB-08","c.bairro_coleta AS [Bairro]","SQL_EXPRESSION_TYPE_TO_FINGERPRINT","NOT_PRESENT_OR_UNRESOLVED","pub.vw_coletas_powerbi.Bairro","","IMPLEMENTADO_INTEGRADO_VERIFICADO_LOCAL","G04"
"PUB-0202","V1_VIEW_OUTPUT","vw_coletas_powerbi","PUB-01..PUB-08","c.uf_coleta AS [UF]","SQL_EXPRESSION_TYPE_TO_FINGERPRINT","NOT_PRESENT_OR_UNRESOLVED","pub.vw_coletas_powerbi.UF","","IMPLEMENTADO_INTEGRADO_VERIFICADO_LOCAL","G04"
"PUB-0203","V1_VIEW_OUTPUT","vw_coletas_powerbi","PUB-01..PUB-08","c.cep_coleta AS [CEP]","SQL_EXPRESSION_TYPE_TO_FINGERPRINT","NOT_PRESENT_OR_UNRESOLVED","pub.vw_coletas_powerbi.CEP","","IMPLEMENTADO_INTEGRADO_VERIFICADO_LOCAL","G04"
"PUB-0204","V1_VIEW_OUTPUT","vw_coletas_powerbi","PUB-01..PUB-08","c.pick_region AS [Região da Coleta]","SQL_EXPRESSION_TYPE_TO_FINGERPRINT","NOT_PRESENT_OR_UNRESOLVED","pub.vw_coletas_powerbi.Região da Coleta","","IMPLEMENTADO_INTEGRADO_VERIFICADO_LOCAL","G04"
"PUB-0205","V1_VIEW_OUTPUT","vw_coletas_powerbi","PUB-01..PUB-08","COALESCE( regra_cep.regiao_logistica, regra_cidade.regiao_logistica, CONCAT( COALESCE(coleta_local.cidade_limpa, N'Sem cidade'), N' - ', COALESCE(coleta_local.uf_limpa, N'Sem UF') ) ) AS [Região Logística]","SQL_EXPRESSION_TYPE_TO_FINGERPRINT","NOT_PRESENT_OR_UNRESOLVED","pub.vw_coletas_powerbi.Região Logística","","IMPLEMENTADO_INTEGRADO_VERIFICADO_LOCAL","G04"
"PUB-0206","V1_VIEW_OUTPUT","vw_coletas_powerbi","PUB-01..PUB-08","c.filial_id AS [Filial ID]","SQL_EXPRESSION_TYPE_TO_FINGERPRINT","NOT_PRESENT_OR_UNRESOLVED","pub.vw_coletas_powerbi.Filial ID","","IMPLEMENTADO_INTEGRADO_VERIFICADO_LOCAL","G04"
"PUB-0207","V1_VIEW_OUTPUT","vw_coletas_powerbi","PUB-01..PUB-08","c.filial_nome AS [Filial]","SQL_EXPRESSION_TYPE_TO_FINGERPRINT","NOT_PRESENT_OR_UNRESOLVED","pub.vw_coletas_powerbi.Filial","","IMPLEMENTADO_INTEGRADO_VERIFICADO_LOCAL","G04"
"PUB-0208","V1_VIEW_OUTPUT","vw_coletas_powerbi","PUB-01..PUB-08","c.usuario_nome AS [Usuario]","SQL_EXPRESSION_TYPE_TO_FINGERPRINT","NOT_PRESENT_OR_UNRESOLVED","pub.vw_coletas_powerbi.Usuario","","IMPLEMENTADO_INTEGRADO_VERIFICADO_LOCAL","G04"
"PUB-0209","V1_VIEW_OUTPUT","vw_coletas_powerbi","PUB-01..PUB-08","c.cancellation_reason AS [Motivo Cancel.]","SQL_EXPRESSION_TYPE_TO_FINGERPRINT","NOT_PRESENT_OR_UNRESOLVED","pub.vw_coletas_powerbi.Motivo Cancel.","","IMPLEMENTADO_INTEGRADO_VERIFICADO_LOCAL","G04"
"PUB-0210","V1_VIEW_OUTPUT","vw_coletas_powerbi","PUB-01..PUB-08","c.cancellation_user_id AS [Usuario Cancel. ID]","SQL_EXPRESSION_TYPE_TO_FINGERPRINT","NOT_PRESENT_OR_UNRESOLVED","pub.vw_coletas_powerbi.Usuario Cancel. ID","","IMPLEMENTADO_INTEGRADO_VERIFICADO_LOCAL","G04"
"PUB-0211","V1_VIEW_OUTPUT","vw_coletas_powerbi","PUB-01..PUB-08","COALESCE(u_cancel.nome, CAST(c.cancellation_user_id AS VARCHAR(20))) AS [Usuario Cancel. Nome]","SQL_EXPRESSION_TYPE_TO_FINGERPRINT","NOT_PRESENT_OR_UNRESOLVED","pub.vw_coletas_powerbi.Usuario Cancel. Nome","","IMPLEMENTADO_INTEGRADO_VERIFICADO_LOCAL","G04"
"PUB-0212","V1_VIEW_OUTPUT","vw_coletas_powerbi","PUB-01..PUB-08","c.destroy_reason AS [Motivo Exclusao]","SQL_EXPRESSION_TYPE_TO_FINGERPRINT","NOT_PRESENT_OR_UNRESOLVED","pub.vw_coletas_powerbi.Motivo Exclusao","","IMPLEMENTADO_INTEGRADO_VERIFICADO_LOCAL","G04"
"PUB-0213","V1_VIEW_OUTPUT","vw_coletas_powerbi","PUB-01..PUB-08","c.destroy_user_id AS [Usuario Exclusao ID]","SQL_EXPRESSION_TYPE_TO_FINGERPRINT","NOT_PRESENT_OR_UNRESOLVED","pub.vw_coletas_powerbi.Usuario Exclusao ID","","IMPLEMENTADO_INTEGRADO_VERIFICADO_LOCAL","G04"
"PUB-0214","V1_VIEW_OUTPUT","vw_coletas_powerbi","PUB-01..PUB-08","COALESCE(u_destroy.nome, CAST(c.destroy_user_id AS VARCHAR(20))) AS [Usuario Exclusao Nome]","SQL_EXPRESSION_TYPE_TO_FINGERPRINT","NOT_PRESENT_OR_UNRESOLVED","pub.vw_coletas_powerbi.Usuario Exclusao Nome","","IMPLEMENTADO_INTEGRADO_VERIFICADO_LOCAL","G04"
"PUB-0215","V1_VIEW_OUTPUT","vw_coletas_powerbi","PUB-01..PUB-08","c.status_updated_at AS [Status Atualizado Em]","SQL_EXPRESSION_TYPE_TO_FINGERPRINT","NOT_PRESENT_OR_UNRESOLVED","pub.vw_coletas_powerbi.Status Atualizado Em","","IMPLEMENTADO_INTEGRADO_VERIFICADO_LOCAL","G04"
"PUB-0216","V1_VIEW_OUTPUT","vw_coletas_powerbi","PUB-01..PUB-08","c.status_updated_at_em AS [Status Atualizado Em (normalizado)]","SQL_EXPRESSION_TYPE_TO_FINGERPRINT","NOT_PRESENT_OR_UNRESOLVED","pub.vw_coletas_powerbi.Status Atualizado Em (normalizado)","","IMPLEMENTADO_INTEGRADO_VERIFICADO_LOCAL","G04"
"PUB-0217","V1_VIEW_OUTPUT","vw_coletas_powerbi","PUB-01..PUB-08","c.last_occurrence AS [Última Ocorrência]","SQL_EXPRESSION_TYPE_TO_FINGERPRINT","NOT_PRESENT_OR_UNRESOLVED","pub.vw_coletas_powerbi.Última Ocorrência","","IMPLEMENTADO_INTEGRADO_VERIFICADO_LOCAL","G04"
"PUB-0218","V1_VIEW_OUTPUT","vw_coletas_powerbi","PUB-01..PUB-08","c.acao_ocorrencia AS [Ação da Ocorrência]","SQL_EXPRESSION_TYPE_TO_FINGERPRINT","NOT_PRESENT_OR_UNRESOLVED","pub.vw_coletas_powerbi.Ação da Ocorrência","","IMPLEMENTADO_INTEGRADO_VERIFICADO_LOCAL","G04"
"PUB-0219","V1_VIEW_OUTPUT","vw_coletas_powerbi","PUB-01..PUB-08","c.numero_tentativas AS [Nº Tentativas]","SQL_EXPRESSION_TYPE_TO_FINGERPRINT","NOT_PRESENT_OR_UNRESOLVED","pub.vw_coletas_powerbi.Nº Tentativas","","IMPLEMENTADO_INTEGRADO_VERIFICADO_LOCAL","G04"
"PUB-0220","V1_VIEW_OUTPUT","vw_coletas_powerbi","PUB-01..PUB-08","c.metadata AS [Metadata]","SQL_EXPRESSION_TYPE_TO_FINGERPRINT","NOT_PRESENT_OR_UNRESOLVED","recon.published_field_presence","","IMPLEMENTADO_INTEGRADO_VERIFICADO_LOCAL","G04"
"PUB-0221","V1_VIEW_OUTPUT","vw_coletas_powerbi","PUB-01..PUB-08","c.data_extracao AS [Data de extracao]","SQL_EXPRESSION_TYPE_TO_FINGERPRINT","NOT_PRESENT_OR_UNRESOLVED","pub.vw_coletas_powerbi.Data de extracao","","IMPLEMENTADO_INTEGRADO_VERIFICADO_LOCAL","G04"
"PUB-0222","V1_VIEW_OUTPUT","vw_coletas_excluidas_origem","PUB-01..PUB-08","c.id AS [ID]","SQL_EXPRESSION_TYPE_TO_FINGERPRINT","NOT_PRESENT_OR_UNRESOLVED","pub.vw_coletas_excluidas_origem.ID","","IMPLEMENTADO_INTEGRADO_VERIFICADO_LOCAL","G04"
"PUB-0223","V1_VIEW_OUTPUT","vw_coletas_excluidas_origem","PUB-01..PUB-08","c.sequence_code AS [Coleta]","SQL_EXPRESSION_TYPE_TO_FINGERPRINT","NOT_PRESENT_OR_UNRESOLVED","pub.vw_coletas_excluidas_origem.Coleta","","IMPLEMENTADO_INTEGRADO_VERIFICADO_LOCAL","G04"
"PUB-0224","V1_VIEW_OUTPUT","vw_coletas_excluidas_origem","PUB-01..PUB-08","c.request_date AS [Solicitacao]","SQL_EXPRESSION_TYPE_TO_FINGERPRINT","NOT_PRESENT_OR_UNRESOLVED","pub.vw_coletas_excluidas_origem.Solicitacao","","IMPLEMENTADO_INTEGRADO_VERIFICADO_LOCAL","G04"
"PUB-0225","V1_VIEW_OUTPUT","vw_coletas_excluidas_origem","PUB-01..PUB-08","c.filial_nome AS [Filial]","SQL_EXPRESSION_TYPE_TO_FINGERPRINT","NOT_PRESENT_OR_UNRESOLVED","pub.vw_coletas_excluidas_origem.Filial","","IMPLEMENTADO_INTEGRADO_VERIFICADO_LOCAL","G04"
"PUB-0226","V1_VIEW_OUTPUT","vw_coletas_excluidas_origem","PUB-01..PUB-08","c.status AS [Status ESL bruto]","SQL_EXPRESSION_TYPE_TO_FINGERPRINT","NOT_PRESENT_OR_UNRESOLVED","pub.vw_coletas_excluidas_origem.Status ESL bruto","","IMPLEMENTADO_INTEGRADO_VERIFICADO_LOCAL","G04"
"PUB-0227","V1_VIEW_OUTPUT","vw_coletas_excluidas_origem","PUB-01..PUB-08","COALESCE(status_coleta.rotulo_powerbi, c.status) AS [Status antes da exclusão]","SQL_EXPRESSION_TYPE_TO_FINGERPRINT","NOT_PRESENT_OR_UNRESOLVED","pub.vw_coletas_excluidas_origem.Status antes da exclusão","","IMPLEMENTADO_INTEGRADO_VERIFICADO_LOCAL","G04"
"PUB-0228","V1_VIEW_OUTPUT","vw_coletas_excluidas_origem","PUB-01..PUB-08","N'Excluída na origem' AS [Situação de sincronização]","SQL_EXPRESSION_TYPE_TO_FINGERPRINT","NOT_PRESENT_OR_UNRESOLVED","pub.vw_coletas_excluidas_origem.Situação de sincronização","","IMPLEMENTADO_INTEGRADO_VERIFICADO_LOCAL","G04"
"PUB-0229","V1_VIEW_OUTPUT","vw_coletas_excluidas_origem","PUB-01..PUB-08","c.ausente_na_origem_desde AS [Ausente desde]","SQL_EXPRESSION_TYPE_TO_FINGERPRINT","NOT_PRESENT_OR_UNRESOLVED","pub.vw_coletas_excluidas_origem.Ausente desde","","IMPLEMENTADO_INTEGRADO_VERIFICADO_LOCAL","G04"
"PUB-0230","V1_VIEW_OUTPUT","vw_coletas_excluidas_origem","PUB-01..PUB-08","c.confirmacoes_ausencia_origem AS [Confirmações de ausência]","SQL_EXPRESSION_TYPE_TO_FINGERPRINT","NOT_PRESENT_OR_UNRESOLVED","pub.vw_coletas_excluidas_origem.Confirmações de ausência","","IMPLEMENTADO_INTEGRADO_VERIFICADO_LOCAL","G04"
"PUB-0231","V1_VIEW_OUTPUT","vw_coletas_excluidas_origem","PUB-01..PUB-08","c.data_exclusao_origem AS [Excluída em]","SQL_EXPRESSION_TYPE_TO_FINGERPRINT","NOT_PRESENT_OR_UNRESOLVED","pub.vw_coletas_excluidas_origem.Excluída em","","IMPLEMENTADO_INTEGRADO_VERIFICADO_LOCAL","G04"
"PUB-0232","V1_VIEW_OUTPUT","vw_coletas_excluidas_origem","PUB-01..PUB-08","c.motivo_exclusao_origem AS [Motivo]","SQL_EXPRESSION_TYPE_TO_FINGERPRINT","NOT_PRESENT_OR_UNRESOLVED","pub.vw_coletas_excluidas_origem.Motivo","","IMPLEMENTADO_INTEGRADO_VERIFICADO_LOCAL","G04"
"PUB-0233","V1_VIEW_OUTPUT","vw_coletas_excluidas_origem","PUB-01..PUB-08","c.reconciliacao_origem_run_id AS [Execução de confirmação]","SQL_EXPRESSION_TYPE_TO_FINGERPRINT","NOT_PRESENT_OR_UNRESOLVED","pub.vw_coletas_excluidas_origem.Execução de confirmação","","IMPLEMENTADO_INTEGRADO_VERIFICADO_LOCAL","G04"
"PUB-0234","V1_VIEW_OUTPUT","vw_coletas_excluidas_origem","PUB-01..PUB-08","c.ultima_reconciliacao_origem_em AS [Última reconciliação]","SQL_EXPRESSION_TYPE_TO_FINGERPRINT","NOT_PRESENT_OR_UNRESOLVED","pub.vw_coletas_excluidas_origem.Última reconciliação","","IMPLEMENTADO_INTEGRADO_VERIFICADO_LOCAL","G04"
"PUB-0235","V1_VIEW_OUTPUT","vw_cotacoes_powerbi","PUB-01..PUB-08","sequence_code AS [N° Cotação]","SQL_EXPRESSION_TYPE_TO_FINGERPRINT","NOT_PRESENT_OR_UNRESOLVED","pub.vw_cotacoes_powerbi.N° Cotação","","IMPLEMENTADO_INTEGRADO_VERIFICADO_LOCAL","G04"
"PUB-0236","V1_VIEW_OUTPUT","vw_cotacoes_powerbi","PUB-01..PUB-08","requested_at AS [Data Cotação]","SQL_EXPRESSION_TYPE_TO_FINGERPRINT","NOT_PRESENT_OR_UNRESOLVED","pub.vw_cotacoes_powerbi.Data Cotação","","IMPLEMENTADO_INTEGRADO_VERIFICADO_LOCAL","G04"
"PUB-0237","V1_VIEW_OUTPUT","vw_cotacoes_powerbi","PUB-01..PUB-08","CAST(requested_at AS TIME(0)) AS [Hora (Solicitacao)]","SQL_EXPRESSION_TYPE_TO_FINGERPRINT","NOT_PRESENT_OR_UNRESOLVED","pub.vw_cotacoes_powerbi.Hora (Solicitacao)","","IMPLEMENTADO_INTEGRADO_VERIFICADO_LOCAL","G04"
"PUB-0238","V1_VIEW_OUTPUT","vw_cotacoes_powerbi","PUB-01..PUB-08","data_extracao AS [Data de extracao]","SQL_EXPRESSION_TYPE_TO_FINGERPRINT","NOT_PRESENT_OR_UNRESOLVED","pub.vw_cotacoes_powerbi.Data de extracao","","IMPLEMENTADO_INTEGRADO_VERIFICADO_LOCAL","G04"
"PUB-0239","V1_VIEW_OUTPUT","vw_cotacoes_powerbi","PUB-01..PUB-08","branch_nickname AS [Filial]","SQL_EXPRESSION_TYPE_TO_FINGERPRINT","NOT_PRESENT_OR_UNRESOLVED","pub.vw_cotacoes_powerbi.Filial","","IMPLEMENTADO_INTEGRADO_VERIFICADO_LOCAL","G04"
"PUB-0240","V1_VIEW_OUTPUT","vw_cotacoes_powerbi","PUB-01..PUB-08","branch_nickname AS [Unidade]","SQL_EXPRESSION_TYPE_TO_FINGERPRINT","NOT_PRESENT_OR_UNRESOLVED","pub.vw_cotacoes_powerbi.Unidade","","IMPLEMENTADO_INTEGRADO_VERIFICADO_LOCAL","G04"
"PUB-0241","V1_VIEW_OUTPUT","vw_cotacoes_powerbi","PUB-01..PUB-08","branch_nickname AS [Unidade_Origem]","SQL_EXPRESSION_TYPE_TO_FINGERPRINT","NOT_PRESENT_OR_UNRESOLVED","pub.vw_cotacoes_powerbi.Unidade_Origem","","IMPLEMENTADO_INTEGRADO_VERIFICADO_LOCAL","G04"
"PUB-0242","V1_VIEW_OUTPUT","vw_cotacoes_powerbi","PUB-01..PUB-08","requester_name AS [Solicitante]","SQL_EXPRESSION_TYPE_TO_FINGERPRINT","NOT_PRESENT_OR_UNRESOLVED","pub.vw_cotacoes_powerbi.Solicitante","","IMPLEMENTADO_INTEGRADO_VERIFICADO_LOCAL","G04"
"PUB-0243","V1_VIEW_OUTPUT","vw_cotacoes_powerbi","PUB-01..PUB-08","user_name AS [Usuário]","SQL_EXPRESSION_TYPE_TO_FINGERPRINT","NOT_PRESENT_OR_UNRESOLVED","pub.vw_cotacoes_powerbi.Usuário","","IMPLEMENTADO_INTEGRADO_VERIFICADO_LOCAL","G04"
"PUB-0244","V1_VIEW_OUTPUT","vw_cotacoes_powerbi","PUB-01..PUB-08","user_name_key AS [Usuario Key]","SQL_EXPRESSION_TYPE_TO_FINGERPRINT","NOT_PRESENT_OR_UNRESOLVED","pub.vw_cotacoes_powerbi.Usuario Key","","IMPLEMENTADO_INTEGRADO_VERIFICADO_LOCAL","G04"
"PUB-0245","V1_VIEW_OUTPUT","vw_cotacoes_powerbi","PUB-01..PUB-08","user_name AS [Setor_Usuario]","SQL_EXPRESSION_TYPE_TO_FINGERPRINT","NOT_PRESENT_OR_UNRESOLVED","pub.vw_cotacoes_powerbi.Setor_Usuario","","IMPLEMENTADO_INTEGRADO_VERIFICADO_LOCAL","G04"
"PUB-0246","V1_VIEW_OUTPUT","vw_cotacoes_powerbi","PUB-01..PUB-08","company_name AS [Empresa]","SQL_EXPRESSION_TYPE_TO_FINGERPRINT","NOT_PRESENT_OR_UNRESOLVED","pub.vw_cotacoes_powerbi.Empresa","","IMPLEMENTADO_INTEGRADO_VERIFICADO_LOCAL","G04"
"PUB-0247","V1_VIEW_OUTPUT","vw_cotacoes_powerbi","PUB-01..PUB-08","customer_name AS [Cliente Pagador]","SQL_EXPRESSION_TYPE_TO_FINGERPRINT","NOT_PRESENT_OR_UNRESOLVED","pub.vw_cotacoes_powerbi.Cliente Pagador","","IMPLEMENTADO_INTEGRADO_VERIFICADO_LOCAL","G04"
"PUB-0248","V1_VIEW_OUTPUT","vw_cotacoes_powerbi","PUB-01..PUB-08","customer_doc AS [CNPJ/CPF Cliente]","SQL_EXPRESSION_TYPE_TO_FINGERPRINT","NOT_PRESENT_OR_UNRESOLVED","pub.vw_cotacoes_powerbi.CNPJ/CPF Cliente","","IMPLEMENTADO_INTEGRADO_VERIFICADO_LOCAL","G04"
"PUB-0249","V1_VIEW_OUTPUT","vw_cotacoes_powerbi","PUB-01..PUB-08","customer_nickname AS [Pagador/Nome fantasia]","SQL_EXPRESSION_TYPE_TO_FINGERPRINT","NOT_PRESENT_OR_UNRESOLVED","pub.vw_cotacoes_powerbi.Pagador/Nome fantasia","","IMPLEMENTADO_INTEGRADO_VERIFICADO_LOCAL","G04"
"PUB-0250","V1_VIEW_OUTPUT","vw_cotacoes_powerbi","PUB-01..PUB-08","customer_name AS [Cliente Grupo]","SQL_EXPRESSION_TYPE_TO_FINGERPRINT","NOT_PRESENT_OR_UNRESOLVED","pub.vw_cotacoes_powerbi.Cliente Grupo","","IMPLEMENTADO_INTEGRADO_VERIFICADO_LOCAL","G04"
"PUB-0251","V1_VIEW_OUTPUT","vw_cotacoes_powerbi","PUB-01..PUB-08","COALESCE(customer_nickname, customer_name) AS [Cliente]","SQL_EXPRESSION_TYPE_TO_FINGERPRINT","NOT_PRESENT_OR_UNRESOLVED","pub.vw_cotacoes_powerbi.Cliente","","IMPLEMENTADO_INTEGRADO_VERIFICADO_LOCAL","G04"
"PUB-0252","V1_VIEW_OUTPUT","vw_cotacoes_powerbi","PUB-01..PUB-08","origin_city AS [Cidade Origem]","SQL_EXPRESSION_TYPE_TO_FINGERPRINT","NOT_PRESENT_OR_UNRESOLVED","pub.vw_cotacoes_powerbi.Cidade Origem","","IMPLEMENTADO_INTEGRADO_VERIFICADO_LOCAL","G04"
"PUB-0253","V1_VIEW_OUTPUT","vw_cotacoes_powerbi","PUB-01..PUB-08","origin_state AS [UF Origem]","SQL_EXPRESSION_TYPE_TO_FINGERPRINT","NOT_PRESENT_OR_UNRESOLVED","pub.vw_cotacoes_powerbi.UF Origem","","IMPLEMENTADO_INTEGRADO_VERIFICADO_LOCAL","G04"
"PUB-0254","V1_VIEW_OUTPUT","vw_cotacoes_powerbi","PUB-01..PUB-08","origin_postal_code AS [CEP Origem]","SQL_EXPRESSION_TYPE_TO_FINGERPRINT","NOT_PRESENT_OR_UNRESOLVED","pub.vw_cotacoes_powerbi.CEP Origem","","IMPLEMENTADO_INTEGRADO_VERIFICADO_LOCAL","G04"
"PUB-0255","V1_VIEW_OUTPUT","vw_cotacoes_powerbi","PUB-01..PUB-08","CONCAT(origin_city, ' - ', origin_state) AS [Origem]","SQL_EXPRESSION_TYPE_TO_FINGERPRINT","NOT_PRESENT_OR_UNRESOLVED","pub.vw_cotacoes_powerbi.Origem","","IMPLEMENTADO_INTEGRADO_VERIFICADO_LOCAL","G04"
"PUB-0256","V1_VIEW_OUTPUT","vw_cotacoes_powerbi","PUB-01..PUB-08","destination_city AS [Cidade Destino]","SQL_EXPRESSION_TYPE_TO_FINGERPRINT","NOT_PRESENT_OR_UNRESOLVED","pub.vw_cotacoes_powerbi.Cidade Destino","","IMPLEMENTADO_INTEGRADO_VERIFICADO_LOCAL","G04"
"PUB-0257","V1_VIEW_OUTPUT","vw_cotacoes_powerbi","PUB-01..PUB-08","destination_state AS [UF Destino]","SQL_EXPRESSION_TYPE_TO_FINGERPRINT","NOT_PRESENT_OR_UNRESOLVED","pub.vw_cotacoes_powerbi.UF Destino","","IMPLEMENTADO_INTEGRADO_VERIFICADO_LOCAL","G04"
"PUB-0258","V1_VIEW_OUTPUT","vw_cotacoes_powerbi","PUB-01..PUB-08","destination_postal_code AS [CEP Destino]","SQL_EXPRESSION_TYPE_TO_FINGERPRINT","NOT_PRESENT_OR_UNRESOLVED","pub.vw_cotacoes_powerbi.CEP Destino","","IMPLEMENTADO_INTEGRADO_VERIFICADO_LOCAL","G04"
"PUB-0259","V1_VIEW_OUTPUT","vw_cotacoes_powerbi","PUB-01..PUB-08","CONCAT(destination_city, ' - ', destination_state) AS [Destino]","SQL_EXPRESSION_TYPE_TO_FINGERPRINT","NOT_PRESENT_OR_UNRESOLVED","pub.vw_cotacoes_powerbi.Destino","","IMPLEMENTADO_INTEGRADO_VERIFICADO_LOCAL","G04"
"PUB-0260","V1_VIEW_OUTPUT","vw_cotacoes_powerbi","PUB-01..PUB-08","CONCAT(origin_city, ' - ', origin_state, ' x ', destination_city, ' - ', destination_state) AS [Trecho]","SQL_EXPRESSION_TYPE_TO_FINGERPRINT","NOT_PRESENT_OR_UNRESOLVED","pub.vw_cotacoes_powerbi.Trecho","","IMPLEMENTADO_INTEGRADO_VERIFICADO_LOCAL","G04"
"PUB-0261","V1_VIEW_OUTPUT","vw_cotacoes_powerbi","PUB-01..PUB-08","volumes AS [Volume]","SQL_EXPRESSION_TYPE_TO_FINGERPRINT","NOT_PRESENT_OR_UNRESOLVED","pub.vw_cotacoes_powerbi.Volume","","IMPLEMENTADO_INTEGRADO_VERIFICADO_LOCAL","G04"
"PUB-0262","V1_VIEW_OUTPUT","vw_cotacoes_powerbi","PUB-01..PUB-08","real_weight AS [Peso real]","SQL_EXPRESSION_TYPE_TO_FINGERPRINT","NOT_PRESENT_OR_UNRESOLVED","pub.vw_cotacoes_powerbi.Peso real","","IMPLEMENTADO_INTEGRADO_VERIFICADO_LOCAL","G04"
"PUB-0263","V1_VIEW_OUTPUT","vw_cotacoes_powerbi","PUB-01..PUB-08","taxed_weight AS [Peso taxado]","SQL_EXPRESSION_TYPE_TO_FINGERPRINT","NOT_PRESENT_OR_UNRESOLVED","pub.vw_cotacoes_powerbi.Peso taxado","","IMPLEMENTADO_INTEGRADO_VERIFICADO_LOCAL","G04"
"PUB-0264","V1_VIEW_OUTPUT","vw_cotacoes_powerbi","PUB-01..PUB-08","invoices_value AS [Valor NF]","SQL_EXPRESSION_TYPE_TO_FINGERPRINT","NOT_PRESENT_OR_UNRESOLVED","pub.vw_cotacoes_powerbi.Valor NF","","IMPLEMENTADO_INTEGRADO_VERIFICADO_LOCAL","G04"
"PUB-0265","V1_VIEW_OUTPUT","vw_cotacoes_powerbi","PUB-01..PUB-08","total_value AS [Valor frete]","SQL_EXPRESSION_TYPE_TO_FINGERPRINT","NOT_PRESENT_OR_UNRESOLVED","pub.vw_cotacoes_powerbi.Valor frete","","IMPLEMENTADO_INTEGRADO_VERIFICADO_LOCAL","G04"
"PUB-0266","V1_VIEW_OUTPUT","vw_cotacoes_powerbi","PUB-01..PUB-08","CASE WHEN origin_state = 'SP' AND destination_state = 'SP' THEN 0.66 WHEN origin_state = 'SP' AND destination_state = 'RJ' THEN 1.21 WHEN origin_state = 'SP' AND destination_state = 'PR' THEN 0.74 WHEN origin_state = 'SP' AND destination_state = 'RS' THEN 1.70 WHEN origin_state = 'SP' AND destination_state = 'PE' THEN 1.54 WHEN origin_state = 'RJ' AND destination_state = 'SP' THEN 1.21 WHEN origin_state = 'RJ' AND destination_state = 'RJ' THEN 0.66 WHEN origin_state = 'RJ' AND destination_state = 'PR' THEN 0.98 WHEN origin_state = 'RJ' AND destination_state = 'RS' THEN 2.08 WHEN origin_state = 'RJ' AND destination_state = 'PE' THEN 1.95 WHEN origin_state = 'PR' AND destination_state = 'SP' THEN 0.74 WHEN origin_state = 'PR' AND destination_state = 'RJ' THEN 0.88 WHEN origin_state = 'PR' AND destination_state = 'PR' THEN 0.55 WHEN origin_state = 'PR' AND destination_state = 'RS' THEN 0.98 WHEN origin_state = 'PR' AND destination_state = 'PE' THEN 1.83 WHEN origin_state = 'RS' AND destination_state = 'SP' THEN 1.70 WHEN origin_state = 'RS' AND destination_state = 'RJ' THEN 1.95 WHEN origin_state = 'RS' AND destination_state = 'PR' THEN 1.46 WHEN origin_state = 'RS' AND destination_state = 'RS' THEN 0.98 WHEN origin_state = 'RS' AND destination_state = 'PE' THEN 2.20 WHEN origin_state = 'PE' AND destination_state = 'SP' THEN 1.46 WHEN origin_state = 'PE' AND destination_state = 'RJ' THEN 2.20 WHEN origin_state = 'PE' AND destination_state = 'PR' THEN 2.20 WHEN origin_state = 'PE' AND destination_state = 'RS' THEN 2.32 WHEN origin_state = 'PE' AND destination_state = 'PE' THEN 0.55 ELSE 0.00 END AS [Min. Frete/KG]","SQL_EXPRESSION_TYPE_TO_FINGERPRINT","NOT_PRESENT_OR_UNRESOLVED","pub.vw_cotacoes_powerbi.Min. Frete/KG","","IMPLEMENTADO_INTEGRADO_VERIFICADO_LOCAL","G04"
"PUB-0267","V1_VIEW_OUTPUT","vw_cotacoes_powerbi","PUB-01..PUB-08","price_table AS [Tabela]","SQL_EXPRESSION_TYPE_TO_FINGERPRINT","NOT_PRESENT_OR_UNRESOLVED","pub.vw_cotacoes_powerbi.Tabela","","IMPLEMENTADO_INTEGRADO_VERIFICADO_LOCAL","G04"
"PUB-0268","V1_VIEW_OUTPUT","vw_cotacoes_powerbi","PUB-01..PUB-08","operation_type AS [Tipo de operação]","SQL_EXPRESSION_TYPE_TO_FINGERPRINT","NOT_PRESENT_OR_UNRESOLVED","pub.vw_cotacoes_powerbi.Tipo de operação","","IMPLEMENTADO_INTEGRADO_VERIFICADO_LOCAL","G04"
"PUB-0269","V1_VIEW_OUTPUT","vw_cotacoes_powerbi","PUB-01..PUB-08","metadata AS [Metadata]","SQL_EXPRESSION_TYPE_TO_FINGERPRINT","NOT_PRESENT_OR_UNRESOLVED","recon.published_field_presence","","IMPLEMENTADO_INTEGRADO_VERIFICADO_LOCAL","G04"
"PUB-0270","V1_VIEW_OUTPUT","vw_cotacoes_powerbi","PUB-01..PUB-08","CASE WHEN cte_issued_at IS NOT NULL OR nfse_issued_at IS NOT NULL THEN 'Convertida' WHEN disapprove_comments IS NOT NULL AND LEN(disapprove_comments) > 0 THEN 'Reprovada' ELSE 'Pendente' END AS [Status Conversão]","SQL_EXPRESSION_TYPE_TO_FINGERPRINT","NOT_PRESENT_OR_UNRESOLVED","pub.vw_cotacoes_powerbi.Status Conversão","","IMPLEMENTADO_INTEGRADO_VERIFICADO_LOCAL","G04"
"PUB-0271","V1_VIEW_OUTPUT","vw_cotacoes_powerbi","PUB-01..PUB-08","CASE WHEN cte_issued_at IS NOT NULL OR nfse_issued_at IS NOT NULL THEN 'Convertida' WHEN disapprove_comments IS NOT NULL AND LEN(disapprove_comments) > 0 THEN 'Reprovada' ELSE 'Pendente' END AS [Status_Sistema]","SQL_EXPRESSION_TYPE_TO_FINGERPRINT","NOT_PRESENT_OR_UNRESOLVED","pub.vw_cotacoes_powerbi.Status_Sistema","","IMPLEMENTADO_INTEGRADO_VERIFICADO_LOCAL","G04"
"PUB-0272","V1_VIEW_OUTPUT","vw_cotacoes_powerbi","PUB-01..PUB-08","CASE WHEN cte_issued_at IS NOT NULL THEN 'Emitido' ELSE 'Pendente' END AS [Status_Sistema_CTe]","SQL_EXPRESSION_TYPE_TO_FINGERPRINT","NOT_PRESENT_OR_UNRESOLVED","pub.vw_cotacoes_powerbi.Status_Sistema_CTe","","IMPLEMENTADO_INTEGRADO_VERIFICADO_LOCAL","G04"
"PUB-0273","V1_VIEW_OUTPUT","vw_cotacoes_powerbi","PUB-01..PUB-08","CASE WHEN nfse_issued_at IS NOT NULL THEN 'Emitida' ELSE 'Pendente' END AS [Status_Sistema_NFSe]","SQL_EXPRESSION_TYPE_TO_FINGERPRINT","NOT_PRESENT_OR_UNRESOLVED","pub.vw_cotacoes_powerbi.Status_Sistema_NFSe","","IMPLEMENTADO_INTEGRADO_VERIFICADO_LOCAL","G04"
"PUB-0274","V1_VIEW_OUTPUT","vw_cotacoes_powerbi","PUB-01..PUB-08","CASE WHEN cte_issued_at IS NOT NULL THEN 'Sim' ELSE 'Não' END AS [Refino_CTe]","SQL_EXPRESSION_TYPE_TO_FINGERPRINT","NOT_PRESENT_OR_UNRESOLVED","pub.vw_cotacoes_powerbi.Refino_CTe","","IMPLEMENTADO_INTEGRADO_VERIFICADO_LOCAL","G04"
"PUB-0275","V1_VIEW_OUTPUT","vw_cotacoes_powerbi","PUB-01..PUB-08","disapprove_comments AS [Motivo Perda]","SQL_EXPRESSION_TYPE_TO_FINGERPRINT","NOT_PRESENT_OR_UNRESOLVED","pub.vw_cotacoes_powerbi.Motivo Perda","","IMPLEMENTADO_INTEGRADO_VERIFICADO_LOCAL","G04"
"PUB-0276","V1_VIEW_OUTPUT","vw_cotacoes_powerbi","PUB-01..PUB-08","freight_comments AS [Observações para o frete]","SQL_EXPRESSION_TYPE_TO_FINGERPRINT","NOT_PRESENT_OR_UNRESOLVED","pub.vw_cotacoes_powerbi.Observações para o frete","","IMPLEMENTADO_INTEGRADO_VERIFICADO_LOCAL","G04"
"PUB-0277","V1_VIEW_OUTPUT","vw_cotacoes_powerbi","PUB-01..PUB-08","cte_issued_at AS [CT-e/Data de emissão]","SQL_EXPRESSION_TYPE_TO_FINGERPRINT","NOT_PRESENT_OR_UNRESOLVED","pub.vw_cotacoes_powerbi.CT-e/Data de emissão","","IMPLEMENTADO_INTEGRADO_VERIFICADO_LOCAL","G04"
"PUB-0278","V1_VIEW_OUTPUT","vw_cotacoes_powerbi","PUB-01..PUB-08","nfse_issued_at AS [Nfse/Data de emissão]","SQL_EXPRESSION_TYPE_TO_FINGERPRINT","NOT_PRESENT_OR_UNRESOLVED","pub.vw_cotacoes_powerbi.Nfse/Data de emissão","","IMPLEMENTADO_INTEGRADO_VERIFICADO_LOCAL","G04"
"PUB-0279","V1_VIEW_OUTPUT","vw_cotacoes_powerbi","PUB-01..PUB-08","sender_document AS [Remetente/CNPJ]","SQL_EXPRESSION_TYPE_TO_FINGERPRINT","NOT_PRESENT_OR_UNRESOLVED","pub.vw_cotacoes_powerbi.Remetente/CNPJ","","IMPLEMENTADO_INTEGRADO_VERIFICADO_LOCAL","G04"
"PUB-0280","V1_VIEW_OUTPUT","vw_cotacoes_powerbi","PUB-01..PUB-08","sender_nickname AS [Remetente/Nome fantasia]","SQL_EXPRESSION_TYPE_TO_FINGERPRINT","NOT_PRESENT_OR_UNRESOLVED","pub.vw_cotacoes_powerbi.Remetente/Nome fantasia","","IMPLEMENTADO_INTEGRADO_VERIFICADO_LOCAL","G04"
"PUB-0281","V1_VIEW_OUTPUT","vw_cotacoes_powerbi","PUB-01..PUB-08","receiver_document AS [Destinatário/CNPJ]","SQL_EXPRESSION_TYPE_TO_FINGERPRINT","NOT_PRESENT_OR_UNRESOLVED","pub.vw_cotacoes_powerbi.Destinatário/CNPJ","","IMPLEMENTADO_INTEGRADO_VERIFICADO_LOCAL","G04"
"PUB-0282","V1_VIEW_OUTPUT","vw_cotacoes_powerbi","PUB-01..PUB-08","receiver_nickname AS [Destinatário/Nome fantasia]","SQL_EXPRESSION_TYPE_TO_FINGERPRINT","NOT_PRESENT_OR_UNRESOLVED","pub.vw_cotacoes_powerbi.Destinatário/Nome fantasia","","IMPLEMENTADO_INTEGRADO_VERIFICADO_LOCAL","G04"
"PUB-0283","V1_VIEW_OUTPUT","vw_cotacoes_powerbi","PUB-01..PUB-08","discount_subtotal AS [Descontos/Subtotal parcelas]","SQL_EXPRESSION_TYPE_TO_FINGERPRINT","NOT_PRESENT_OR_UNRESOLVED","pub.vw_cotacoes_powerbi.Descontos/Subtotal parcelas","","IMPLEMENTADO_INTEGRADO_VERIFICADO_LOCAL","G04"
"PUB-0284","V1_VIEW_OUTPUT","vw_cotacoes_powerbi","PUB-01..PUB-08","itr_subtotal AS [Trechos/ITR]","SQL_EXPRESSION_TYPE_TO_FINGERPRINT","NOT_PRESENT_OR_UNRESOLVED","pub.vw_cotacoes_powerbi.Trechos/ITR","","IMPLEMENTADO_INTEGRADO_VERIFICADO_LOCAL","G04"
"PUB-0285","V1_VIEW_OUTPUT","vw_cotacoes_powerbi","PUB-01..PUB-08","tde_subtotal AS [Trechos/TDE]","SQL_EXPRESSION_TYPE_TO_FINGERPRINT","NOT_PRESENT_OR_UNRESOLVED","pub.vw_cotacoes_powerbi.Trechos/TDE","","IMPLEMENTADO_INTEGRADO_VERIFICADO_LOCAL","G04"
"PUB-0286","V1_VIEW_OUTPUT","vw_cotacoes_powerbi","PUB-01..PUB-08","collect_subtotal AS [Trechos/Coleta]","SQL_EXPRESSION_TYPE_TO_FINGERPRINT","NOT_PRESENT_OR_UNRESOLVED","pub.vw_cotacoes_powerbi.Trechos/Coleta","","IMPLEMENTADO_INTEGRADO_VERIFICADO_LOCAL","G04"
"PUB-0287","V1_VIEW_OUTPUT","vw_cotacoes_powerbi","PUB-01..PUB-08","delivery_subtotal AS [Trechos/Entrega]","SQL_EXPRESSION_TYPE_TO_FINGERPRINT","NOT_PRESENT_OR_UNRESOLVED","pub.vw_cotacoes_powerbi.Trechos/Entrega","","IMPLEMENTADO_INTEGRADO_VERIFICADO_LOCAL","G04"
"PUB-0288","V1_VIEW_OUTPUT","vw_cotacoes_powerbi","PUB-01..PUB-08","other_fees AS [Trechos/Outros valores]","SQL_EXPRESSION_TYPE_TO_FINGERPRINT","NOT_PRESENT_OR_UNRESOLVED","pub.vw_cotacoes_powerbi.Trechos/Outros valores","","IMPLEMENTADO_INTEGRADO_VERIFICADO_LOCAL","G04"
"PUB-0289","V1_VIEW_OUTPUT","vw_contas_a_pagar_powerbi","PUB-01..PUB-08","CAST(ISNULL(data_criacao, '1900-01-01T00:00:00+00:00') AS TIME(0)) AS [Hora (Solicitacao)]","SQL_EXPRESSION_TYPE_TO_FINGERPRINT","NOT_PRESENT_OR_UNRESOLVED","pub.vw_contas_a_pagar_powerbi.Hora (Solicitacao)","","IMPLEMENTADO_INTEGRADO_VERIFICADO_LOCAL","G04"
"PUB-0290","V1_VIEW_OUTPUT","vw_contas_a_pagar_powerbi","PUB-01..PUB-08","sequence_code AS [Lançamento a Pagar/N°]","SQL_EXPRESSION_TYPE_TO_FINGERPRINT","NOT_PRESENT_OR_UNRESOLVED","pub.vw_contas_a_pagar_powerbi.Lançamento a Pagar/N°","","IMPLEMENTADO_INTEGRADO_VERIFICADO_LOCAL","G04"
"PUB-0291","V1_VIEW_OUTPUT","vw_contas_a_pagar_powerbi","PUB-01..PUB-08","document_number AS [N° Documento]","SQL_EXPRESSION_TYPE_TO_FINGERPRINT","NOT_PRESENT_OR_UNRESOLVED","pub.vw_contas_a_pagar_powerbi.N° Documento","","IMPLEMENTADO_INTEGRADO_VERIFICADO_LOCAL","G04"
"PUB-0292","V1_VIEW_OUTPUT","vw_contas_a_pagar_powerbi","PUB-01..PUB-08","issue_date AS [Emissão]","SQL_EXPRESSION_TYPE_TO_FINGERPRINT","NOT_PRESENT_OR_UNRESOLVED","pub.vw_contas_a_pagar_powerbi.Emissão","","IMPLEMENTADO_INTEGRADO_VERIFICADO_LOCAL","G04"
"PUB-0293","V1_VIEW_OUTPUT","vw_contas_a_pagar_powerbi","PUB-01..PUB-08","tipo_lancamento AS [Tipo]","SQL_EXPRESSION_TYPE_TO_FINGERPRINT","NOT_PRESENT_OR_UNRESOLVED","pub.vw_contas_a_pagar_powerbi.Tipo","","IMPLEMENTADO_INTEGRADO_VERIFICADO_LOCAL","G04"
"PUB-0294","V1_VIEW_OUTPUT","vw_contas_a_pagar_powerbi","PUB-01..PUB-08","valor_original AS [Valor]","SQL_EXPRESSION_TYPE_TO_FINGERPRINT","NOT_PRESENT_OR_UNRESOLVED","pub.vw_contas_a_pagar_powerbi.Valor","","IMPLEMENTADO_INTEGRADO_VERIFICADO_LOCAL","G04"
"PUB-0295","V1_VIEW_OUTPUT","vw_contas_a_pagar_powerbi","PUB-01..PUB-08","valor_juros AS [Juros]","SQL_EXPRESSION_TYPE_TO_FINGERPRINT","NOT_PRESENT_OR_UNRESOLVED","pub.vw_contas_a_pagar_powerbi.Juros","","IMPLEMENTADO_INTEGRADO_VERIFICADO_LOCAL","G04"
"PUB-0296","V1_VIEW_OUTPUT","vw_contas_a_pagar_powerbi","PUB-01..PUB-08","valor_desconto AS [Desconto]","SQL_EXPRESSION_TYPE_TO_FINGERPRINT","NOT_PRESENT_OR_UNRESOLVED","pub.vw_contas_a_pagar_powerbi.Desconto","","IMPLEMENTADO_INTEGRADO_VERIFICADO_LOCAL","G04"
"PUB-0297","V1_VIEW_OUTPUT","vw_contas_a_pagar_powerbi","PUB-01..PUB-08","valor_a_pagar AS [Valor a pagar]","SQL_EXPRESSION_TYPE_TO_FINGERPRINT","NOT_PRESENT_OR_UNRESOLVED","pub.vw_contas_a_pagar_powerbi.Valor a pagar","","IMPLEMENTADO_INTEGRADO_VERIFICADO_LOCAL","G04"
"PUB-0298","V1_VIEW_OUTPUT","vw_contas_a_pagar_powerbi","PUB-01..PUB-08","CASE WHEN status_pagamento = 'PAGO' THEN 'Sim' ELSE 'Não' END AS [Pago]","SQL_EXPRESSION_TYPE_TO_FINGERPRINT","NOT_PRESENT_OR_UNRESOLVED","pub.vw_contas_a_pagar_powerbi.Pago","","IMPLEMENTADO_INTEGRADO_VERIFICADO_LOCAL","G04"
"PUB-0299","V1_VIEW_OUTPUT","vw_contas_a_pagar_powerbi","PUB-01..PUB-08","valor_pago AS [Valor pago]","SQL_EXPRESSION_TYPE_TO_FINGERPRINT","NOT_PRESENT_OR_UNRESOLVED","pub.vw_contas_a_pagar_powerbi.Valor pago","","IMPLEMENTADO_INTEGRADO_VERIFICADO_LOCAL","G04"
"PUB-0300","V1_VIEW_OUTPUT","vw_contas_a_pagar_powerbi","PUB-01..PUB-08","nome_fornecedor AS [Fornecedor/Nome]","SQL_EXPRESSION_TYPE_TO_FINGERPRINT","NOT_PRESENT_OR_UNRESOLVED","pub.vw_contas_a_pagar_powerbi.Fornecedor/Nome","","IMPLEMENTADO_INTEGRADO_VERIFICADO_LOCAL","G04"
"PUB-0301","V1_VIEW_OUTPUT","vw_contas_a_pagar_powerbi","PUB-01..PUB-08","nome_filial AS [Filial]","SQL_EXPRESSION_TYPE_TO_FINGERPRINT","NOT_PRESENT_OR_UNRESOLVED","pub.vw_contas_a_pagar_powerbi.Filial","","IMPLEMENTADO_INTEGRADO_VERIFICADO_LOCAL","G04"
"PUB-0302","V1_VIEW_OUTPUT","vw_contas_a_pagar_powerbi","PUB-01..PUB-08","classificacao_contabil AS [Conta Contábil/Classificação]","SQL_EXPRESSION_TYPE_TO_FINGERPRINT","NOT_PRESENT_OR_UNRESOLVED","pub.vw_contas_a_pagar_powerbi.Conta Contábil/Classificação","","IMPLEMENTADO_INTEGRADO_VERIFICADO_LOCAL","G04"
"PUB-0303","V1_VIEW_OUTPUT","vw_contas_a_pagar_powerbi","PUB-01..PUB-08","descricao_contabil AS [Conta Contábil/Descrição]","SQL_EXPRESSION_TYPE_TO_FINGERPRINT","NOT_PRESENT_OR_UNRESOLVED","pub.vw_contas_a_pagar_powerbi.Conta Contábil/Descrição","","IMPLEMENTADO_INTEGRADO_VERIFICADO_LOCAL","G04"
"PUB-0304","V1_VIEW_OUTPUT","vw_contas_a_pagar_powerbi","PUB-01..PUB-08","valor_contabil AS [Conta Contábil/Valor]","SQL_EXPRESSION_TYPE_TO_FINGERPRINT","NOT_PRESENT_OR_UNRESOLVED","pub.vw_contas_a_pagar_powerbi.Conta Contábil/Valor","","IMPLEMENTADO_INTEGRADO_VERIFICADO_LOCAL","G04"
"PUB-0305","V1_VIEW_OUTPUT","vw_contas_a_pagar_powerbi","PUB-01..PUB-08","nome_centro_custo AS [Centro de custo/Nome]","SQL_EXPRESSION_TYPE_TO_FINGERPRINT","NOT_PRESENT_OR_UNRESOLVED","pub.vw_contas_a_pagar_powerbi.Centro de custo/Nome","","IMPLEMENTADO_INTEGRADO_VERIFICADO_LOCAL","G04"
"PUB-0306","V1_VIEW_OUTPUT","vw_contas_a_pagar_powerbi","PUB-01..PUB-08","valor_centro_custo AS [Centro de custo/Valor]","SQL_EXPRESSION_TYPE_TO_FINGERPRINT","NOT_PRESENT_OR_UNRESOLVED","pub.vw_contas_a_pagar_powerbi.Centro de custo/Valor","","IMPLEMENTADO_INTEGRADO_VERIFICADO_LOCAL","G04"
"PUB-0307","V1_VIEW_OUTPUT","vw_contas_a_pagar_powerbi","PUB-01..PUB-08","area_lancamento AS [Área de Lançamento]","SQL_EXPRESSION_TYPE_TO_FINGERPRINT","NOT_PRESENT_OR_UNRESOLVED","pub.vw_contas_a_pagar_powerbi.Área de Lançamento","","IMPLEMENTADO_INTEGRADO_VERIFICADO_LOCAL","G04"
"PUB-0308","V1_VIEW_OUTPUT","vw_contas_a_pagar_powerbi","PUB-01..PUB-08","mes_competencia AS [Mês de Competência]","SQL_EXPRESSION_TYPE_TO_FINGERPRINT","NOT_PRESENT_OR_UNRESOLVED","pub.vw_contas_a_pagar_powerbi.Mês de Competência","","IMPLEMENTADO_INTEGRADO_VERIFICADO_LOCAL","G04"
"PUB-0309","V1_VIEW_OUTPUT","vw_contas_a_pagar_powerbi","PUB-01..PUB-08","ano_competencia AS [Ano de Competência]","SQL_EXPRESSION_TYPE_TO_FINGERPRINT","NOT_PRESENT_OR_UNRESOLVED","pub.vw_contas_a_pagar_powerbi.Ano de Competência","","IMPLEMENTADO_INTEGRADO_VERIFICADO_LOCAL","G04"
"PUB-0310","V1_VIEW_OUTPUT","vw_contas_a_pagar_powerbi","PUB-01..PUB-08","data_criacao AS [Data criação]","SQL_EXPRESSION_TYPE_TO_FINGERPRINT","NOT_PRESENT_OR_UNRESOLVED","pub.vw_contas_a_pagar_powerbi.Data criação","","IMPLEMENTADO_INTEGRADO_VERIFICADO_LOCAL","G04"
"PUB-0311","V1_VIEW_OUTPUT","vw_contas_a_pagar_powerbi","PUB-01..PUB-08","observacoes AS [Observações]","SQL_EXPRESSION_TYPE_TO_FINGERPRINT","NOT_PRESENT_OR_UNRESOLVED","pub.vw_contas_a_pagar_powerbi.Observações","","IMPLEMENTADO_INTEGRADO_VERIFICADO_LOCAL","G04"
"PUB-0312","V1_VIEW_OUTPUT","vw_contas_a_pagar_powerbi","PUB-01..PUB-08","descricao_despesa AS [Descrição da despesa]","SQL_EXPRESSION_TYPE_TO_FINGERPRINT","NOT_PRESENT_OR_UNRESOLVED","pub.vw_contas_a_pagar_powerbi.Descrição da despesa","","IMPLEMENTADO_INTEGRADO_VERIFICADO_LOCAL","G04"
"PUB-0313","V1_VIEW_OUTPUT","vw_contas_a_pagar_powerbi","PUB-01..PUB-08","data_liquidacao AS [Baixa/Data liquidação]","SQL_EXPRESSION_TYPE_TO_FINGERPRINT","NOT_PRESENT_OR_UNRESOLVED","pub.vw_contas_a_pagar_powerbi.Baixa/Data liquidação","","IMPLEMENTADO_INTEGRADO_VERIFICADO_LOCAL","G04"
"PUB-0314","V1_VIEW_OUTPUT","vw_contas_a_pagar_powerbi","PUB-01..PUB-08","data_transacao AS [Data transação]","SQL_EXPRESSION_TYPE_TO_FINGERPRINT","NOT_PRESENT_OR_UNRESOLVED","pub.vw_contas_a_pagar_powerbi.Data transação","","IMPLEMENTADO_INTEGRADO_VERIFICADO_LOCAL","G04"
"PUB-0315","V1_VIEW_OUTPUT","vw_contas_a_pagar_powerbi","PUB-01..PUB-08","nome_usuario AS [Usuário/Nome]","SQL_EXPRESSION_TYPE_TO_FINGERPRINT","NOT_PRESENT_OR_UNRESOLVED","pub.vw_contas_a_pagar_powerbi.Usuário/Nome","","IMPLEMENTADO_INTEGRADO_VERIFICADO_LOCAL","G04"
"PUB-0316","V1_VIEW_OUTPUT","vw_contas_a_pagar_powerbi","PUB-01..PUB-08","status_pagamento AS [Status Pagamento]","SQL_EXPRESSION_TYPE_TO_FINGERPRINT","NOT_PRESENT_OR_UNRESOLVED","pub.vw_contas_a_pagar_powerbi.Status Pagamento","","IMPLEMENTADO_INTEGRADO_VERIFICADO_LOCAL","G04"
"PUB-0317","V1_VIEW_OUTPUT","vw_contas_a_pagar_powerbi","PUB-01..PUB-08","CASE WHEN reconciliado = 1 THEN 'Conciliado' WHEN reconciliado = 0 THEN 'Não conciliado' ELSE NULL END AS [Conciliado]","SQL_EXPRESSION_TYPE_TO_FINGERPRINT","NOT_PRESENT_OR_UNRESOLVED","pub.vw_contas_a_pagar_powerbi.Conciliado","","IMPLEMENTADO_INTEGRADO_VERIFICADO_LOCAL","G04"
"PUB-0318","V1_VIEW_OUTPUT","vw_contas_a_pagar_powerbi","PUB-01..PUB-08","metadata AS [Metadata]","SQL_EXPRESSION_TYPE_TO_FINGERPRINT","NOT_PRESENT_OR_UNRESOLVED","recon.published_field_presence","","IMPLEMENTADO_INTEGRADO_VERIFICADO_LOCAL","G04"
"PUB-0319","V1_VIEW_OUTPUT","vw_contas_a_pagar_powerbi","PUB-01..PUB-08","data_extracao AS [Data de extracao]","SQL_EXPRESSION_TYPE_TO_FINGERPRINT","NOT_PRESENT_OR_UNRESOLVED","pub.vw_contas_a_pagar_powerbi.Data de extracao","","IMPLEMENTADO_INTEGRADO_VERIFICADO_LOCAL","G04"
"PUB-0320","V1_VIEW_OUTPUT","vw_localizacao_cargas_powerbi","PUB-01..PUB-08","CAST(lc.service_at AS TIME(0)) AS [Hora (Solicitacao)]","SQL_EXPRESSION_TYPE_TO_FINGERPRINT","NOT_PRESENT_OR_UNRESOLVED","pub.vw_localizacao_cargas_powerbi.Hora (Solicitacao)","","IMPLEMENTADO_INTEGRADO_VERIFICADO_LOCAL","G04"
"PUB-0321","V1_VIEW_OUTPUT","vw_localizacao_cargas_powerbi","PUB-01..PUB-08","lc.sequence_number AS [N° Minuta]","SQL_EXPRESSION_TYPE_TO_FINGERPRINT","NOT_PRESENT_OR_UNRESOLVED","pub.vw_localizacao_cargas_powerbi.N° Minuta","","IMPLEMENTADO_INTEGRADO_VERIFICADO_LOCAL","G04"
"PUB-0322","V1_VIEW_OUTPUT","vw_localizacao_cargas_powerbi","PUB-01..PUB-08","REPLACE(lc.type, 'Freight::', '') AS [Tipo]","SQL_EXPRESSION_TYPE_TO_FINGERPRINT","NOT_PRESENT_OR_UNRESOLVED","pub.vw_localizacao_cargas_powerbi.Tipo","","IMPLEMENTADO_INTEGRADO_VERIFICADO_LOCAL","G04"
"PUB-0323","V1_VIEW_OUTPUT","vw_localizacao_cargas_powerbi","PUB-01..PUB-08","lc.service_at AS [Data do frete]","SQL_EXPRESSION_TYPE_TO_FINGERPRINT","NOT_PRESENT_OR_UNRESOLVED","pub.vw_localizacao_cargas_powerbi.Data do frete","","IMPLEMENTADO_INTEGRADO_VERIFICADO_LOCAL","G04"
"PUB-0324","V1_VIEW_OUTPUT","vw_localizacao_cargas_powerbi","PUB-01..PUB-08","lc.invoices_volumes AS [Volumes]","SQL_EXPRESSION_TYPE_TO_FINGERPRINT","NOT_PRESENT_OR_UNRESOLVED","pub.vw_localizacao_cargas_powerbi.Volumes","","IMPLEMENTADO_INTEGRADO_VERIFICADO_LOCAL","G04"
"PUB-0325","V1_VIEW_OUTPUT","vw_localizacao_cargas_powerbi","PUB-01..PUB-08","lc.taxed_weight AS [Peso Taxado]","SQL_EXPRESSION_TYPE_TO_FINGERPRINT","NOT_PRESENT_OR_UNRESOLVED","pub.vw_localizacao_cargas_powerbi.Peso Taxado","","IMPLEMENTADO_INTEGRADO_VERIFICADO_LOCAL","G04"
"PUB-0326","V1_VIEW_OUTPUT","vw_localizacao_cargas_powerbi","PUB-01..PUB-08","lc.taxed_weight_decimal AS [Peso Taxado Decimal]","SQL_EXPRESSION_TYPE_TO_FINGERPRINT","NOT_PRESENT_OR_UNRESOLVED","pub.vw_localizacao_cargas_powerbi.Peso Taxado Decimal","","IMPLEMENTADO_INTEGRADO_VERIFICADO_LOCAL","G04"
"PUB-0327","V1_VIEW_OUTPUT","vw_localizacao_cargas_powerbi","PUB-01..PUB-08","lc.invoices_value AS [Valor NF]","SQL_EXPRESSION_TYPE_TO_FINGERPRINT","NOT_PRESENT_OR_UNRESOLVED","pub.vw_localizacao_cargas_powerbi.Valor NF","","IMPLEMENTADO_INTEGRADO_VERIFICADO_LOCAL","G04"
"PUB-0328","V1_VIEW_OUTPUT","vw_localizacao_cargas_powerbi","PUB-01..PUB-08","lc.invoices_value_decimal AS [Valor NF Decimal]","SQL_EXPRESSION_TYPE_TO_FINGERPRINT","NOT_PRESENT_OR_UNRESOLVED","pub.vw_localizacao_cargas_powerbi.Valor NF Decimal","","IMPLEMENTADO_INTEGRADO_VERIFICADO_LOCAL","G04"
"PUB-0329","V1_VIEW_OUTPUT","vw_localizacao_cargas_powerbi","PUB-01..PUB-08","lc.total_value AS [Valor Frete]","SQL_EXPRESSION_TYPE_TO_FINGERPRINT","NOT_PRESENT_OR_UNRESOLVED","pub.vw_localizacao_cargas_powerbi.Valor Frete","","IMPLEMENTADO_INTEGRADO_VERIFICADO_LOCAL","G04"
"PUB-0330","V1_VIEW_OUTPUT","vw_localizacao_cargas_powerbi","PUB-01..PUB-08","lc.service_type AS [Tipo Serviço]","SQL_EXPRESSION_TYPE_TO_FINGERPRINT","NOT_PRESENT_OR_UNRESOLVED","pub.vw_localizacao_cargas_powerbi.Tipo Serviço","","IMPLEMENTADO_INTEGRADO_VERIFICADO_LOCAL","G04"
"PUB-0331","V1_VIEW_OUTPUT","vw_localizacao_cargas_powerbi","PUB-01..PUB-08","lc.branch_nickname AS [Filial Emissora]","SQL_EXPRESSION_TYPE_TO_FINGERPRINT","NOT_PRESENT_OR_UNRESOLVED","pub.vw_localizacao_cargas_powerbi.Filial Emissora","","IMPLEMENTADO_INTEGRADO_VERIFICADO_LOCAL","G04"
"PUB-0332","V1_VIEW_OUTPUT","vw_localizacao_cargas_powerbi","PUB-01..PUB-08","lc.predicted_delivery_at AS [Previsão Entrega/Previsão de entrega]","SQL_EXPRESSION_TYPE_TO_FINGERPRINT","NOT_PRESENT_OR_UNRESOLVED","pub.vw_localizacao_cargas_powerbi.Previsão Entrega/Previsão de entrega","","IMPLEMENTADO_INTEGRADO_VERIFICADO_LOCAL","G04"
"PUB-0333","V1_VIEW_OUTPUT","vw_localizacao_cargas_powerbi","PUB-01..PUB-08","lc.destination_location_name AS [Região Destino]","SQL_EXPRESSION_TYPE_TO_FINGERPRINT","NOT_PRESENT_OR_UNRESOLVED","pub.vw_localizacao_cargas_powerbi.Região Destino","","IMPLEMENTADO_INTEGRADO_VERIFICADO_LOCAL","G04"
"PUB-0334","V1_VIEW_OUTPUT","vw_localizacao_cargas_powerbi","PUB-01..PUB-08","lc.destination_branch_nickname AS [Filial Destino]","SQL_EXPRESSION_TYPE_TO_FINGERPRINT","NOT_PRESENT_OR_UNRESOLVED","pub.vw_localizacao_cargas_powerbi.Filial Destino","","IMPLEMENTADO_INTEGRADO_VERIFICADO_LOCAL","G04"
"PUB-0335","V1_VIEW_OUTPUT","vw_localizacao_cargas_powerbi","PUB-01..PUB-08","lc.destination_branch_nickname AS [Responsável pela Região de Destino]","SQL_EXPRESSION_TYPE_TO_FINGERPRINT","NOT_PRESENT_OR_UNRESOLVED","pub.vw_localizacao_cargas_powerbi.Responsável pela Região de Destino","","IMPLEMENTADO_INTEGRADO_VERIFICADO_LOCAL","G04"
"PUB-0336","V1_VIEW_OUTPUT","vw_localizacao_cargas_powerbi","PUB-01..PUB-08","COALESCE(regiao_alias.sigla, N'SEM_MAP') AS [Sigla Responsável Região Destino]","SQL_EXPRESSION_TYPE_TO_FINGERPRINT","NOT_PRESENT_OR_UNRESOLVED","pub.vw_localizacao_cargas_powerbi.Sigla Responsável Região Destino","","IMPLEMENTADO_INTEGRADO_VERIFICADO_LOCAL","G04"
"PUB-0337","V1_VIEW_OUTPUT","vw_localizacao_cargas_powerbi","PUB-01..PUB-08","lc.classification AS [Classificação]","SQL_EXPRESSION_TYPE_TO_FINGERPRINT","NOT_PRESENT_OR_UNRESOLVED","pub.vw_localizacao_cargas_powerbi.Classificação","","IMPLEMENTADO_INTEGRADO_VERIFICADO_LOCAL","G04"
"PUB-0338","V1_VIEW_OUTPUT","vw_localizacao_cargas_powerbi","PUB-01..PUB-08","CASE lc.status WHEN 'pending' THEN 'Pendente' WHEN 'delivering' THEN 'Em entrega' WHEN 'in_warehouse' THEN 'Em armazém' WHEN 'in_transfer' THEN 'Em transferência' WHEN 'manifested' THEN 'Manifestado' WHEN 'finished' THEN 'Finalizado' WHEN 'delivered' THEN 'Entregue' WHEN 'canceled' THEN 'Cancelado' WHEN 'cancelled' THEN 'Cancelado' ELSE lc.status END AS [Status Carga]","SQL_EXPRESSION_TYPE_TO_FINGERPRINT","NOT_PRESENT_OR_UNRESOLVED","pub.vw_localizacao_cargas_powerbi.Status Carga","","IMPLEMENTADO_INTEGRADO_VERIFICADO_LOCAL","G04"
"PUB-0339","V1_VIEW_OUTPUT","vw_localizacao_cargas_powerbi","PUB-01..PUB-08","COALESCE(lc.status_normalized, NULLIF(LOWER(LTRIM(RTRIM(lc.status))), ''), N'sem_status') AS [Status Normalizado]","SQL_EXPRESSION_TYPE_TO_FINGERPRINT","NOT_PRESENT_OR_UNRESOLVED","pub.vw_localizacao_cargas_powerbi.Status Normalizado","","IMPLEMENTADO_INTEGRADO_VERIFICADO_LOCAL","G04"
"PUB-0340","V1_VIEW_OUTPUT","vw_localizacao_cargas_powerbi","PUB-01..PUB-08","CASE WHEN COALESCE(lc.status_normalized, LOWER(LTRIM(RTRIM(lc.status)))) IN (N'finished', N'delivered', N'canceled', N'cancelled', N'finalizado', N'entregue', N'cancelado') THEN 1 ELSE 0 END AS [Status Terminal]","SQL_EXPRESSION_TYPE_TO_FINGERPRINT","NOT_PRESENT_OR_UNRESOLVED","pub.vw_localizacao_cargas_powerbi.Status Terminal","","IMPLEMENTADO_INTEGRADO_VERIFICADO_LOCAL","G04"
"PUB-0341","V1_VIEW_OUTPUT","vw_localizacao_cargas_powerbi","PUB-01..PUB-08","CASE WHEN COALESCE(lc.status_normalized, LOWER(LTRIM(RTRIM(lc.status)))) IN (N'canceled', N'cancelled', N'cancelado') THEN 1 ELSE 0 END AS [Cancelado Flag]","SQL_EXPRESSION_TYPE_TO_FINGERPRINT","NOT_PRESENT_OR_UNRESOLVED","pub.vw_localizacao_cargas_powerbi.Cancelado Flag","","IMPLEMENTADO_INTEGRADO_VERIFICADO_LOCAL","G04"
"PUB-0342","V1_VIEW_OUTPUT","vw_localizacao_cargas_powerbi","PUB-01..PUB-08","lc.status_branch_nickname AS [Filial Atual]","SQL_EXPRESSION_TYPE_TO_FINGERPRINT","NOT_PRESENT_OR_UNRESOLVED","pub.vw_localizacao_cargas_powerbi.Filial Atual","","IMPLEMENTADO_INTEGRADO_VERIFICADO_LOCAL","G04"
"PUB-0343","V1_VIEW_OUTPUT","vw_localizacao_cargas_powerbi","PUB-01..PUB-08","lc.origin_location_name AS [Região Origem]","SQL_EXPRESSION_TYPE_TO_FINGERPRINT","NOT_PRESENT_OR_UNRESOLVED","pub.vw_localizacao_cargas_powerbi.Região Origem","","IMPLEMENTADO_INTEGRADO_VERIFICADO_LOCAL","G04"
"PUB-0344","V1_VIEW_OUTPUT","vw_localizacao_cargas_powerbi","PUB-01..PUB-08","lc.origin_branch_nickname AS [Filial Origem]","SQL_EXPRESSION_TYPE_TO_FINGERPRINT","NOT_PRESENT_OR_UNRESOLVED","pub.vw_localizacao_cargas_powerbi.Filial Origem","","IMPLEMENTADO_INTEGRADO_VERIFICADO_LOCAL","G04"
"PUB-0345","V1_VIEW_OUTPUT","vw_localizacao_cargas_powerbi","PUB-01..PUB-08","lc.fit_fln_cln_nickname AS [Localização Atual]","SQL_EXPRESSION_TYPE_TO_FINGERPRINT","NOT_PRESENT_OR_UNRESOLVED","pub.vw_localizacao_cargas_powerbi.Localização Atual","","IMPLEMENTADO_INTEGRADO_VERIFICADO_LOCAL","G04"
"PUB-0346","V1_VIEW_OUTPUT","vw_localizacao_cargas_powerbi","PUB-01..PUB-08","lc.localizacao_hash AS [Hash Localização]","SQL_EXPRESSION_TYPE_TO_FINGERPRINT","NOT_PRESENT_OR_UNRESOLVED","pub.vw_localizacao_cargas_powerbi.Hash Localização","","IMPLEMENTADO_INTEGRADO_VERIFICADO_LOCAL","G04"
"PUB-0347","V1_VIEW_OUTPUT","vw_localizacao_cargas_powerbi","PUB-01..PUB-08","lc.metadata AS [Metadata]","SQL_EXPRESSION_TYPE_TO_FINGERPRINT","NOT_PRESENT_OR_UNRESOLVED","recon.published_field_presence","","IMPLEMENTADO_INTEGRADO_VERIFICADO_LOCAL","G04"
"PUB-0348","V1_VIEW_OUTPUT","vw_localizacao_cargas_powerbi","PUB-01..PUB-08","lc.data_extracao AS [Data de extracao]","SQL_EXPRESSION_TYPE_TO_FINGERPRINT","NOT_PRESENT_OR_UNRESOLVED","pub.vw_localizacao_cargas_powerbi.Data de extracao","","IMPLEMENTADO_INTEGRADO_VERIFICADO_LOCAL","G04"
"PUB-0349","V1_VIEW_OUTPUT","vw_manifestos_powerbi","PUB-01..PUB-08","hora_solicitacao AS [Hora (Solicitacao)]","SQL_EXPRESSION_TYPE_TO_FINGERPRINT","NOT_PRESENT_OR_UNRESOLVED","pub.vw_manifestos_powerbi.Hora (Solicitacao)","","IMPLEMENTADO_INTEGRADO_VERIFICADO_LOCAL","G04"
"PUB-0350","V1_VIEW_OUTPUT","vw_manifestos_powerbi","PUB-01..PUB-08","hora_criacao AS [Hora (Criação)]","SQL_EXPRESSION_TYPE_TO_FINGERPRINT","NOT_PRESENT_OR_UNRESOLVED","pub.vw_manifestos_powerbi.Hora (Criação)","","IMPLEMENTADO_INTEGRADO_VERIFICADO_LOCAL","G04"
"PUB-0351","V1_VIEW_OUTPUT","vw_manifestos_powerbi","PUB-01..PUB-08","sequence_code AS [Número]","SQL_EXPRESSION_TYPE_TO_FINGERPRINT","NOT_PRESENT_OR_UNRESOLVED","pub.vw_manifestos_powerbi.Número","","IMPLEMENTADO_INTEGRADO_VERIFICADO_LOCAL","G04"
"PUB-0352","V1_VIEW_OUTPUT","vw_manifestos_powerbi","PUB-01..PUB-08","identificador_unico AS [Identificador Único]","SQL_EXPRESSION_TYPE_TO_FINGERPRINT","NOT_PRESENT_OR_UNRESOLVED","pub.vw_manifestos_powerbi.Identificador Único","","IMPLEMENTADO_INTEGRADO_VERIFICADO_LOCAL","G04"
"PUB-0353","V1_VIEW_OUTPUT","vw_manifestos_powerbi","PUB-01..PUB-08","status AS [Status]","SQL_EXPRESSION_TYPE_TO_FINGERPRINT","NOT_PRESENT_OR_UNRESOLVED","pub.vw_manifestos_powerbi.Status","","IMPLEMENTADO_INTEGRADO_VERIFICADO_LOCAL","G04"
"PUB-0354","V1_VIEW_OUTPUT","vw_manifestos_powerbi","PUB-01..PUB-08","classificacao AS [Classificação]","SQL_EXPRESSION_TYPE_TO_FINGERPRINT","NOT_PRESENT_OR_UNRESOLVED","pub.vw_manifestos_powerbi.Classificação","","IMPLEMENTADO_INTEGRADO_VERIFICADO_LOCAL","G04"
"PUB-0355","V1_VIEW_OUTPUT","vw_manifestos_powerbi","PUB-01..PUB-08","filial AS [Filial]","SQL_EXPRESSION_TYPE_TO_FINGERPRINT","NOT_PRESENT_OR_UNRESOLVED","pub.vw_manifestos_powerbi.Filial","","IMPLEMENTADO_INTEGRADO_VERIFICADO_LOCAL","G04"
"PUB-0356","V1_VIEW_OUTPUT","vw_manifestos_powerbi","PUB-01..PUB-08","filial_emissora AS [Filial Emissora]","SQL_EXPRESSION_TYPE_TO_FINGERPRINT","NOT_PRESENT_OR_UNRESOLVED","pub.vw_manifestos_powerbi.Filial Emissora","","IMPLEMENTADO_INTEGRADO_VERIFICADO_LOCAL","G04"
"PUB-0357","V1_VIEW_OUTPUT","vw_manifestos_powerbi","PUB-01..PUB-08","data_criacao AS [Data criação]","SQL_EXPRESSION_TYPE_TO_FINGERPRINT","NOT_PRESENT_OR_UNRESOLVED","pub.vw_manifestos_powerbi.Data criação","","IMPLEMENTADO_INTEGRADO_VERIFICADO_LOCAL","G04"
"PUB-0358","V1_VIEW_OUTPUT","vw_manifestos_powerbi","PUB-01..PUB-08","saida AS [Saída]","SQL_EXPRESSION_TYPE_TO_FINGERPRINT","NOT_PRESENT_OR_UNRESOLVED","pub.vw_manifestos_powerbi.Saída","","IMPLEMENTADO_INTEGRADO_VERIFICADO_LOCAL","G04"
"PUB-0359","V1_VIEW_OUTPUT","vw_manifestos_powerbi","PUB-01..PUB-08","fechamento AS [Fechamento]","SQL_EXPRESSION_TYPE_TO_FINGERPRINT","NOT_PRESENT_OR_UNRESOLVED","pub.vw_manifestos_powerbi.Fechamento","","IMPLEMENTADO_INTEGRADO_VERIFICADO_LOCAL","G04"
"PUB-0360","V1_VIEW_OUTPUT","vw_manifestos_powerbi","PUB-01..PUB-08","chegada AS [Chegada]","SQL_EXPRESSION_TYPE_TO_FINGERPRINT","NOT_PRESENT_OR_UNRESOLVED","pub.vw_manifestos_powerbi.Chegada","","IMPLEMENTADO_INTEGRADO_VERIFICADO_LOCAL","G04"
"PUB-0361","V1_VIEW_OUTPUT","vw_manifestos_powerbi","PUB-01..PUB-08","mdfe_number AS [MDFe]","SQL_EXPRESSION_TYPE_TO_FINGERPRINT","NOT_PRESENT_OR_UNRESOLVED","pub.vw_manifestos_powerbi.MDFe","","IMPLEMENTADO_INTEGRADO_VERIFICADO_LOCAL","G04"
"PUB-0362","V1_VIEW_OUTPUT","vw_manifestos_powerbi","PUB-01..PUB-08","mdfe_key AS [MDF-es/Chave]","SQL_EXPRESSION_TYPE_TO_FINGERPRINT","NOT_PRESENT_OR_UNRESOLVED","pub.vw_manifestos_powerbi.MDF-es/Chave","","IMPLEMENTADO_INTEGRADO_VERIFICADO_LOCAL","G04"
"PUB-0363","V1_VIEW_OUTPUT","vw_manifestos_powerbi","PUB-01..PUB-08","mdfe_status AS [MDFe/Status]","SQL_EXPRESSION_TYPE_TO_FINGERPRINT","NOT_PRESENT_OR_UNRESOLVED","pub.vw_manifestos_powerbi.MDFe/Status","","IMPLEMENTADO_INTEGRADO_VERIFICADO_LOCAL","G04"
"PUB-0364","V1_VIEW_OUTPUT","vw_manifestos_powerbi","PUB-01..PUB-08","distribution_pole AS [Polo de distribuição]","SQL_EXPRESSION_TYPE_TO_FINGERPRINT","NOT_PRESENT_OR_UNRESOLVED","pub.vw_manifestos_powerbi.Polo de distribuição","","IMPLEMENTADO_INTEGRADO_VERIFICADO_LOCAL","G04"
"PUB-0365","V1_VIEW_OUTPUT","vw_manifestos_powerbi","PUB-01..PUB-08","placa_veiculo AS [Veículo/Placa]","SQL_EXPRESSION_TYPE_TO_FINGERPRINT","NOT_PRESENT_OR_UNRESOLVED","pub.vw_manifestos_powerbi.Veículo/Placa","","IMPLEMENTADO_INTEGRADO_VERIFICADO_LOCAL","G04"
"PUB-0366","V1_VIEW_OUTPUT","vw_manifestos_powerbi","PUB-01..PUB-08","tipo_veiculo AS [Tipo Veículo]","SQL_EXPRESSION_TYPE_TO_FINGERPRINT","NOT_PRESENT_OR_UNRESOLVED","pub.vw_manifestos_powerbi.Tipo Veículo","","IMPLEMENTADO_INTEGRADO_VERIFICADO_LOCAL","G04"
"PUB-0367","V1_VIEW_OUTPUT","vw_manifestos_powerbi","PUB-01..PUB-08","proprietario_nome AS [Proprietário/Nome]","SQL_EXPRESSION_TYPE_TO_FINGERPRINT","NOT_PRESENT_OR_UNRESOLVED","pub.vw_manifestos_powerbi.Proprietário/Nome","","IMPLEMENTADO_INTEGRADO_VERIFICADO_LOCAL","G04"
"PUB-0368","V1_VIEW_OUTPUT","vw_manifestos_powerbi","PUB-01..PUB-08","proprietario_documento AS [Proprietário/Documento]","SQL_EXPRESSION_TYPE_TO_FINGERPRINT","NOT_PRESENT_OR_UNRESOLVED","pub.vw_manifestos_powerbi.Proprietário/Documento","","IMPLEMENTADO_INTEGRADO_VERIFICADO_LOCAL","G04"
"PUB-0369","V1_VIEW_OUTPUT","vw_manifestos_powerbi","PUB-01..PUB-08","tipo_motorista AS [Tipo Motorista]","SQL_EXPRESSION_TYPE_TO_FINGERPRINT","NOT_PRESENT_OR_UNRESOLVED","pub.vw_manifestos_powerbi.Tipo Motorista","","IMPLEMENTADO_INTEGRADO_VERIFICADO_LOCAL","G04"
"PUB-0370","V1_VIEW_OUTPUT","vw_manifestos_powerbi","PUB-01..PUB-08","motorista AS [Motorista]","SQL_EXPRESSION_TYPE_TO_FINGERPRINT","NOT_PRESENT_OR_UNRESOLVED","pub.vw_manifestos_powerbi.Motorista","","IMPLEMENTADO_INTEGRADO_VERIFICADO_LOCAL","G04"
"PUB-0371","V1_VIEW_OUTPUT","vw_manifestos_powerbi","PUB-01..PUB-08","km_saida AS [Km saída]","SQL_EXPRESSION_TYPE_TO_FINGERPRINT","NOT_PRESENT_OR_UNRESOLVED","pub.vw_manifestos_powerbi.Km saída","","IMPLEMENTADO_INTEGRADO_VERIFICADO_LOCAL","G04"
"PUB-0372","V1_VIEW_OUTPUT","vw_manifestos_powerbi","PUB-01..PUB-08","km_chegada AS [Km chegada]","SQL_EXPRESSION_TYPE_TO_FINGERPRINT","NOT_PRESENT_OR_UNRESOLVED","pub.vw_manifestos_powerbi.Km chegada","","IMPLEMENTADO_INTEGRADO_VERIFICADO_LOCAL","G04"
"PUB-0373","V1_VIEW_OUTPUT","vw_manifestos_powerbi","PUB-01..PUB-08","km_viagem AS [KM viagem]","SQL_EXPRESSION_TYPE_TO_FINGERPRINT","NOT_PRESENT_OR_UNRESOLVED","pub.vw_manifestos_powerbi.KM viagem","","IMPLEMENTADO_INTEGRADO_VERIFICADO_LOCAL","G04"
"PUB-0374","V1_VIEW_OUTPUT","vw_manifestos_powerbi","PUB-01..PUB-08","km_manual AS [Km manual]","SQL_EXPRESSION_TYPE_TO_FINGERPRINT","NOT_PRESENT_OR_UNRESOLVED","pub.vw_manifestos_powerbi.Km manual","","IMPLEMENTADO_INTEGRADO_VERIFICADO_LOCAL","G04"
"PUB-0375","V1_VIEW_OUTPUT","vw_manifestos_powerbi","PUB-01..PUB-08","qtd_nf AS [Qtd NF]","SQL_EXPRESSION_TYPE_TO_FINGERPRINT","NOT_PRESENT_OR_UNRESOLVED","pub.vw_manifestos_powerbi.Qtd NF","","IMPLEMENTADO_INTEGRADO_VERIFICADO_LOCAL","G04"
"PUB-0376","V1_VIEW_OUTPUT","vw_manifestos_powerbi","PUB-01..PUB-08","volumes_nf AS [Volumes NF]","SQL_EXPRESSION_TYPE_TO_FINGERPRINT","NOT_PRESENT_OR_UNRESOLVED","pub.vw_manifestos_powerbi.Volumes NF","","IMPLEMENTADO_INTEGRADO_VERIFICADO_LOCAL","G04"
"PUB-0377","V1_VIEW_OUTPUT","vw_manifestos_powerbi","PUB-01..PUB-08","peso_nf AS [Peso NF]","SQL_EXPRESSION_TYPE_TO_FINGERPRINT","NOT_PRESENT_OR_UNRESOLVED","pub.vw_manifestos_powerbi.Peso NF","","IMPLEMENTADO_INTEGRADO_VERIFICADO_LOCAL","G04"
"PUB-0378","V1_VIEW_OUTPUT","vw_manifestos_powerbi","PUB-01..PUB-08","peso_taxado AS [Total peso taxado]","SQL_EXPRESSION_TYPE_TO_FINGERPRINT","NOT_PRESENT_OR_UNRESOLVED","pub.vw_manifestos_powerbi.Total peso taxado","","IMPLEMENTADO_INTEGRADO_VERIFICADO_LOCAL","G04"
"PUB-0379","V1_VIEW_OUTPUT","vw_manifestos_powerbi","PUB-01..PUB-08","total_m3 AS [Total M3]","SQL_EXPRESSION_TYPE_TO_FINGERPRINT","NOT_PRESENT_OR_UNRESOLVED","pub.vw_manifestos_powerbi.Total M3","","IMPLEMENTADO_INTEGRADO_VERIFICADO_LOCAL","G04"
"PUB-0380","V1_VIEW_OUTPUT","vw_manifestos_powerbi","PUB-01..PUB-08","valor_nf AS [Valor NF]","SQL_EXPRESSION_TYPE_TO_FINGERPRINT","NOT_PRESENT_OR_UNRESOLVED","pub.vw_manifestos_powerbi.Valor NF","","IMPLEMENTADO_INTEGRADO_VERIFICADO_LOCAL","G04"
"PUB-0381","V1_VIEW_OUTPUT","vw_manifestos_powerbi","PUB-01..PUB-08","fretes_total AS [Fretes/Total]","SQL_EXPRESSION_TYPE_TO_FINGERPRINT","NOT_PRESENT_OR_UNRESOLVED","pub.vw_manifestos_powerbi.Fretes/Total","","IMPLEMENTADO_INTEGRADO_VERIFICADO_LOCAL","G04"
"PUB-0382","V1_VIEW_OUTPUT","vw_manifestos_powerbi","PUB-01..PUB-08","coletas_total AS [Coletas/Total]","SQL_EXPRESSION_TYPE_TO_FINGERPRINT","NOT_PRESENT_OR_UNRESOLVED","pub.vw_manifestos_powerbi.Coletas/Total","","IMPLEMENTADO_INTEGRADO_VERIFICADO_LOCAL","G04"
"PUB-0383","V1_VIEW_OUTPUT","vw_manifestos_powerbi","PUB-01..PUB-08","receita_total AS [Receita Total Transportada]","SQL_EXPRESSION_TYPE_TO_FINGERPRINT","NOT_PRESENT_OR_UNRESOLVED","pub.vw_manifestos_powerbi.Receita Total Transportada","","IMPLEMENTADO_INTEGRADO_VERIFICADO_LOCAL","G04"
"PUB-0384","V1_VIEW_OUTPUT","vw_manifestos_powerbi","PUB-01..PUB-08","coleta_numeros AS [Coleta/Número]","SQL_EXPRESSION_TYPE_TO_FINGERPRINT","NOT_PRESENT_OR_UNRESOLVED","pub.vw_manifestos_powerbi.Coleta/Número","","IMPLEMENTADO_INTEGRADO_VERIFICADO_LOCAL","G04"
"PUB-0385","V1_VIEW_OUTPUT","vw_manifestos_powerbi","PUB-01..PUB-08","contract_number AS [CIOT/Número]","SQL_EXPRESSION_TYPE_TO_FINGERPRINT","NOT_PRESENT_OR_UNRESOLVED","pub.vw_manifestos_powerbi.CIOT/Número","","IMPLEMENTADO_INTEGRADO_VERIFICADO_LOCAL","G04"
"PUB-0386","V1_VIEW_OUTPUT","vw_manifestos_powerbi","PUB-01..PUB-08","tipo_contrato_veiculo AS [Tipo de contrato do veículo]","SQL_EXPRESSION_TYPE_TO_FINGERPRINT","NOT_PRESENT_OR_UNRESOLVED","pub.vw_manifestos_powerbi.Tipo de contrato do veículo","","IMPLEMENTADO_INTEGRADO_VERIFICADO_LOCAL","G04"
"PUB-0387","V1_VIEW_OUTPUT","vw_manifestos_powerbi","PUB-01..PUB-08","tipo_contrato_motorista AS [Tipo de contrato do motorista]","SQL_EXPRESSION_TYPE_TO_FINGERPRINT","NOT_PRESENT_OR_UNRESOLVED","pub.vw_manifestos_powerbi.Tipo de contrato do motorista","","IMPLEMENTADO_INTEGRADO_VERIFICADO_LOCAL","G04"
"PUB-0388","V1_VIEW_OUTPUT","vw_manifestos_powerbi","PUB-01..PUB-08","tipo_contrato AS [Tipo de contrato]","SQL_EXPRESSION_TYPE_TO_FINGERPRINT","NOT_PRESENT_OR_UNRESOLVED","pub.vw_manifestos_powerbi.Tipo de contrato","","IMPLEMENTADO_INTEGRADO_VERIFICADO_LOCAL","G04"
"PUB-0389","V1_VIEW_OUTPUT","vw_manifestos_powerbi","PUB-01..PUB-08","tipo_calculo AS [Tipo de cálculo]","SQL_EXPRESSION_TYPE_TO_FINGERPRINT","NOT_PRESENT_OR_UNRESOLVED","pub.vw_manifestos_powerbi.Tipo de cálculo","","IMPLEMENTADO_INTEGRADO_VERIFICADO_LOCAL","G04"
"PUB-0390","V1_VIEW_OUTPUT","vw_manifestos_powerbi","PUB-01..PUB-08","tipo_carga AS [Tipo de carga]","SQL_EXPRESSION_TYPE_TO_FINGERPRINT","NOT_PRESENT_OR_UNRESOLVED","pub.vw_manifestos_powerbi.Tipo de carga","","IMPLEMENTADO_INTEGRADO_VERIFICADO_LOCAL","G04"
"PUB-0391","V1_VIEW_OUTPUT","vw_manifestos_powerbi","PUB-01..PUB-08","diaria AS [Diária]","SQL_EXPRESSION_TYPE_TO_FINGERPRINT","NOT_PRESENT_OR_UNRESOLVED","pub.vw_manifestos_powerbi.Diária","","IMPLEMENTADO_INTEGRADO_VERIFICADO_LOCAL","G04"
"PUB-0392","V1_VIEW_OUTPUT","vw_manifestos_powerbi","PUB-01..PUB-08","custo_total AS [Custo total]","SQL_EXPRESSION_TYPE_TO_FINGERPRINT","NOT_PRESENT_OR_UNRESOLVED","pub.vw_manifestos_powerbi.Custo total","","IMPLEMENTADO_INTEGRADO_VERIFICADO_LOCAL","G04"
"PUB-0393","V1_VIEW_OUTPUT","vw_manifestos_powerbi","PUB-01..PUB-08","valor_frete AS [Valor frete]","SQL_EXPRESSION_TYPE_TO_FINGERPRINT","NOT_PRESENT_OR_UNRESOLVED","pub.vw_manifestos_powerbi.Valor frete","","IMPLEMENTADO_INTEGRADO_VERIFICADO_LOCAL","G04"
"PUB-0394","V1_VIEW_OUTPUT","vw_manifestos_powerbi","PUB-01..PUB-08","combustivel AS [Combustível]","SQL_EXPRESSION_TYPE_TO_FINGERPRINT","NOT_PRESENT_OR_UNRESOLVED","pub.vw_manifestos_powerbi.Combustível","","IMPLEMENTADO_INTEGRADO_VERIFICADO_LOCAL","G04"
"PUB-0395","V1_VIEW_OUTPUT","vw_manifestos_powerbi","PUB-01..PUB-08","pedagio AS [Pedágio]","SQL_EXPRESSION_TYPE_TO_FINGERPRINT","NOT_PRESENT_OR_UNRESOLVED","pub.vw_manifestos_powerbi.Pedágio","","IMPLEMENTADO_INTEGRADO_VERIFICADO_LOCAL","G04"
"PUB-0396","V1_VIEW_OUTPUT","vw_manifestos_powerbi","PUB-01..PUB-08","servicos_motorista_total AS [Serviços motorista/Total]","SQL_EXPRESSION_TYPE_TO_FINGERPRINT","NOT_PRESENT_OR_UNRESOLVED","pub.vw_manifestos_powerbi.Serviços motorista/Total","","IMPLEMENTADO_INTEGRADO_VERIFICADO_LOCAL","G04"
"PUB-0397","V1_VIEW_OUTPUT","vw_manifestos_powerbi","PUB-01..PUB-08","despesa_operacional AS [Despesa operacional]","SQL_EXPRESSION_TYPE_TO_FINGERPRINT","NOT_PRESENT_OR_UNRESOLVED","pub.vw_manifestos_powerbi.Despesa operacional","","IMPLEMENTADO_INTEGRADO_VERIFICADO_LOCAL","G04"
"PUB-0398","V1_VIEW_OUTPUT","vw_manifestos_powerbi","PUB-01..PUB-08","inss_value AS [Dados do agregado/INSS]","SQL_EXPRESSION_TYPE_TO_FINGERPRINT","NOT_PRESENT_OR_UNRESOLVED","pub.vw_manifestos_powerbi.Dados do agregado/INSS","","IMPLEMENTADO_INTEGRADO_VERIFICADO_LOCAL","G04"
"PUB-0399","V1_VIEW_OUTPUT","vw_manifestos_powerbi","PUB-01..PUB-08","sest_senat_value AS [Dados do agregado/SEST/SENAT]","SQL_EXPRESSION_TYPE_TO_FINGERPRINT","NOT_PRESENT_OR_UNRESOLVED","pub.vw_manifestos_powerbi.Dados do agregado/SEST/SENAT","","IMPLEMENTADO_INTEGRADO_VERIFICADO_LOCAL","G04"
"PUB-0400","V1_VIEW_OUTPUT","vw_manifestos_powerbi","PUB-01..PUB-08","ir_value AS [Dados do agregado/IR]","SQL_EXPRESSION_TYPE_TO_FINGERPRINT","NOT_PRESENT_OR_UNRESOLVED","pub.vw_manifestos_powerbi.Dados do agregado/IR","","IMPLEMENTADO_INTEGRADO_VERIFICADO_LOCAL","G04"
"PUB-0401","V1_VIEW_OUTPUT","vw_manifestos_powerbi","PUB-01..PUB-08","saldo_pagar AS [Saldo a pagar]","SQL_EXPRESSION_TYPE_TO_FINGERPRINT","NOT_PRESENT_OR_UNRESOLVED","pub.vw_manifestos_powerbi.Saldo a pagar","","IMPLEMENTADO_INTEGRADO_VERIFICADO_LOCAL","G04"
"PUB-0402","V1_VIEW_OUTPUT","vw_manifestos_powerbi","PUB-01..PUB-08","uniq_destinations_count AS [Destinos únicos/Qtd]","SQL_EXPRESSION_TYPE_TO_FINGERPRINT","NOT_PRESENT_OR_UNRESOLVED","pub.vw_manifestos_powerbi.Destinos únicos/Qtd","","IMPLEMENTADO_INTEGRADO_VERIFICADO_LOCAL","G04"
"PUB-0403","V1_VIEW_OUTPUT","vw_manifestos_powerbi","PUB-01..PUB-08","gerar_mdfe AS [Gerar MDF-e]","SQL_EXPRESSION_TYPE_TO_FINGERPRINT","NOT_PRESENT_OR_UNRESOLVED","pub.vw_manifestos_powerbi.Gerar MDF-e","","IMPLEMENTADO_INTEGRADO_VERIFICADO_LOCAL","G04"
"PUB-0404","V1_VIEW_OUTPUT","vw_manifestos_powerbi","PUB-01..PUB-08","solicitou_monitoramento AS [Solicitou Monitoramento]","SQL_EXPRESSION_TYPE_TO_FINGERPRINT","NOT_PRESENT_OR_UNRESOLVED","pub.vw_manifestos_powerbi.Solicitou Monitoramento","","IMPLEMENTADO_INTEGRADO_VERIFICADO_LOCAL","G04"
"PUB-0405","V1_VIEW_OUTPUT","vw_manifestos_powerbi","PUB-01..PUB-08","solicitacao_monitoramento AS [Solicitação Monitoramento]","SQL_EXPRESSION_TYPE_TO_FINGERPRINT","NOT_PRESENT_OR_UNRESOLVED","pub.vw_manifestos_powerbi.Solicitação Monitoramento","","IMPLEMENTADO_INTEGRADO_VERIFICADO_LOCAL","G04"
"PUB-0406","V1_VIEW_OUTPUT","vw_manifestos_powerbi","PUB-01..PUB-08","leitura_movel_em AS [Leitura Móvel/Em]","SQL_EXPRESSION_TYPE_TO_FINGERPRINT","NOT_PRESENT_OR_UNRESOLVED","pub.vw_manifestos_powerbi.Leitura Móvel/Em","","IMPLEMENTADO_INTEGRADO_VERIFICADO_LOCAL","G04"
"PUB-0407","V1_VIEW_OUTPUT","vw_manifestos_powerbi","PUB-01..PUB-08","km_total AS [KM Total]","SQL_EXPRESSION_TYPE_TO_FINGERPRINT","NOT_PRESENT_OR_UNRESOLVED","pub.vw_manifestos_powerbi.KM Total","","IMPLEMENTADO_INTEGRADO_VERIFICADO_LOCAL","G04"
"PUB-0408","V1_VIEW_OUTPUT","vw_manifestos_powerbi","PUB-01..PUB-08","itens_entrega AS [Itens/Entrega]","SQL_EXPRESSION_TYPE_TO_FINGERPRINT","NOT_PRESENT_OR_UNRESOLVED","pub.vw_manifestos_powerbi.Itens/Entrega","","IMPLEMENTADO_INTEGRADO_VERIFICADO_LOCAL","G04"
"PUB-0409","V1_VIEW_OUTPUT","vw_manifestos_powerbi","PUB-01..PUB-08","itens_transferencia AS [Itens/Transferência]","SQL_EXPRESSION_TYPE_TO_FINGERPRINT","NOT_PRESENT_OR_UNRESOLVED","pub.vw_manifestos_powerbi.Itens/Transferência","","IMPLEMENTADO_INTEGRADO_VERIFICADO_LOCAL","G04"
"PUB-0410","V1_VIEW_OUTPUT","vw_manifestos_powerbi","PUB-01..PUB-08","itens_coleta AS [Itens/Coleta]","SQL_EXPRESSION_TYPE_TO_FINGERPRINT","NOT_PRESENT_OR_UNRESOLVED","pub.vw_manifestos_powerbi.Itens/Coleta","","IMPLEMENTADO_INTEGRADO_VERIFICADO_LOCAL","G04"
"PUB-0411","V1_VIEW_OUTPUT","vw_manifestos_powerbi","PUB-01..PUB-08","itens_despacho_rascunho AS [Itens/Despacho Rascunho]","SQL_EXPRESSION_TYPE_TO_FINGERPRINT","NOT_PRESENT_OR_UNRESOLVED","pub.vw_manifestos_powerbi.Itens/Despacho Rascunho","","IMPLEMENTADO_INTEGRADO_VERIFICADO_LOCAL","G04"
"PUB-0412","V1_VIEW_OUTPUT","vw_manifestos_powerbi","PUB-01..PUB-08","itens_consolidacao AS [Itens/Consolidação]","SQL_EXPRESSION_TYPE_TO_FINGERPRINT","NOT_PRESENT_OR_UNRESOLVED","pub.vw_manifestos_powerbi.Itens/Consolidação","","IMPLEMENTADO_INTEGRADO_VERIFICADO_LOCAL","G04"
"PUB-0413","V1_VIEW_OUTPUT","vw_manifestos_powerbi","PUB-01..PUB-08","itens_coleta_reversa AS [Itens/Coleta Reversa]","SQL_EXPRESSION_TYPE_TO_FINGERPRINT","NOT_PRESENT_OR_UNRESOLVED","pub.vw_manifestos_powerbi.Itens/Coleta Reversa","","IMPLEMENTADO_INTEGRADO_VERIFICADO_LOCAL","G04"
"PUB-0414","V1_VIEW_OUTPUT","vw_manifestos_powerbi","PUB-01..PUB-08","itens_total AS [Itens/Total]","SQL_EXPRESSION_TYPE_TO_FINGERPRINT","NOT_PRESENT_OR_UNRESOLVED","pub.vw_manifestos_powerbi.Itens/Total","","IMPLEMENTADO_INTEGRADO_VERIFICADO_LOCAL","G04"
"PUB-0415","V1_VIEW_OUTPUT","vw_manifestos_powerbi","PUB-01..PUB-08","itens_finalizados AS [Itens/Finalizados]","SQL_EXPRESSION_TYPE_TO_FINGERPRINT","NOT_PRESENT_OR_UNRESOLVED","pub.vw_manifestos_powerbi.Itens/Finalizados","","IMPLEMENTADO_INTEGRADO_VERIFICADO_LOCAL","G04"
"PUB-0416","V1_VIEW_OUTPUT","vw_manifestos_powerbi","PUB-01..PUB-08","calculado_coleta AS [Calculado/Coleta]","SQL_EXPRESSION_TYPE_TO_FINGERPRINT","NOT_PRESENT_OR_UNRESOLVED","pub.vw_manifestos_powerbi.Calculado/Coleta","","IMPLEMENTADO_INTEGRADO_VERIFICADO_LOCAL","G04"
"PUB-0417","V1_VIEW_OUTPUT","vw_manifestos_powerbi","PUB-01..PUB-08","calculado_entrega AS [Calculado/Entrega]","SQL_EXPRESSION_TYPE_TO_FINGERPRINT","NOT_PRESENT_OR_UNRESOLVED","pub.vw_manifestos_powerbi.Calculado/Entrega","","IMPLEMENTADO_INTEGRADO_VERIFICADO_LOCAL","G04"
"PUB-0418","V1_VIEW_OUTPUT","vw_manifestos_powerbi","PUB-01..PUB-08","calculado_despacho AS [Calculado/Despacho]","SQL_EXPRESSION_TYPE_TO_FINGERPRINT","NOT_PRESENT_OR_UNRESOLVED","pub.vw_manifestos_powerbi.Calculado/Despacho","","IMPLEMENTADO_INTEGRADO_VERIFICADO_LOCAL","G04"
"PUB-0419","V1_VIEW_OUTPUT","vw_manifestos_powerbi","PUB-01..PUB-08","calculado_consolidacao AS [Calculado/Consolidação]","SQL_EXPRESSION_TYPE_TO_FINGERPRINT","NOT_PRESENT_OR_UNRESOLVED","pub.vw_manifestos_powerbi.Calculado/Consolidação","","IMPLEMENTADO_INTEGRADO_VERIFICADO_LOCAL","G04"
"PUB-0420","V1_VIEW_OUTPUT","vw_manifestos_powerbi","PUB-01..PUB-08","calculado_coleta_reversa AS [Calculado/Coleta Reversa]","SQL_EXPRESSION_TYPE_TO_FINGERPRINT","NOT_PRESENT_OR_UNRESOLVED","pub.vw_manifestos_powerbi.Calculado/Coleta Reversa","","IMPLEMENTADO_INTEGRADO_VERIFICADO_LOCAL","G04"
"PUB-0421","V1_VIEW_OUTPUT","vw_manifestos_powerbi","PUB-01..PUB-08","valor_coletas AS [Valor/Coletas]","SQL_EXPRESSION_TYPE_TO_FINGERPRINT","NOT_PRESENT_OR_UNRESOLVED","pub.vw_manifestos_powerbi.Valor/Coletas","","IMPLEMENTADO_INTEGRADO_VERIFICADO_LOCAL","G04"
"PUB-0422","V1_VIEW_OUTPUT","vw_manifestos_powerbi","PUB-01..PUB-08","valor_entregas AS [Valor/Entregas]","SQL_EXPRESSION_TYPE_TO_FINGERPRINT","NOT_PRESENT_OR_UNRESOLVED","pub.vw_manifestos_powerbi.Valor/Entregas","","IMPLEMENTADO_INTEGRADO_VERIFICADO_LOCAL","G04"
"PUB-0423","V1_VIEW_OUTPUT","vw_manifestos_powerbi","PUB-01..PUB-08","despachos AS [Despachos]","SQL_EXPRESSION_TYPE_TO_FINGERPRINT","NOT_PRESENT_OR_UNRESOLVED","pub.vw_manifestos_powerbi.Despachos","","IMPLEMENTADO_INTEGRADO_VERIFICADO_LOCAL","G04"
"PUB-0424","V1_VIEW_OUTPUT","vw_manifestos_powerbi","PUB-01..PUB-08","consolidacoes AS [Consolidações]","SQL_EXPRESSION_TYPE_TO_FINGERPRINT","NOT_PRESENT_OR_UNRESOLVED","pub.vw_manifestos_powerbi.Consolidações","","IMPLEMENTADO_INTEGRADO_VERIFICADO_LOCAL","G04"
"PUB-0425","V1_VIEW_OUTPUT","vw_manifestos_powerbi","PUB-01..PUB-08","coleta_reversa AS [Coleta Reversa]","SQL_EXPRESSION_TYPE_TO_FINGERPRINT","NOT_PRESENT_OR_UNRESOLVED","pub.vw_manifestos_powerbi.Coleta Reversa","","IMPLEMENTADO_INTEGRADO_VERIFICADO_LOCAL","G04"
"PUB-0426","V1_VIEW_OUTPUT","vw_manifestos_powerbi","PUB-01..PUB-08","adiantamento AS [Adiantamento]","SQL_EXPRESSION_TYPE_TO_FINGERPRINT","NOT_PRESENT_OR_UNRESOLVED","pub.vw_manifestos_powerbi.Adiantamento","","IMPLEMENTADO_INTEGRADO_VERIFICADO_LOCAL","G04"
"PUB-0427","V1_VIEW_OUTPUT","vw_manifestos_powerbi","PUB-01..PUB-08","custos_frota AS [Custos Frota]","SQL_EXPRESSION_TYPE_TO_FINGERPRINT","NOT_PRESENT_OR_UNRESOLVED","pub.vw_manifestos_powerbi.Custos Frota","","IMPLEMENTADO_INTEGRADO_VERIFICADO_LOCAL","G04"
"PUB-0428","V1_VIEW_OUTPUT","vw_manifestos_powerbi","PUB-01..PUB-08","adicionais AS [Adicionais]","SQL_EXPRESSION_TYPE_TO_FINGERPRINT","NOT_PRESENT_OR_UNRESOLVED","pub.vw_manifestos_powerbi.Adicionais","","IMPLEMENTADO_INTEGRADO_VERIFICADO_LOCAL","G04"
"PUB-0429","V1_VIEW_OUTPUT","vw_manifestos_powerbi","PUB-01..PUB-08","descontos AS [Descontos]","SQL_EXPRESSION_TYPE_TO_FINGERPRINT","NOT_PRESENT_OR_UNRESOLVED","pub.vw_manifestos_powerbi.Descontos","","IMPLEMENTADO_INTEGRADO_VERIFICADO_LOCAL","G04"
"PUB-0430","V1_VIEW_OUTPUT","vw_manifestos_powerbi","PUB-01..PUB-08","desconto_valor AS [Desconto/Valor]","SQL_EXPRESSION_TYPE_TO_FINGERPRINT","NOT_PRESENT_OR_UNRESOLVED","pub.vw_manifestos_powerbi.Desconto/Valor","","IMPLEMENTADO_INTEGRADO_VERIFICADO_LOCAL","G04"
"PUB-0431","V1_VIEW_OUTPUT","vw_manifestos_powerbi","PUB-01..PUB-08","ajuste_comentarios AS [Liberação de Custo de Agregado/Comentários]","SQL_EXPRESSION_TYPE_TO_FINGERPRINT","NOT_PRESENT_OR_UNRESOLVED","pub.vw_manifestos_powerbi.Liberação de Custo de Agregado/Comentários","","IMPLEMENTADO_INTEGRADO_VERIFICADO_LOCAL","G04"
"PUB-0432","V1_VIEW_OUTPUT","vw_manifestos_powerbi","PUB-01..PUB-08","iks_id AS [IKS ID]","SQL_EXPRESSION_TYPE_TO_FINGERPRINT","NOT_PRESENT_OR_UNRESOLVED","pub.vw_manifestos_powerbi.IKS ID","","IMPLEMENTADO_INTEGRADO_VERIFICADO_LOCAL","G04"
"PUB-0433","V1_VIEW_OUTPUT","vw_manifestos_powerbi","PUB-01..PUB-08","programacao_sequence_code AS [Programação/Número]","SQL_EXPRESSION_TYPE_TO_FINGERPRINT","NOT_PRESENT_OR_UNRESOLVED","pub.vw_manifestos_powerbi.Programação/Número","","IMPLEMENTADO_INTEGRADO_VERIFICADO_LOCAL","G04"
"PUB-0434","V1_VIEW_OUTPUT","vw_manifestos_powerbi","PUB-01..PUB-08","programacao_inicio AS [Programação/Início]","SQL_EXPRESSION_TYPE_TO_FINGERPRINT","NOT_PRESENT_OR_UNRESOLVED","pub.vw_manifestos_powerbi.Programação/Início","","IMPLEMENTADO_INTEGRADO_VERIFICADO_LOCAL","G04"
"PUB-0435","V1_VIEW_OUTPUT","vw_manifestos_powerbi","PUB-01..PUB-08","programacao_termino AS [Programação/Término]","SQL_EXPRESSION_TYPE_TO_FINGERPRINT","NOT_PRESENT_OR_UNRESOLVED","pub.vw_manifestos_powerbi.Programação/Término","","IMPLEMENTADO_INTEGRADO_VERIFICADO_LOCAL","G04"
"PUB-0436","V1_VIEW_OUTPUT","vw_manifestos_powerbi","PUB-01..PUB-08","carreta1_placa AS [Carreta 1/Placa]","SQL_EXPRESSION_TYPE_TO_FINGERPRINT","NOT_PRESENT_OR_UNRESOLVED","pub.vw_manifestos_powerbi.Carreta 1/Placa","","IMPLEMENTADO_INTEGRADO_VERIFICADO_LOCAL","G04"
"PUB-0437","V1_VIEW_OUTPUT","vw_manifestos_powerbi","PUB-01..PUB-08","carreta1_capacidade_peso AS [Carreta 1/Capacidade Peso]","SQL_EXPRESSION_TYPE_TO_FINGERPRINT","NOT_PRESENT_OR_UNRESOLVED","pub.vw_manifestos_powerbi.Carreta 1/Capacidade Peso","","IMPLEMENTADO_INTEGRADO_VERIFICADO_LOCAL","G04"
"PUB-0438","V1_VIEW_OUTPUT","vw_manifestos_powerbi","PUB-01..PUB-08","carreta2_placa AS [Carreta 2/Placa]","SQL_EXPRESSION_TYPE_TO_FINGERPRINT","NOT_PRESENT_OR_UNRESOLVED","pub.vw_manifestos_powerbi.Carreta 2/Placa","","IMPLEMENTADO_INTEGRADO_VERIFICADO_LOCAL","G04"
"PUB-0439","V1_VIEW_OUTPUT","vw_manifestos_powerbi","PUB-01..PUB-08","carreta2_capacidade_peso AS [Carreta 2/Capacidade Peso]","SQL_EXPRESSION_TYPE_TO_FINGERPRINT","NOT_PRESENT_OR_UNRESOLVED","pub.vw_manifestos_powerbi.Carreta 2/Capacidade Peso","","IMPLEMENTADO_INTEGRADO_VERIFICADO_LOCAL","G04"
"PUB-0440","V1_VIEW_OUTPUT","vw_manifestos_powerbi","PUB-01..PUB-08","veiculo_capacidade_peso AS [Veículo/Capacidade Peso]","SQL_EXPRESSION_TYPE_TO_FINGERPRINT","NOT_PRESENT_OR_UNRESOLVED","pub.vw_manifestos_powerbi.Veículo/Capacidade Peso","","IMPLEMENTADO_INTEGRADO_VERIFICADO_LOCAL","G04"
"PUB-0441","V1_VIEW_OUTPUT","vw_manifestos_powerbi","PUB-01..PUB-08","veiculo_peso_cubado AS [Veículo/Peso Cubado]","SQL_EXPRESSION_TYPE_TO_FINGERPRINT","NOT_PRESENT_OR_UNRESOLVED","pub.vw_manifestos_powerbi.Veículo/Peso Cubado","","IMPLEMENTADO_INTEGRADO_VERIFICADO_LOCAL","G04"
"PUB-0442","V1_VIEW_OUTPUT","vw_manifestos_powerbi","PUB-01..PUB-08","capacidade_lotacao_kg AS [Capacidade Lotação Kg]","SQL_EXPRESSION_TYPE_TO_FINGERPRINT","NOT_PRESENT_OR_UNRESOLVED","pub.vw_manifestos_powerbi.Capacidade Lotação Kg","","IMPLEMENTADO_INTEGRADO_VERIFICADO_LOCAL","G04"
"PUB-0443","V1_VIEW_OUTPUT","vw_manifestos_powerbi","PUB-01..PUB-08","descarregamento_destinatarios AS [Descarregamento/Destinatários]","SQL_EXPRESSION_TYPE_TO_FINGERPRINT","NOT_PRESENT_OR_UNRESOLVED","pub.vw_manifestos_powerbi.Descarregamento/Destinatários","","IMPLEMENTADO_INTEGRADO_VERIFICADO_LOCAL","G04"
"PUB-0444","V1_VIEW_OUTPUT","vw_manifestos_powerbi","PUB-01..PUB-08","local_descarregamento AS [Local de Descarregamento]","SQL_EXPRESSION_TYPE_TO_FINGERPRINT","NOT_PRESENT_OR_UNRESOLVED","pub.vw_manifestos_powerbi.Local de Descarregamento","","IMPLEMENTADO_INTEGRADO_VERIFICADO_LOCAL","G04"
"PUB-0445","V1_VIEW_OUTPUT","vw_manifestos_powerbi","PUB-01..PUB-08","entrega_regioes AS [Entrega/Regiões]","SQL_EXPRESSION_TYPE_TO_FINGERPRINT","NOT_PRESENT_OR_UNRESOLVED","pub.vw_manifestos_powerbi.Entrega/Regiões","","IMPLEMENTADO_INTEGRADO_VERIFICADO_LOCAL","G04"
"PUB-0446","V1_VIEW_OUTPUT","vw_manifestos_powerbi","PUB-01..PUB-08","programacao_cliente AS [Programação/Cliente]","SQL_EXPRESSION_TYPE_TO_FINGERPRINT","NOT_PRESENT_OR_UNRESOLVED","pub.vw_manifestos_powerbi.Programação/Cliente","","IMPLEMENTADO_INTEGRADO_VERIFICADO_LOCAL","G04"
"PUB-0447","V1_VIEW_OUTPUT","vw_manifestos_powerbi","PUB-01..PUB-08","programacao_tipo_servico AS [Programação/Tipo Serviço]","SQL_EXPRESSION_TYPE_TO_FINGERPRINT","NOT_PRESENT_OR_UNRESOLVED","pub.vw_manifestos_powerbi.Programação/Tipo Serviço","","IMPLEMENTADO_INTEGRADO_VERIFICADO_LOCAL","G04"
"PUB-0448","V1_VIEW_OUTPUT","vw_manifestos_powerbi","PUB-01..PUB-08","usuario_emissor AS [Usuário/Emissor]","SQL_EXPRESSION_TYPE_TO_FINGERPRINT","NOT_PRESENT_OR_UNRESOLVED","pub.vw_manifestos_powerbi.Usuário/Emissor","","IMPLEMENTADO_INTEGRADO_VERIFICADO_LOCAL","G04"
"PUB-0449","V1_VIEW_OUTPUT","vw_manifestos_powerbi","PUB-01..PUB-08","usuario_ajuste AS [Usuário/Ajuste]","SQL_EXPRESSION_TYPE_TO_FINGERPRINT","NOT_PRESENT_OR_UNRESOLVED","pub.vw_manifestos_powerbi.Usuário/Ajuste","","IMPLEMENTADO_INTEGRADO_VERIFICADO_LOCAL","G04"
"PUB-0450","V1_VIEW_OUTPUT","vw_manifestos_powerbi","PUB-01..PUB-08","obs_operacional AS [Liberação/Comentários Operacionais]","SQL_EXPRESSION_TYPE_TO_FINGERPRINT","NOT_PRESENT_OR_UNRESOLVED","pub.vw_manifestos_powerbi.Liberação/Comentários Operacionais","","IMPLEMENTADO_INTEGRADO_VERIFICADO_LOCAL","G04"
"PUB-0451","V1_VIEW_OUTPUT","vw_manifestos_powerbi","PUB-01..PUB-08","obs_financeira AS [Comentários Fechamento]","SQL_EXPRESSION_TYPE_TO_FINGERPRINT","NOT_PRESENT_OR_UNRESOLVED","pub.vw_manifestos_powerbi.Comentários Fechamento","","IMPLEMENTADO_INTEGRADO_VERIFICADO_LOCAL","G04"
"PUB-0452","V1_VIEW_OUTPUT","vw_manifestos_powerbi","PUB-01..PUB-08","metadata AS [Metadata]","SQL_EXPRESSION_TYPE_TO_FINGERPRINT","NOT_PRESENT_OR_UNRESOLVED","recon.published_field_presence","","IMPLEMENTADO_INTEGRADO_VERIFICADO_LOCAL","G04"
"PUB-0453","V1_VIEW_OUTPUT","vw_manifestos_powerbi","PUB-01..PUB-08","data_extracao AS [Data de extracao]","SQL_EXPRESSION_TYPE_TO_FINGERPRINT","NOT_PRESENT_OR_UNRESOLVED","pub.vw_manifestos_powerbi.Data de extracao","","IMPLEMENTADO_INTEGRADO_VERIFICADO_LOCAL","G04"
"PUB-0454","V1_VIEW_OUTPUT","vw_bi_monitoramento","PUB-01..PUB-08","id AS [Id]","SQL_EXPRESSION_TYPE_TO_FINGERPRINT","NOT_PRESENT_OR_UNRESOLVED","ctl.vw_bi_monitoramento.Id","","IMPLEMENTADO_INTEGRADO_VERIFICADO_LOCAL","G04"
"PUB-0455","V1_VIEW_OUTPUT","vw_bi_monitoramento","PUB-01..PUB-08","start_time AS [Inicio]","SQL_EXPRESSION_TYPE_TO_FINGERPRINT","NOT_PRESENT_OR_UNRESOLVED","ctl.vw_bi_monitoramento.Inicio","","IMPLEMENTADO_INTEGRADO_VERIFICADO_LOCAL","G04"
"PUB-0456","V1_VIEW_OUTPUT","vw_bi_monitoramento","PUB-01..PUB-08","end_time AS [Fim]","SQL_EXPRESSION_TYPE_TO_FINGERPRINT","NOT_PRESENT_OR_UNRESOLVED","ctl.vw_bi_monitoramento.Fim","","IMPLEMENTADO_INTEGRADO_VERIFICADO_LOCAL","G04"
"PUB-0457","V1_VIEW_OUTPUT","vw_bi_monitoramento","PUB-01..PUB-08","duration_seconds AS [Duracao (s)]","SQL_EXPRESSION_TYPE_TO_FINGERPRINT","NOT_PRESENT_OR_UNRESOLVED","ctl.vw_bi_monitoramento.Duracao (s)","","IMPLEMENTADO_INTEGRADO_VERIFICADO_LOCAL","G04"
"PUB-0458","V1_VIEW_OUTPUT","vw_bi_monitoramento","PUB-01..PUB-08","CAST(start_time AS DATE) AS [Data]","SQL_EXPRESSION_TYPE_TO_FINGERPRINT","NOT_PRESENT_OR_UNRESOLVED","ctl.vw_bi_monitoramento.Data","","IMPLEMENTADO_INTEGRADO_VERIFICADO_LOCAL","G04"
"PUB-0459","V1_VIEW_OUTPUT","vw_bi_monitoramento","PUB-01..PUB-08","status AS [Status]","SQL_EXPRESSION_TYPE_TO_FINGERPRINT","NOT_PRESENT_OR_UNRESOLVED","ctl.vw_bi_monitoramento.Status","","IMPLEMENTADO_INTEGRADO_VERIFICADO_LOCAL","G04"
"PUB-0460","V1_VIEW_OUTPUT","vw_bi_monitoramento","PUB-01..PUB-08","total_records AS [Total Registros]","SQL_EXPRESSION_TYPE_TO_FINGERPRINT","NOT_PRESENT_OR_UNRESOLVED","ctl.vw_bi_monitoramento.Total Registros","","IMPLEMENTADO_INTEGRADO_VERIFICADO_LOCAL","G04"
"PUB-0461","V1_VIEW_OUTPUT","vw_bi_monitoramento","PUB-01..PUB-08","error_category AS [Categoria Erro]","SQL_EXPRESSION_TYPE_TO_FINGERPRINT","NOT_PRESENT_OR_UNRESOLVED","ctl.vw_bi_monitoramento.Categoria Erro","","IMPLEMENTADO_INTEGRADO_VERIFICADO_LOCAL","G04"
"PUB-0462","V1_VIEW_OUTPUT","vw_bi_monitoramento","PUB-01..PUB-08","error_message AS [Mensagem Erro]","SQL_EXPRESSION_TYPE_TO_FINGERPRINT","NOT_PRESENT_OR_UNRESOLVED","ctl.vw_bi_monitoramento.Mensagem Erro","","IMPLEMENTADO_INTEGRADO_VERIFICADO_LOCAL","G04"
"PUB-0463","V1_VIEW_OUTPUT","vw_inventario_powerbi","PUB-01..PUB-08","CAST(i.started_at AS TIME(0)) AS [Hora (Início)]","SQL_EXPRESSION_TYPE_TO_FINGERPRINT","NOT_PRESENT_OR_UNRESOLVED","pub.vw_inventario_powerbi.Hora (Início)","","IMPLEMENTADO_INTEGRADO_VERIFICADO_LOCAL","G04"
"PUB-0464","V1_VIEW_OUTPUT","vw_inventario_powerbi","PUB-01..PUB-08","i.identificador_unico AS [Identificador Único]","SQL_EXPRESSION_TYPE_TO_FINGERPRINT","NOT_PRESENT_OR_UNRESOLVED","pub.vw_inventario_powerbi.Identificador Único","","IMPLEMENTADO_INTEGRADO_VERIFICADO_LOCAL","G04"
"PUB-0465","V1_VIEW_OUTPUT","vw_inventario_powerbi","PUB-01..PUB-08","i.numero_minuta AS [Nº Minuta]","SQL_EXPRESSION_TYPE_TO_FINGERPRINT","NOT_PRESENT_OR_UNRESOLVED","pub.vw_inventario_powerbi.Nº Minuta","","IMPLEMENTADO_INTEGRADO_VERIFICADO_LOCAL","G04"
"PUB-0466","V1_VIEW_OUTPUT","vw_inventario_powerbi","PUB-01..PUB-08","i.pagador_nome AS [Pagador]","SQL_EXPRESSION_TYPE_TO_FINGERPRINT","NOT_PRESENT_OR_UNRESOLVED","pub.vw_inventario_powerbi.Pagador","","IMPLEMENTADO_INTEGRADO_VERIFICADO_LOCAL","G04"
"PUB-0467","V1_VIEW_OUTPUT","vw_inventario_powerbi","PUB-01..PUB-08","i.remetente_nome AS [Remetente]","SQL_EXPRESSION_TYPE_TO_FINGERPRINT","NOT_PRESENT_OR_UNRESOLVED","pub.vw_inventario_powerbi.Remetente","","IMPLEMENTADO_INTEGRADO_VERIFICADO_LOCAL","G04"
"PUB-0468","V1_VIEW_OUTPUT","vw_inventario_powerbi","PUB-01..PUB-08","i.origem_cidade AS [Origem]","SQL_EXPRESSION_TYPE_TO_FINGERPRINT","NOT_PRESENT_OR_UNRESOLVED","pub.vw_inventario_powerbi.Origem","","IMPLEMENTADO_INTEGRADO_VERIFICADO_LOCAL","G04"
"PUB-0469","V1_VIEW_OUTPUT","vw_inventario_powerbi","PUB-01..PUB-08","i.destinatario_nome AS [Destinatário]","SQL_EXPRESSION_TYPE_TO_FINGERPRINT","NOT_PRESENT_OR_UNRESOLVED","pub.vw_inventario_powerbi.Destinatário","","IMPLEMENTADO_INTEGRADO_VERIFICADO_LOCAL","G04"
"PUB-0470","V1_VIEW_OUTPUT","vw_inventario_powerbi","PUB-01..PUB-08","i.destino_cidade AS [Destino]","SQL_EXPRESSION_TYPE_TO_FINGERPRINT","NOT_PRESENT_OR_UNRESOLVED","pub.vw_inventario_powerbi.Destino","","IMPLEMENTADO_INTEGRADO_VERIFICADO_LOCAL","G04"
"PUB-0471","V1_VIEW_OUTPUT","vw_inventario_powerbi","PUB-01..PUB-08","i.regiao_entrega AS [Região Entrega]","SQL_EXPRESSION_TYPE_TO_FINGERPRINT","NOT_PRESENT_OR_UNRESOLVED","pub.vw_inventario_powerbi.Região Entrega","","IMPLEMENTADO_INTEGRADO_VERIFICADO_LOCAL","G04"
"PUB-0472","V1_VIEW_OUTPUT","vw_inventario_powerbi","PUB-01..PUB-08","i.filial_entregadora AS [Filial Entregadora]","SQL_EXPRESSION_TYPE_TO_FINGERPRINT","NOT_PRESENT_OR_UNRESOLVED","pub.vw_inventario_powerbi.Filial Entregadora","","IMPLEMENTADO_INTEGRADO_VERIFICADO_LOCAL","G04"
"PUB-0473","V1_VIEW_OUTPUT","vw_inventario_powerbi","PUB-01..PUB-08","i.sequence_code AS [N° Ordem]","SQL_EXPRESSION_TYPE_TO_FINGERPRINT","NOT_PRESENT_OR_UNRESOLVED","pub.vw_inventario_powerbi.N° Ordem","","IMPLEMENTADO_INTEGRADO_VERIFICADO_LOCAL","G04"
"PUB-0474","V1_VIEW_OUTPUT","vw_inventario_powerbi","PUB-01..PUB-08","i.branch_nickname AS [Filial]","SQL_EXPRESSION_TYPE_TO_FINGERPRINT","NOT_PRESENT_OR_UNRESOLVED","pub.vw_inventario_powerbi.Filial","","IMPLEMENTADO_INTEGRADO_VERIFICADO_LOCAL","G04"
"PUB-0475","V1_VIEW_OUTPUT","vw_inventario_powerbi","PUB-01..PUB-08","i.branch_nickname AS [Filial da Ordem de Conferência]","SQL_EXPRESSION_TYPE_TO_FINGERPRINT","NOT_PRESENT_OR_UNRESOLVED","pub.vw_inventario_powerbi.Filial da Ordem de Conferência","","IMPLEMENTADO_INTEGRADO_VERIFICADO_LOCAL","G04"
"PUB-0476","V1_VIEW_OUTPUT","vw_inventario_powerbi","PUB-01..PUB-08","COALESCE(f.filial_nome, i.branch_nickname) AS [Filial Emissora do Frete]","SQL_EXPRESSION_TYPE_TO_FINGERPRINT","NOT_PRESENT_OR_UNRESOLVED","pub.vw_inventario_powerbi.Filial Emissora do Frete","","IMPLEMENTADO_INTEGRADO_VERIFICADO_LOCAL","G04"
"PUB-0477","V1_VIEW_OUTPUT","vw_inventario_powerbi","PUB-01..PUB-08","CASE i.type WHEN 'CheckIn::Order::Loading' THEN 'Carregamento' WHEN 'CheckIn::Order::Unloading' THEN 'Descarregamento' WHEN 'CheckIn::Order::Picking' THEN 'Picking' WHEN 'CheckIn::Order::Receipt' THEN 'Recebimento' WHEN 'CheckIn::Order::Return' THEN 'Retorno' ELSE i.type END AS [Tipo]","SQL_EXPRESSION_TYPE_TO_FINGERPRINT","NOT_PRESENT_OR_UNRESOLVED","pub.vw_inventario_powerbi.Tipo","","IMPLEMENTADO_INTEGRADO_VERIFICADO_LOCAL","G04"
"PUB-0478","V1_VIEW_OUTPUT","vw_inventario_powerbi","PUB-01..PUB-08","i.started_at AS [Data/Hora início]","SQL_EXPRESSION_TYPE_TO_FINGERPRINT","NOT_PRESENT_OR_UNRESOLVED","pub.vw_inventario_powerbi.Data/Hora início","","IMPLEMENTADO_INTEGRADO_VERIFICADO_LOCAL","G04"
"PUB-0479","V1_VIEW_OUTPUT","vw_inventario_powerbi","PUB-01..PUB-08","i.finished_at AS [Data/Hora fim]","SQL_EXPRESSION_TYPE_TO_FINGERPRINT","NOT_PRESENT_OR_UNRESOLVED","pub.vw_inventario_powerbi.Data/Hora fim","","IMPLEMENTADO_INTEGRADO_VERIFICADO_LOCAL","G04"
"PUB-0480","V1_VIEW_OUTPUT","vw_inventario_powerbi","PUB-01..PUB-08","CASE i.status WHEN 'pending' THEN 'pendente' WHEN 'finished' THEN 'finalizado' ELSE i.status END AS [Status]","SQL_EXPRESSION_TYPE_TO_FINGERPRINT","NOT_PRESENT_OR_UNRESOLVED","pub.vw_inventario_powerbi.Status","","IMPLEMENTADO_INTEGRADO_VERIFICADO_LOCAL","G04"
"PUB-0481","V1_VIEW_OUTPUT","vw_inventario_powerbi","PUB-01..PUB-08","i.conferente_nome AS [Conferente]","SQL_EXPRESSION_TYPE_TO_FINGERPRINT","NOT_PRESENT_OR_UNRESOLVED","pub.vw_inventario_powerbi.Conferente","","IMPLEMENTADO_INTEGRADO_VERIFICADO_LOCAL","G04"
"PUB-0482","V1_VIEW_OUTPUT","vw_inventario_powerbi","PUB-01..PUB-08","REPLACE(REPLACE(REPLACE(i.invoices_mapping, '[', ''), ']', ''), '""', '') AS [Notas Fiscais]","SQL_EXPRESSION_TYPE_TO_FINGERPRINT","NOT_PRESENT_OR_UNRESOLVED","pub.vw_inventario_powerbi.Notas Fiscais","","IMPLEMENTADO_INTEGRADO_VERIFICADO_LOCAL","G04"
"PUB-0483","V1_VIEW_OUTPUT","vw_inventario_powerbi","PUB-01..PUB-08","i.invoices_value AS [Valor de NF]","SQL_EXPRESSION_TYPE_TO_FINGERPRINT","NOT_PRESENT_OR_UNRESOLVED","pub.vw_inventario_powerbi.Valor de NF","","IMPLEMENTADO_INTEGRADO_VERIFICADO_LOCAL","G04"
"PUB-0484","V1_VIEW_OUTPUT","vw_inventario_powerbi","PUB-01..PUB-08","i.real_weight AS [Peso Real]","SQL_EXPRESSION_TYPE_TO_FINGERPRINT","NOT_PRESENT_OR_UNRESOLVED","pub.vw_inventario_powerbi.Peso Real","","IMPLEMENTADO_INTEGRADO_VERIFICADO_LOCAL","G04"
"PUB-0485","V1_VIEW_OUTPUT","vw_inventario_powerbi","PUB-01..PUB-08","i.total_cubic_volume AS [M³]","SQL_EXPRESSION_TYPE_TO_FINGERPRINT","NOT_PRESENT_OR_UNRESOLVED","pub.vw_inventario_powerbi.M³","","IMPLEMENTADO_INTEGRADO_VERIFICADO_LOCAL","G04"
"PUB-0486","V1_VIEW_OUTPUT","vw_inventario_powerbi","PUB-01..PUB-08","i.taxed_weight AS [Peso Taxado]","SQL_EXPRESSION_TYPE_TO_FINGERPRINT","NOT_PRESENT_OR_UNRESOLVED","pub.vw_inventario_powerbi.Peso Taxado","","IMPLEMENTADO_INTEGRADO_VERIFICADO_LOCAL","G04"
"PUB-0487","V1_VIEW_OUTPUT","vw_inventario_powerbi","PUB-01..PUB-08","i.invoices_volumes AS [Volumes]","SQL_EXPRESSION_TYPE_TO_FINGERPRINT","NOT_PRESENT_OR_UNRESOLVED","pub.vw_inventario_powerbi.Volumes","","IMPLEMENTADO_INTEGRADO_VERIFICADO_LOCAL","G04"
"PUB-0488","V1_VIEW_OUTPUT","vw_inventario_powerbi","PUB-01..PUB-08","i.read_volumes AS [Volumes Lidos]","SQL_EXPRESSION_TYPE_TO_FINGERPRINT","NOT_PRESENT_OR_UNRESOLVED","pub.vw_inventario_powerbi.Volumes Lidos","","IMPLEMENTADO_INTEGRADO_VERIFICADO_LOCAL","G04"
"PUB-0489","V1_VIEW_OUTPUT","vw_inventario_powerbi","PUB-01..PUB-08","i.predicted_delivery_at AS [Previsão de Entrega]","SQL_EXPRESSION_TYPE_TO_FINGERPRINT","NOT_PRESENT_OR_UNRESOLVED","pub.vw_inventario_powerbi.Previsão de Entrega","","IMPLEMENTADO_INTEGRADO_VERIFICADO_LOCAL","G04"
"PUB-0490","V1_VIEW_OUTPUT","vw_inventario_powerbi","PUB-01..PUB-08","i.performance_finished_at AS [Finalização da Performance]","SQL_EXPRESSION_TYPE_TO_FINGERPRINT","NOT_PRESENT_OR_UNRESOLVED","pub.vw_inventario_powerbi.Finalização da Performance","","IMPLEMENTADO_INTEGRADO_VERIFICADO_LOCAL","G04"
"PUB-0491","V1_VIEW_OUTPUT","vw_inventario_powerbi","PUB-01..PUB-08","i.performance_finished_at AS [Data de Finalização]","SQL_EXPRESSION_TYPE_TO_FINGERPRINT","NOT_PRESENT_OR_UNRESOLVED","pub.vw_inventario_powerbi.Data de Finalização","","IMPLEMENTADO_INTEGRADO_VERIFICADO_LOCAL","G04"
"PUB-0492","V1_VIEW_OUTPUT","vw_inventario_powerbi","PUB-01..PUB-08","i.ultima_ocorrencia_at AS [Data Última Ocorrência]","SQL_EXPRESSION_TYPE_TO_FINGERPRINT","NOT_PRESENT_OR_UNRESOLVED","pub.vw_inventario_powerbi.Data Última Ocorrência","","IMPLEMENTADO_INTEGRADO_VERIFICADO_LOCAL","G04"
"PUB-0493","V1_VIEW_OUTPUT","vw_inventario_powerbi","PUB-01..PUB-08","i.ultima_ocorrencia_descricao AS [Ocorrência]","SQL_EXPRESSION_TYPE_TO_FINGERPRINT","NOT_PRESENT_OR_UNRESOLVED","pub.vw_inventario_powerbi.Ocorrência","","IMPLEMENTADO_INTEGRADO_VERIFICADO_LOCAL","G04"
"PUB-0494","V1_VIEW_OUTPUT","vw_inventario_powerbi","PUB-01..PUB-08","CASE WHEN i.flag_comprovante_anexado = 1 THEN N'Sim' ELSE N'Não' END AS [Comprovante Anexado]","SQL_EXPRESSION_TYPE_TO_FINGERPRINT","NOT_PRESENT_OR_UNRESOLVED","pub.vw_inventario_powerbi.Comprovante Anexado","","IMPLEMENTADO_INTEGRADO_VERIFICADO_LOCAL","G04"
"PUB-0495","V1_VIEW_OUTPUT","vw_inventario_powerbi","PUB-01..PUB-08","i.metadata AS [Metadata]","SQL_EXPRESSION_TYPE_TO_FINGERPRINT","NOT_PRESENT_OR_UNRESOLVED","recon.published_field_presence","","IMPLEMENTADO_INTEGRADO_VERIFICADO_LOCAL","G04"
"PUB-0496","V1_VIEW_OUTPUT","vw_inventario_powerbi","PUB-01..PUB-08","i.data_extracao AS [Data de extracao]","SQL_EXPRESSION_TYPE_TO_FINGERPRINT","NOT_PRESENT_OR_UNRESOLVED","pub.vw_inventario_powerbi.Data de extracao","","IMPLEMENTADO_INTEGRADO_VERIFICADO_LOCAL","G04"
"PUB-0497","V1_VIEW_OUTPUT","vw_sinistros_powerbi","PUB-01..PUB-08","identificador_unico AS [Identificador Único]","SQL_EXPRESSION_TYPE_TO_FINGERPRINT","NOT_PRESENT_OR_UNRESOLVED","pub.vw_sinistros_powerbi.Identificador Único","","IMPLEMENTADO_INTEGRADO_VERIFICADO_LOCAL","G04"
"PUB-0498","V1_VIEW_OUTPUT","vw_sinistros_powerbi","PUB-01..PUB-08","sequence_code AS [Nº do Sinistro]","SQL_EXPRESSION_TYPE_TO_FINGERPRINT","NOT_PRESENT_OR_UNRESOLVED","pub.vw_sinistros_powerbi.Nº do Sinistro","","IMPLEMENTADO_INTEGRADO_VERIFICADO_LOCAL","G04"
"PUB-0499","V1_VIEW_OUTPUT","vw_sinistros_powerbi","PUB-01..PUB-08","opening_at_date AS [Data abertura]","SQL_EXPRESSION_TYPE_TO_FINGERPRINT","NOT_PRESENT_OR_UNRESOLVED","pub.vw_sinistros_powerbi.Data abertura","","IMPLEMENTADO_INTEGRADO_VERIFICADO_LOCAL","G04"
"PUB-0500","V1_VIEW_OUTPUT","vw_sinistros_powerbi","PUB-01..PUB-08","occurrence_at_date AS [Data ocorrência]","SQL_EXPRESSION_TYPE_TO_FINGERPRINT","NOT_PRESENT_OR_UNRESOLVED","pub.vw_sinistros_powerbi.Data ocorrência","","IMPLEMENTADO_INTEGRADO_VERIFICADO_LOCAL","G04"
"PUB-0501","V1_VIEW_OUTPUT","vw_sinistros_powerbi","PUB-01..PUB-08","occurrence_at_time AS [Hora ocorrência]","SQL_EXPRESSION_TYPE_TO_FINGERPRINT","NOT_PRESENT_OR_UNRESOLVED","pub.vw_sinistros_powerbi.Hora ocorrência","","IMPLEMENTADO_INTEGRADO_VERIFICADO_LOCAL","G04"
"PUB-0502","V1_VIEW_OUTPUT","vw_sinistros_powerbi","PUB-01..PUB-08","expected_solution_date AS [Previsão de solução]","SQL_EXPRESSION_TYPE_TO_FINGERPRINT","NOT_PRESENT_OR_UNRESOLVED","pub.vw_sinistros_powerbi.Previsão de solução","","IMPLEMENTADO_INTEGRADO_VERIFICADO_LOCAL","G04"
"PUB-0503","V1_VIEW_OUTPUT","vw_sinistros_powerbi","PUB-01..PUB-08","insurance_claim_location AS [Local do sinistro]","SQL_EXPRESSION_TYPE_TO_FINGERPRINT","NOT_PRESENT_OR_UNRESOLVED","pub.vw_sinistros_powerbi.Local do sinistro","","IMPLEMENTADO_INTEGRADO_VERIFICADO_LOCAL","G04"
"PUB-0504","V1_VIEW_OUTPUT","vw_sinistros_powerbi","PUB-01..PUB-08","informed_by AS [Informado por]","SQL_EXPRESSION_TYPE_TO_FINGERPRINT","NOT_PRESENT_OR_UNRESOLVED","pub.vw_sinistros_powerbi.Informado por","","IMPLEMENTADO_INTEGRADO_VERIFICADO_LOCAL","G04"
"PUB-0505","V1_VIEW_OUTPUT","vw_sinistros_powerbi","PUB-01..PUB-08","finished_at_date AS [Data finalização]","SQL_EXPRESSION_TYPE_TO_FINGERPRINT","NOT_PRESENT_OR_UNRESOLVED","pub.vw_sinistros_powerbi.Data finalização","","IMPLEMENTADO_INTEGRADO_VERIFICADO_LOCAL","G04"
"PUB-0506","V1_VIEW_OUTPUT","vw_sinistros_powerbi","PUB-01..PUB-08","finished_at_time AS [Hora finalização]","SQL_EXPRESSION_TYPE_TO_FINGERPRINT","NOT_PRESENT_OR_UNRESOLVED","pub.vw_sinistros_powerbi.Hora finalização","","IMPLEMENTADO_INTEGRADO_VERIFICADO_LOCAL","G04"
"PUB-0507","V1_VIEW_OUTPUT","vw_sinistros_powerbi","PUB-01..PUB-08","invoices_count AS [Quantidade de documentos]","SQL_EXPRESSION_TYPE_TO_FINGERPRINT","NOT_PRESENT_OR_UNRESOLVED","pub.vw_sinistros_powerbi.Quantidade de documentos","","IMPLEMENTADO_INTEGRADO_VERIFICADO_LOCAL","G04"
"PUB-0508","V1_VIEW_OUTPUT","vw_sinistros_powerbi","PUB-01..PUB-08","corporation_sequence_number AS [Minuta]","SQL_EXPRESSION_TYPE_TO_FINGERPRINT","NOT_PRESENT_OR_UNRESOLVED","pub.vw_sinistros_powerbi.Minuta","","IMPLEMENTADO_INTEGRADO_VERIFICADO_LOCAL","G04"
"PUB-0509","V1_VIEW_OUTPUT","vw_sinistros_powerbi","PUB-01..PUB-08","insurance_occurrence_number AS [Nota Fiscal/Número]","SQL_EXPRESSION_TYPE_TO_FINGERPRINT","NOT_PRESENT_OR_UNRESOLVED","pub.vw_sinistros_powerbi.Nota Fiscal/Número","","IMPLEMENTADO_INTEGRADO_VERIFICADO_LOCAL","G04"
"PUB-0510","V1_VIEW_OUTPUT","vw_sinistros_powerbi","PUB-01..PUB-08","invoices_volumes AS [Volumes]","SQL_EXPRESSION_TYPE_TO_FINGERPRINT","NOT_PRESENT_OR_UNRESOLVED","pub.vw_sinistros_powerbi.Volumes","","IMPLEMENTADO_INTEGRADO_VERIFICADO_LOCAL","G04"
"PUB-0511","V1_VIEW_OUTPUT","vw_sinistros_powerbi","PUB-01..PUB-08","invoices_weight AS [Peso]","SQL_EXPRESSION_TYPE_TO_FINGERPRINT","NOT_PRESENT_OR_UNRESOLVED","pub.vw_sinistros_powerbi.Peso","","IMPLEMENTADO_INTEGRADO_VERIFICADO_LOCAL","G04"
"PUB-0512","V1_VIEW_OUTPUT","vw_sinistros_powerbi","PUB-01..PUB-08","invoices_value AS [Valor NF]","SQL_EXPRESSION_TYPE_TO_FINGERPRINT","NOT_PRESENT_OR_UNRESOLVED","pub.vw_sinistros_powerbi.Valor NF","","IMPLEMENTADO_INTEGRADO_VERIFICADO_LOCAL","G04"
"PUB-0513","V1_VIEW_OUTPUT","vw_sinistros_powerbi","PUB-01..PUB-08","payer_nickname AS [Pagador do frete/Nome fantasia]","SQL_EXPRESSION_TYPE_TO_FINGERPRINT","NOT_PRESENT_OR_UNRESOLVED","pub.vw_sinistros_powerbi.Pagador do frete/Nome fantasia","","IMPLEMENTADO_INTEGRADO_VERIFICADO_LOCAL","G04"
"PUB-0514","V1_VIEW_OUTPUT","vw_sinistros_powerbi","PUB-01..PUB-08","customer_debits_subtotal AS [valor a pagar ao cliente]","SQL_EXPRESSION_TYPE_TO_FINGERPRINT","NOT_PRESENT_OR_UNRESOLVED","pub.vw_sinistros_powerbi.valor a pagar ao cliente","","IMPLEMENTADO_INTEGRADO_VERIFICADO_LOCAL","G04"
"PUB-0515","V1_VIEW_OUTPUT","vw_sinistros_powerbi","PUB-01..PUB-08","customer_credit_entries_subtotal AS [Valor nota de crédito ao cliente]","SQL_EXPRESSION_TYPE_TO_FINGERPRINT","NOT_PRESENT_OR_UNRESOLVED","pub.vw_sinistros_powerbi.Valor nota de crédito ao cliente","","IMPLEMENTADO_INTEGRADO_VERIFICADO_LOCAL","G04"
"PUB-0516","V1_VIEW_OUTPUT","vw_sinistros_powerbi","PUB-01..PUB-08","responsible_credits_subtotal AS [Valor a receber do responsável]","SQL_EXPRESSION_TYPE_TO_FINGERPRINT","NOT_PRESENT_OR_UNRESOLVED","pub.vw_sinistros_powerbi.Valor a receber do responsável","","IMPLEMENTADO_INTEGRADO_VERIFICADO_LOCAL","G04"
"PUB-0517","V1_VIEW_OUTPUT","vw_sinistros_powerbi","PUB-01..PUB-08","responsible_debit_entries_subtotal AS [Valor nota de débito do responsável]","SQL_EXPRESSION_TYPE_TO_FINGERPRINT","NOT_PRESENT_OR_UNRESOLVED","pub.vw_sinistros_powerbi.Valor nota de débito do responsável","","IMPLEMENTADO_INTEGRADO_VERIFICADO_LOCAL","G04"
"PUB-0518","V1_VIEW_OUTPUT","vw_sinistros_powerbi","PUB-01..PUB-08","insurer_credits_subtotal AS [Valor a receber da seguradora]","SQL_EXPRESSION_TYPE_TO_FINGERPRINT","NOT_PRESENT_OR_UNRESOLVED","pub.vw_sinistros_powerbi.Valor a receber da seguradora","","IMPLEMENTADO_INTEGRADO_VERIFICADO_LOCAL","G04"
"PUB-0519","V1_VIEW_OUTPUT","vw_sinistros_powerbi","PUB-01..PUB-08","insurance_claim_total AS [Resultado final]","SQL_EXPRESSION_TYPE_TO_FINGERPRINT","NOT_PRESENT_OR_UNRESOLVED","pub.vw_sinistros_powerbi.Resultado final","","IMPLEMENTADO_INTEGRADO_VERIFICADO_LOCAL","G04"
"PUB-0520","V1_VIEW_OUTPUT","vw_sinistros_powerbi","PUB-01..PUB-08","branch_nickname AS [Pessoa/Nome fantasia]","SQL_EXPRESSION_TYPE_TO_FINGERPRINT","NOT_PRESENT_OR_UNRESOLVED","pub.vw_sinistros_powerbi.Pessoa/Nome fantasia","","IMPLEMENTADO_INTEGRADO_VERIFICADO_LOCAL","G04"
"PUB-0521","V1_VIEW_OUTPUT","vw_sinistros_powerbi","PUB-01..PUB-08","event_name AS [Ocorrência/Ocorrência]","SQL_EXPRESSION_TYPE_TO_FINGERPRINT","NOT_PRESENT_OR_UNRESOLVED","pub.vw_sinistros_powerbi.Ocorrência/Ocorrência","","IMPLEMENTADO_INTEGRADO_VERIFICADO_LOCAL","G04"
"PUB-0522","V1_VIEW_OUTPUT","vw_sinistros_powerbi","PUB-01..PUB-08","user_name AS [Usuário/Nome]","SQL_EXPRESSION_TYPE_TO_FINGERPRINT","NOT_PRESENT_OR_UNRESOLVED","pub.vw_sinistros_powerbi.Usuário/Nome","","IMPLEMENTADO_INTEGRADO_VERIFICADO_LOCAL","G04"
"PUB-0523","V1_VIEW_OUTPUT","vw_sinistros_powerbi","PUB-01..PUB-08","vehicle_plate AS [Veículo/Placa]","SQL_EXPRESSION_TYPE_TO_FINGERPRINT","NOT_PRESENT_OR_UNRESOLVED","pub.vw_sinistros_powerbi.Veículo/Placa","","IMPLEMENTADO_INTEGRADO_VERIFICADO_LOCAL","G04"
"PUB-0524","V1_VIEW_OUTPUT","vw_sinistros_powerbi","PUB-01..PUB-08","occurrence_description AS [Ocorrência/Descrição]","SQL_EXPRESSION_TYPE_TO_FINGERPRINT","NOT_PRESENT_OR_UNRESOLVED","pub.vw_sinistros_powerbi.Ocorrência/Descrição","","IMPLEMENTADO_INTEGRADO_VERIFICADO_LOCAL","G04"
"PUB-0525","V1_VIEW_OUTPUT","vw_sinistros_powerbi","PUB-01..PUB-08","occurrence_code AS [Ocorrência/Código]","SQL_EXPRESSION_TYPE_TO_FINGERPRINT","NOT_PRESENT_OR_UNRESOLVED","pub.vw_sinistros_powerbi.Ocorrência/Código","","IMPLEMENTADO_INTEGRADO_VERIFICADO_LOCAL","G04"
"PUB-0526","V1_VIEW_OUTPUT","vw_sinistros_powerbi","PUB-01..PUB-08","treatment_at AS [Tratativa/Data tratativa]","SQL_EXPRESSION_TYPE_TO_FINGERPRINT","NOT_PRESENT_OR_UNRESOLVED","pub.vw_sinistros_powerbi.Tratativa/Data tratativa","","IMPLEMENTADO_INTEGRADO_VERIFICADO_LOCAL","G04"
"PUB-0527","V1_VIEW_OUTPUT","vw_sinistros_powerbi","PUB-01..PUB-08","CASE dealing_type WHEN 'send_to_damages_dealing' THEN 'enviado para tratativa de avarias' WHEN 'send_to_incidents_dealing' THEN 'enviado para tratativa de incidentes' ELSE dealing_type END AS [Tratativa/Tipo tratativa]","SQL_EXPRESSION_TYPE_TO_FINGERPRINT","NOT_PRESENT_OR_UNRESOLVED","pub.vw_sinistros_powerbi.Tratativa/Tipo tratativa","","IMPLEMENTADO_INTEGRADO_VERIFICADO_LOCAL","G04"
"PUB-0528","V1_VIEW_OUTPUT","vw_sinistros_powerbi","PUB-01..PUB-08","CASE solution_type WHEN 'redelivery_without_freight_charge' THEN 'redespacho sem cobrança de frete' ELSE solution_type END AS [Tratativa/Solução]","SQL_EXPRESSION_TYPE_TO_FINGERPRINT","NOT_PRESENT_OR_UNRESOLVED","pub.vw_sinistros_powerbi.Tratativa/Solução","","IMPLEMENTADO_INTEGRADO_VERIFICADO_LOCAL","G04"
"PUB-0529","V1_VIEW_OUTPUT","vw_sinistros_powerbi","PUB-01..PUB-08","metadata AS [Metadata]","SQL_EXPRESSION_TYPE_TO_FINGERPRINT","NOT_PRESENT_OR_UNRESOLVED","recon.published_field_presence","","IMPLEMENTADO_INTEGRADO_VERIFICADO_LOCAL","G04"
"PUB-0530","V1_VIEW_OUTPUT","vw_sinistros_powerbi","PUB-01..PUB-08","data_extracao AS [Data de extracao]","SQL_EXPRESSION_TYPE_TO_FINGERPRINT","NOT_PRESENT_OR_UNRESOLVED","pub.vw_sinistros_powerbi.Data de extracao","","IMPLEMENTADO_INTEGRADO_VERIFICADO_LOCAL","G04"
"PUB-0531","V1_VIEW_OUTPUT","vw_raster_sm_transit_time","PUB-01..PUB-08","cod_solicitacao","SQL_EXPRESSION_TYPE_TO_FINGERPRINT","NOT_PRESENT_OR_UNRESOLVED","pub.vw_raster_sm_transit_time.cod_solicitacao","","IMPLEMENTADO_INTEGRADO_VERIFICADO_LOCAL","G04"
"PUB-0532","V1_VIEW_OUTPUT","vw_raster_sm_transit_time","PUB-01..PUB-08","placa_veiculo","SQL_EXPRESSION_TYPE_TO_FINGERPRINT","NOT_PRESENT_OR_UNRESOLVED","pub.vw_raster_sm_transit_time.placa_veiculo","","IMPLEMENTADO_INTEGRADO_VERIFICADO_LOCAL","G04"
"PUB-0533","V1_VIEW_OUTPUT","vw_raster_sm_transit_time","PUB-01..PUB-08","status_viagem","SQL_EXPRESSION_TYPE_TO_FINGERPRINT","NOT_PRESENT_OR_UNRESOLVED","pub.vw_raster_sm_transit_time.status_viagem","","IMPLEMENTADO_INTEGRADO_VERIFICADO_LOCAL","G04"
"PUB-0534","V1_VIEW_OUTPUT","vw_raster_sm_transit_time","PUB-01..PUB-08","origem_sm AS [ORIGEM - SM]","SQL_EXPRESSION_TYPE_TO_FINGERPRINT","NOT_PRESENT_OR_UNRESOLVED","pub.vw_raster_sm_transit_time.ORIGEM - SM","","IMPLEMENTADO_INTEGRADO_VERIFICADO_LOCAL","G04"
"PUB-0535","V1_VIEW_OUTPUT","vw_raster_sm_transit_time","PUB-01..PUB-08","destino_sm AS [DESTINO - SM]","SQL_EXPRESSION_TYPE_TO_FINGERPRINT","NOT_PRESENT_OR_UNRESOLVED","pub.vw_raster_sm_transit_time.DESTINO - SM","","IMPLEMENTADO_INTEGRADO_VERIFICADO_LOCAL","G04"
"PUB-0536","V1_VIEW_OUTPUT","vw_raster_sm_transit_time","PUB-01..PUB-08","origem_destino AS [Origem x Destino]","SQL_EXPRESSION_TYPE_TO_FINGERPRINT","NOT_PRESENT_OR_UNRESOLVED","pub.vw_raster_sm_transit_time.Origem x Destino","","IMPLEMENTADO_INTEGRADO_VERIFICADO_LOCAL","G04"
"PUB-0537","V1_VIEW_OUTPUT","vw_raster_sm_transit_time","PUB-01..PUB-08","origem_nome AS [ORIGEM]","SQL_EXPRESSION_TYPE_TO_FINGERPRINT","NOT_PRESENT_OR_UNRESOLVED","pub.vw_raster_sm_transit_time.ORIGEM","","IMPLEMENTADO_INTEGRADO_VERIFICADO_LOCAL","G04"
"PUB-0538","V1_VIEW_OUTPUT","vw_raster_sm_transit_time","PUB-01..PUB-08","ordem_parada_label AS [ORDEM]","SQL_EXPRESSION_TYPE_TO_FINGERPRINT","NOT_PRESENT_OR_UNRESOLVED","pub.vw_raster_sm_transit_time.ORDEM","","IMPLEMENTADO_INTEGRADO_VERIFICADO_LOCAL","G04"
"PUB-0539","V1_VIEW_OUTPUT","vw_raster_sm_transit_time","PUB-01..PUB-08","destino_nome AS [DESTINO]","SQL_EXPRESSION_TYPE_TO_FINGERPRINT","NOT_PRESENT_OR_UNRESOLVED","pub.vw_raster_sm_transit_time.DESTINO","","IMPLEMENTADO_INTEGRADO_VERIFICADO_LOCAL","G04"
"PUB-0540","V1_VIEW_OUTPUT","vw_raster_sm_transit_time","PUB-01..PUB-08","horario_corte_texto AS [HORÁRIO CORTE]","SQL_EXPRESSION_TYPE_TO_FINGERPRINT","NOT_PRESENT_OR_UNRESOLVED","pub.vw_raster_sm_transit_time.HORÁRIO CORTE","","IMPLEMENTADO_INTEGRADO_VERIFICADO_LOCAL","G04"
"PUB-0541","V1_VIEW_OUTPUT","vw_raster_sm_transit_time","PUB-01..PUB-08","previsao_chegada_destino AS [PREV. CHEGADA (destino)]","SQL_EXPRESSION_TYPE_TO_FINGERPRINT","NOT_PRESENT_OR_UNRESOLVED","pub.vw_raster_sm_transit_time.PREV. CHEGADA (destino)","","IMPLEMENTADO_INTEGRADO_VERIFICADO_LOCAL","G04"
"PUB-0542","V1_VIEW_OUTPUT","vw_raster_sm_transit_time","PUB-01..PUB-08","transit_time_texto AS [TRANSIT TIME]","SQL_EXPRESSION_TYPE_TO_FINGERPRINT","NOT_PRESENT_OR_UNRESOLVED","pub.vw_raster_sm_transit_time.TRANSIT TIME","","IMPLEMENTADO_INTEGRADO_VERIFICADO_LOCAL","G04"
"PUB-0543","V1_VIEW_OUTPUT","vw_raster_sm_transit_time","PUB-01..PUB-08","origem_sm","SQL_EXPRESSION_TYPE_TO_FINGERPRINT","NOT_PRESENT_OR_UNRESOLVED","pub.vw_raster_sm_transit_time.origem_sm","","IMPLEMENTADO_INTEGRADO_VERIFICADO_LOCAL","G04"
"PUB-0544","V1_VIEW_OUTPUT","vw_raster_sm_transit_time","PUB-01..PUB-08","destino_sm","SQL_EXPRESSION_TYPE_TO_FINGERPRINT","NOT_PRESENT_OR_UNRESOLVED","pub.vw_raster_sm_transit_time.destino_sm","","IMPLEMENTADO_INTEGRADO_VERIFICADO_LOCAL","G04"
"PUB-0545","V1_VIEW_OUTPUT","vw_raster_sm_transit_time","PUB-01..PUB-08","origem_destino","SQL_EXPRESSION_TYPE_TO_FINGERPRINT","NOT_PRESENT_OR_UNRESOLVED","pub.vw_raster_sm_transit_time.origem_destino","","IMPLEMENTADO_INTEGRADO_VERIFICADO_LOCAL","G04"
"PUB-0546","V1_VIEW_OUTPUT","vw_raster_sm_transit_time","PUB-01..PUB-08","origem_nome","SQL_EXPRESSION_TYPE_TO_FINGERPRINT","NOT_PRESENT_OR_UNRESOLVED","pub.vw_raster_sm_transit_time.origem_nome","","IMPLEMENTADO_INTEGRADO_VERIFICADO_LOCAL","G04"
"PUB-0547","V1_VIEW_OUTPUT","vw_raster_sm_transit_time","PUB-01..PUB-08","ordem_parada_label","SQL_EXPRESSION_TYPE_TO_FINGERPRINT","NOT_PRESENT_OR_UNRESOLVED","pub.vw_raster_sm_transit_time.ordem_parada_label","","IMPLEMENTADO_INTEGRADO_VERIFICADO_LOCAL","G04"
"PUB-0548","V1_VIEW_OUTPUT","vw_raster_sm_transit_time","PUB-01..PUB-08","destino_nome","SQL_EXPRESSION_TYPE_TO_FINGERPRINT","NOT_PRESENT_OR_UNRESOLVED","pub.vw_raster_sm_transit_time.destino_nome","","IMPLEMENTADO_INTEGRADO_VERIFICADO_LOCAL","G04"
"PUB-0549","V1_VIEW_OUTPUT","vw_raster_sm_transit_time","PUB-01..PUB-08","horario_corte_texto","SQL_EXPRESSION_TYPE_TO_FINGERPRINT","NOT_PRESENT_OR_UNRESOLVED","pub.vw_raster_sm_transit_time.horario_corte_texto","","IMPLEMENTADO_INTEGRADO_VERIFICADO_LOCAL","G04"
"PUB-0550","V1_VIEW_OUTPUT","vw_raster_sm_transit_time","PUB-01..PUB-08","previsao_chegada_destino","SQL_EXPRESSION_TYPE_TO_FINGERPRINT","NOT_PRESENT_OR_UNRESOLVED","pub.vw_raster_sm_transit_time.previsao_chegada_destino","","IMPLEMENTADO_INTEGRADO_VERIFICADO_LOCAL","G04"
"PUB-0551","V1_VIEW_OUTPUT","vw_raster_sm_transit_time","PUB-01..PUB-08","transit_time_texto","SQL_EXPRESSION_TYPE_TO_FINGERPRINT","NOT_PRESENT_OR_UNRESOLVED","pub.vw_raster_sm_transit_time.transit_time_texto","","IMPLEMENTADO_INTEGRADO_VERIFICADO_LOCAL","G04"
"PUB-0552","V1_VIEW_OUTPUT","vw_raster_sm_transit_time","PUB-01..PUB-08","ordem AS ordem_parada","SQL_EXPRESSION_TYPE_TO_FINGERPRINT","NOT_PRESENT_OR_UNRESOLVED","pub.vw_raster_sm_transit_time.ordem_parada","","IMPLEMENTADO_INTEGRADO_VERIFICADO_LOCAL","G04"
"PUB-0553","V1_VIEW_OUTPUT","vw_raster_sm_transit_time","PUB-01..PUB-08","tipo AS tipo_parada","SQL_EXPRESSION_TYPE_TO_FINGERPRINT","NOT_PRESENT_OR_UNRESOLVED","pub.vw_raster_sm_transit_time.tipo_parada","","IMPLEMENTADO_INTEGRADO_VERIFICADO_LOCAL","G04"
"PUB-0554","V1_VIEW_OUTPUT","vw_raster_sm_transit_time","PUB-01..PUB-08","data_hora_prev_ini AS data_hora_prev_ini_raster","SQL_EXPRESSION_TYPE_TO_FINGERPRINT","NOT_PRESENT_OR_UNRESOLVED","pub.vw_raster_sm_transit_time.data_hora_prev_ini_raster","","IMPLEMENTADO_INTEGRADO_VERIFICADO_LOCAL","G04"
"PUB-0555","V1_VIEW_OUTPUT","vw_raster_sm_transit_time","PUB-01..PUB-08","data_hora_prev_fim AS data_hora_prev_fim_raster","SQL_EXPRESSION_TYPE_TO_FINGERPRINT","NOT_PRESENT_OR_UNRESOLVED","pub.vw_raster_sm_transit_time.data_hora_prev_fim_raster","","IMPLEMENTADO_INTEGRADO_VERIFICADO_LOCAL","G04"
"PUB-0556","V1_VIEW_OUTPUT","vw_raster_sm_transit_time","PUB-01..PUB-08","data_hora_prev_chegada AS data_hora_prev_chegada_parada","SQL_EXPRESSION_TYPE_TO_FINGERPRINT","NOT_PRESENT_OR_UNRESOLVED","pub.vw_raster_sm_transit_time.data_hora_prev_chegada_parada","","IMPLEMENTADO_INTEGRADO_VERIFICADO_LOCAL","G04"
"PUB-0557","V1_VIEW_OUTPUT","vw_raster_sm_transit_time","PUB-01..PUB-08","data_hora_real_ini","SQL_EXPRESSION_TYPE_TO_FINGERPRINT","NOT_PRESENT_OR_UNRESOLVED","pub.vw_raster_sm_transit_time.data_hora_real_ini","","IMPLEMENTADO_INTEGRADO_VERIFICADO_LOCAL","G04"
"PUB-0558","V1_VIEW_OUTPUT","vw_raster_sm_transit_time","PUB-01..PUB-08","data_hora_real_fim","SQL_EXPRESSION_TYPE_TO_FINGERPRINT","NOT_PRESENT_OR_UNRESOLVED","pub.vw_raster_sm_transit_time.data_hora_real_fim","","IMPLEMENTADO_INTEGRADO_VERIFICADO_LOCAL","G04"
"PUB-0559","V1_VIEW_OUTPUT","vw_raster_sm_transit_time","PUB-01..PUB-08","data_hora_real_chegada","SQL_EXPRESSION_TYPE_TO_FINGERPRINT","NOT_PRESENT_OR_UNRESOLVED","pub.vw_raster_sm_transit_time.data_hora_real_chegada","","IMPLEMENTADO_INTEGRADO_VERIFICADO_LOCAL","G04"
"PUB-0560","V1_VIEW_OUTPUT","vw_raster_sm_transit_time","PUB-01..PUB-08","data_hora_real_saida","SQL_EXPRESSION_TYPE_TO_FINGERPRINT","NOT_PRESENT_OR_UNRESOLVED","pub.vw_raster_sm_transit_time.data_hora_real_saida","","IMPLEMENTADO_INTEGRADO_VERIFICADO_LOCAL","G04"
"PUB-0561","V1_VIEW_OUTPUT","vw_raster_sm_transit_time","PUB-01..PUB-08","dentro_prazo_raster","SQL_EXPRESSION_TYPE_TO_FINGERPRINT","NOT_PRESENT_OR_UNRESOLVED","pub.vw_raster_sm_transit_time.dentro_prazo_raster","","IMPLEMENTADO_INTEGRADO_VERIFICADO_LOCAL","G04"
"PUB-0562","V1_VIEW_OUTPUT","vw_raster_sm_transit_time","PUB-01..PUB-08","percentual_atraso_raster","SQL_EXPRESSION_TYPE_TO_FINGERPRINT","NOT_PRESENT_OR_UNRESOLVED","pub.vw_raster_sm_transit_time.percentual_atraso_raster","","IMPLEMENTADO_INTEGRADO_VERIFICADO_LOCAL","G04"
"PUB-0563","V1_VIEW_OUTPUT","vw_raster_sm_transit_time","PUB-01..PUB-08","cod_rota","SQL_EXPRESSION_TYPE_TO_FINGERPRINT","NOT_PRESENT_OR_UNRESOLVED","pub.vw_raster_sm_transit_time.cod_rota","","IMPLEMENTADO_INTEGRADO_VERIFICADO_LOCAL","G04"
"PUB-0564","V1_VIEW_OUTPUT","vw_raster_sm_transit_time","PUB-01..PUB-08","rota_descricao","SQL_EXPRESSION_TYPE_TO_FINGERPRINT","NOT_PRESENT_OR_UNRESOLVED","pub.vw_raster_sm_transit_time.rota_descricao","","IMPLEMENTADO_INTEGRADO_VERIFICADO_LOCAL","G04"
"PUB-0565","V1_VIEW_OUTPUT","vw_raster_sm_transit_time","PUB-01..PUB-08","link_timeline","SQL_EXPRESSION_TYPE_TO_FINGERPRINT","NOT_PRESENT_OR_UNRESOLVED","pub.vw_raster_sm_transit_time.link_timeline","","IMPLEMENTADO_INTEGRADO_VERIFICADO_LOCAL","G04"
"PUB-0566","V1_VIEW_OUTPUT","vw_raster_sm_transit_time","PUB-01..PUB-08","data_extracao_raster AS [Data de extracao]","SQL_EXPRESSION_TYPE_TO_FINGERPRINT","NOT_PRESENT_OR_UNRESOLVED","pub.vw_raster_sm_transit_time.Data de extracao","","IMPLEMENTADO_INTEGRADO_VERIFICADO_LOCAL","G04"
"PUB-0567","V1_VIEW_OUTPUT","vw_raster_sm_transit_time","PUB-01..PUB-08","data_extracao_raster","SQL_EXPRESSION_TYPE_TO_FINGERPRINT","NOT_PRESENT_OR_UNRESOLVED","pub.vw_raster_sm_transit_time.data_extracao_raster","","IMPLEMENTADO_INTEGRADO_VERIFICADO_LOCAL","G04"
"PUB-0568","V1_VIEW_OUTPUT","vw_fato_manifestos_dash","PUB-01..PUB-08","hora_solicitacao AS [Hora (Solicitacao)]","SQL_EXPRESSION_TYPE_TO_FINGERPRINT","NOT_PRESENT_OR_UNRESOLVED","pub.vw_fato_manifestos_dash.Hora (Solicitacao)","","IMPLEMENTADO_INTEGRADO_VERIFICADO_LOCAL","G04"
"PUB-0569","V1_VIEW_OUTPUT","vw_fato_manifestos_dash","PUB-01..PUB-08","hora_criacao AS [Hora (Criação)]","SQL_EXPRESSION_TYPE_TO_FINGERPRINT","NOT_PRESENT_OR_UNRESOLVED","pub.vw_fato_manifestos_dash.Hora (Criação)","","IMPLEMENTADO_INTEGRADO_VERIFICADO_LOCAL","G04"
"PUB-0570","V1_VIEW_OUTPUT","vw_fato_manifestos_dash","PUB-01..PUB-08","sequence_code AS [Número]","SQL_EXPRESSION_TYPE_TO_FINGERPRINT","NOT_PRESENT_OR_UNRESOLVED","pub.vw_fato_manifestos_dash.Número","","IMPLEMENTADO_INTEGRADO_VERIFICADO_LOCAL","G04"
"PUB-0571","V1_VIEW_OUTPUT","vw_fato_manifestos_dash","PUB-01..PUB-08","identificador_unico AS [Identificador Único]","SQL_EXPRESSION_TYPE_TO_FINGERPRINT","NOT_PRESENT_OR_UNRESOLVED","pub.vw_fato_manifestos_dash.Identificador Único","","IMPLEMENTADO_INTEGRADO_VERIFICADO_LOCAL","G04"
"PUB-0572","V1_VIEW_OUTPUT","vw_fato_manifestos_dash","PUB-01..PUB-08","status AS [Status]","SQL_EXPRESSION_TYPE_TO_FINGERPRINT","NOT_PRESENT_OR_UNRESOLVED","pub.vw_fato_manifestos_dash.Status","","IMPLEMENTADO_INTEGRADO_VERIFICADO_LOCAL","G04"
"PUB-0573","V1_VIEW_OUTPUT","vw_fato_manifestos_dash","PUB-01..PUB-08","classificacao AS [Classificação]","SQL_EXPRESSION_TYPE_TO_FINGERPRINT","NOT_PRESENT_OR_UNRESOLVED","pub.vw_fato_manifestos_dash.Classificação","","IMPLEMENTADO_INTEGRADO_VERIFICADO_LOCAL","G04"
"PUB-0574","V1_VIEW_OUTPUT","vw_fato_manifestos_dash","PUB-01..PUB-08","filial AS [Filial]","SQL_EXPRESSION_TYPE_TO_FINGERPRINT","NOT_PRESENT_OR_UNRESOLVED","pub.vw_fato_manifestos_dash.Filial","","IMPLEMENTADO_INTEGRADO_VERIFICADO_LOCAL","G04"
"PUB-0575","V1_VIEW_OUTPUT","vw_fato_manifestos_dash","PUB-01..PUB-08","filial_emissora AS [Filial Emissora]","SQL_EXPRESSION_TYPE_TO_FINGERPRINT","NOT_PRESENT_OR_UNRESOLVED","pub.vw_fato_manifestos_dash.Filial Emissora","","IMPLEMENTADO_INTEGRADO_VERIFICADO_LOCAL","G04"
"PUB-0576","V1_VIEW_OUTPUT","vw_fato_manifestos_dash","PUB-01..PUB-08","data_criacao AS [Data criação]","SQL_EXPRESSION_TYPE_TO_FINGERPRINT","NOT_PRESENT_OR_UNRESOLVED","pub.vw_fato_manifestos_dash.Data criação","","IMPLEMENTADO_INTEGRADO_VERIFICADO_LOCAL","G04"
"PUB-0577","V1_VIEW_OUTPUT","vw_fato_manifestos_dash","PUB-01..PUB-08","saida AS [Saída]","SQL_EXPRESSION_TYPE_TO_FINGERPRINT","NOT_PRESENT_OR_UNRESOLVED","pub.vw_fato_manifestos_dash.Saída","","IMPLEMENTADO_INTEGRADO_VERIFICADO_LOCAL","G04"
"PUB-0578","V1_VIEW_OUTPUT","vw_fato_manifestos_dash","PUB-01..PUB-08","fechamento AS [Fechamento]","SQL_EXPRESSION_TYPE_TO_FINGERPRINT","NOT_PRESENT_OR_UNRESOLVED","pub.vw_fato_manifestos_dash.Fechamento","","IMPLEMENTADO_INTEGRADO_VERIFICADO_LOCAL","G04"
"PUB-0579","V1_VIEW_OUTPUT","vw_fato_manifestos_dash","PUB-01..PUB-08","chegada AS [Chegada]","SQL_EXPRESSION_TYPE_TO_FINGERPRINT","NOT_PRESENT_OR_UNRESOLVED","pub.vw_fato_manifestos_dash.Chegada","","IMPLEMENTADO_INTEGRADO_VERIFICADO_LOCAL","G04"
"PUB-0580","V1_VIEW_OUTPUT","vw_fato_manifestos_dash","PUB-01..PUB-08","mdfe_number AS [MDFe]","SQL_EXPRESSION_TYPE_TO_FINGERPRINT","NOT_PRESENT_OR_UNRESOLVED","pub.vw_fato_manifestos_dash.MDFe","","IMPLEMENTADO_INTEGRADO_VERIFICADO_LOCAL","G04"
"PUB-0581","V1_VIEW_OUTPUT","vw_fato_manifestos_dash","PUB-01..PUB-08","mdfe_key AS [MDF-es/Chave]","SQL_EXPRESSION_TYPE_TO_FINGERPRINT","NOT_PRESENT_OR_UNRESOLVED","pub.vw_fato_manifestos_dash.MDF-es/Chave","","IMPLEMENTADO_INTEGRADO_VERIFICADO_LOCAL","G04"
"PUB-0582","V1_VIEW_OUTPUT","vw_fato_manifestos_dash","PUB-01..PUB-08","mdfe_status AS [MDFe/Status]","SQL_EXPRESSION_TYPE_TO_FINGERPRINT","NOT_PRESENT_OR_UNRESOLVED","pub.vw_fato_manifestos_dash.MDFe/Status","","IMPLEMENTADO_INTEGRADO_VERIFICADO_LOCAL","G04"
"PUB-0583","V1_VIEW_OUTPUT","vw_fato_manifestos_dash","PUB-01..PUB-08","distribution_pole AS [Polo de distribuição]","SQL_EXPRESSION_TYPE_TO_FINGERPRINT","NOT_PRESENT_OR_UNRESOLVED","pub.vw_fato_manifestos_dash.Polo de distribuição","","IMPLEMENTADO_INTEGRADO_VERIFICADO_LOCAL","G04"
"PUB-0584","V1_VIEW_OUTPUT","vw_fato_manifestos_dash","PUB-01..PUB-08","placa_veiculo AS [Veículo/Placa]","SQL_EXPRESSION_TYPE_TO_FINGERPRINT","NOT_PRESENT_OR_UNRESOLVED","pub.vw_fato_manifestos_dash.Veículo/Placa","","IMPLEMENTADO_INTEGRADO_VERIFICADO_LOCAL","G04"
"PUB-0585","V1_VIEW_OUTPUT","vw_fato_manifestos_dash","PUB-01..PUB-08","tipo_veiculo AS [Tipo Veículo]","SQL_EXPRESSION_TYPE_TO_FINGERPRINT","NOT_PRESENT_OR_UNRESOLVED","pub.vw_fato_manifestos_dash.Tipo Veículo","","IMPLEMENTADO_INTEGRADO_VERIFICADO_LOCAL","G04"
"PUB-0586","V1_VIEW_OUTPUT","vw_fato_manifestos_dash","PUB-01..PUB-08","proprietario_nome AS [Proprietário/Nome]","SQL_EXPRESSION_TYPE_TO_FINGERPRINT","NOT_PRESENT_OR_UNRESOLVED","pub.vw_fato_manifestos_dash.Proprietário/Nome","","IMPLEMENTADO_INTEGRADO_VERIFICADO_LOCAL","G04"
"PUB-0587","V1_VIEW_OUTPUT","vw_fato_manifestos_dash","PUB-01..PUB-08","proprietario_documento AS [Proprietário/Documento]","SQL_EXPRESSION_TYPE_TO_FINGERPRINT","NOT_PRESENT_OR_UNRESOLVED","pub.vw_fato_manifestos_dash.Proprietário/Documento","","IMPLEMENTADO_INTEGRADO_VERIFICADO_LOCAL","G04"
"PUB-0588","V1_VIEW_OUTPUT","vw_fato_manifestos_dash","PUB-01..PUB-08","tipo_motorista AS [Tipo Motorista]","SQL_EXPRESSION_TYPE_TO_FINGERPRINT","NOT_PRESENT_OR_UNRESOLVED","pub.vw_fato_manifestos_dash.Tipo Motorista","","IMPLEMENTADO_INTEGRADO_VERIFICADO_LOCAL","G04"
"PUB-0589","V1_VIEW_OUTPUT","vw_fato_manifestos_dash","PUB-01..PUB-08","motorista AS [Motorista]","SQL_EXPRESSION_TYPE_TO_FINGERPRINT","NOT_PRESENT_OR_UNRESOLVED","pub.vw_fato_manifestos_dash.Motorista","","IMPLEMENTADO_INTEGRADO_VERIFICADO_LOCAL","G04"
"PUB-0590","V1_VIEW_OUTPUT","vw_fato_manifestos_dash","PUB-01..PUB-08","km_saida AS [Km saída]","SQL_EXPRESSION_TYPE_TO_FINGERPRINT","NOT_PRESENT_OR_UNRESOLVED","pub.vw_fato_manifestos_dash.Km saída","","IMPLEMENTADO_INTEGRADO_VERIFICADO_LOCAL","G04"
"PUB-0591","V1_VIEW_OUTPUT","vw_fato_manifestos_dash","PUB-01..PUB-08","km_chegada AS [Km chegada]","SQL_EXPRESSION_TYPE_TO_FINGERPRINT","NOT_PRESENT_OR_UNRESOLVED","pub.vw_fato_manifestos_dash.Km chegada","","IMPLEMENTADO_INTEGRADO_VERIFICADO_LOCAL","G04"
"PUB-0592","V1_VIEW_OUTPUT","vw_fato_manifestos_dash","PUB-01..PUB-08","km_viagem AS [KM viagem]","SQL_EXPRESSION_TYPE_TO_FINGERPRINT","NOT_PRESENT_OR_UNRESOLVED","pub.vw_fato_manifestos_dash.KM viagem","","IMPLEMENTADO_INTEGRADO_VERIFICADO_LOCAL","G04"
"PUB-0593","V1_VIEW_OUTPUT","vw_fato_manifestos_dash","PUB-01..PUB-08","km_manual AS [Km manual]","SQL_EXPRESSION_TYPE_TO_FINGERPRINT","NOT_PRESENT_OR_UNRESOLVED","pub.vw_fato_manifestos_dash.Km manual","","IMPLEMENTADO_INTEGRADO_VERIFICADO_LOCAL","G04"
"PUB-0594","V1_VIEW_OUTPUT","vw_fato_manifestos_dash","PUB-01..PUB-08","qtd_nf AS [Qtd NF]","SQL_EXPRESSION_TYPE_TO_FINGERPRINT","NOT_PRESENT_OR_UNRESOLVED","pub.vw_fato_manifestos_dash.Qtd NF","","IMPLEMENTADO_INTEGRADO_VERIFICADO_LOCAL","G04"
"PUB-0595","V1_VIEW_OUTPUT","vw_fato_manifestos_dash","PUB-01..PUB-08","volumes_nf AS [Volumes NF]","SQL_EXPRESSION_TYPE_TO_FINGERPRINT","NOT_PRESENT_OR_UNRESOLVED","pub.vw_fato_manifestos_dash.Volumes NF","","IMPLEMENTADO_INTEGRADO_VERIFICADO_LOCAL","G04"
"PUB-0596","V1_VIEW_OUTPUT","vw_fato_manifestos_dash","PUB-01..PUB-08","peso_nf AS [Peso NF]","SQL_EXPRESSION_TYPE_TO_FINGERPRINT","NOT_PRESENT_OR_UNRESOLVED","pub.vw_fato_manifestos_dash.Peso NF","","IMPLEMENTADO_INTEGRADO_VERIFICADO_LOCAL","G04"
"PUB-0597","V1_VIEW_OUTPUT","vw_fato_manifestos_dash","PUB-01..PUB-08","peso_taxado AS [Total peso taxado]","SQL_EXPRESSION_TYPE_TO_FINGERPRINT","NOT_PRESENT_OR_UNRESOLVED","pub.vw_fato_manifestos_dash.Total peso taxado","","IMPLEMENTADO_INTEGRADO_VERIFICADO_LOCAL","G04"
"PUB-0598","V1_VIEW_OUTPUT","vw_fato_manifestos_dash","PUB-01..PUB-08","total_m3 AS [Total M3]","SQL_EXPRESSION_TYPE_TO_FINGERPRINT","NOT_PRESENT_OR_UNRESOLVED","pub.vw_fato_manifestos_dash.Total M3","","IMPLEMENTADO_INTEGRADO_VERIFICADO_LOCAL","G04"
"PUB-0599","V1_VIEW_OUTPUT","vw_fato_manifestos_dash","PUB-01..PUB-08","valor_nf AS [Valor NF]","SQL_EXPRESSION_TYPE_TO_FINGERPRINT","NOT_PRESENT_OR_UNRESOLVED","pub.vw_fato_manifestos_dash.Valor NF","","IMPLEMENTADO_INTEGRADO_VERIFICADO_LOCAL","G04"
"PUB-0600","V1_VIEW_OUTPUT","vw_fato_manifestos_dash","PUB-01..PUB-08","fretes_total AS [Fretes/Total]","SQL_EXPRESSION_TYPE_TO_FINGERPRINT","NOT_PRESENT_OR_UNRESOLVED","pub.vw_fato_manifestos_dash.Fretes/Total","","IMPLEMENTADO_INTEGRADO_VERIFICADO_LOCAL","G04"
"PUB-0601","V1_VIEW_OUTPUT","vw_fato_manifestos_dash","PUB-01..PUB-08","coletas_total AS [Coletas/Total]","SQL_EXPRESSION_TYPE_TO_FINGERPRINT","NOT_PRESENT_OR_UNRESOLVED","pub.vw_fato_manifestos_dash.Coletas/Total","","IMPLEMENTADO_INTEGRADO_VERIFICADO_LOCAL","G04"
"PUB-0602","V1_VIEW_OUTPUT","vw_fato_manifestos_dash","PUB-01..PUB-08","receita_total AS [Receita Total Transportada]","SQL_EXPRESSION_TYPE_TO_FINGERPRINT","NOT_PRESENT_OR_UNRESOLVED","pub.vw_fato_manifestos_dash.Receita Total Transportada","","IMPLEMENTADO_INTEGRADO_VERIFICADO_LOCAL","G04"
"PUB-0603","V1_VIEW_OUTPUT","vw_fato_manifestos_dash","PUB-01..PUB-08","coleta_numeros AS [Coleta/Número]","SQL_EXPRESSION_TYPE_TO_FINGERPRINT","NOT_PRESENT_OR_UNRESOLVED","pub.vw_fato_manifestos_dash.Coleta/Número","","IMPLEMENTADO_INTEGRADO_VERIFICADO_LOCAL","G04"
"PUB-0604","V1_VIEW_OUTPUT","vw_fato_manifestos_dash","PUB-01..PUB-08","contract_number AS [CIOT/Número]","SQL_EXPRESSION_TYPE_TO_FINGERPRINT","NOT_PRESENT_OR_UNRESOLVED","pub.vw_fato_manifestos_dash.CIOT/Número","","IMPLEMENTADO_INTEGRADO_VERIFICADO_LOCAL","G04"
"PUB-0605","V1_VIEW_OUTPUT","vw_fato_manifestos_dash","PUB-01..PUB-08","tipo_contrato_veiculo AS [Tipo de contrato do veículo]","SQL_EXPRESSION_TYPE_TO_FINGERPRINT","NOT_PRESENT_OR_UNRESOLVED","pub.vw_fato_manifestos_dash.Tipo de contrato do veículo","","IMPLEMENTADO_INTEGRADO_VERIFICADO_LOCAL","G04"
"PUB-0606","V1_VIEW_OUTPUT","vw_fato_manifestos_dash","PUB-01..PUB-08","tipo_contrato_motorista AS [Tipo de contrato do motorista]","SQL_EXPRESSION_TYPE_TO_FINGERPRINT","NOT_PRESENT_OR_UNRESOLVED","pub.vw_fato_manifestos_dash.Tipo de contrato do motorista","","IMPLEMENTADO_INTEGRADO_VERIFICADO_LOCAL","G04"
"PUB-0607","V1_VIEW_OUTPUT","vw_fato_manifestos_dash","PUB-01..PUB-08","tipo_contrato AS [Tipo de contrato]","SQL_EXPRESSION_TYPE_TO_FINGERPRINT","NOT_PRESENT_OR_UNRESOLVED","pub.vw_fato_manifestos_dash.Tipo de contrato","","IMPLEMENTADO_INTEGRADO_VERIFICADO_LOCAL","G04"
"PUB-0608","V1_VIEW_OUTPUT","vw_fato_manifestos_dash","PUB-01..PUB-08","tipo_contrato_key AS [Tipo de contrato key]","SQL_EXPRESSION_TYPE_TO_FINGERPRINT","NOT_PRESENT_OR_UNRESOLVED","pub.vw_fato_manifestos_dash.Tipo de contrato key","","IMPLEMENTADO_INTEGRADO_VERIFICADO_LOCAL","G04"
"PUB-0609","V1_VIEW_OUTPUT","vw_fato_manifestos_dash","PUB-01..PUB-08","tipo_calculo AS [Tipo de cálculo]","SQL_EXPRESSION_TYPE_TO_FINGERPRINT","NOT_PRESENT_OR_UNRESOLVED","pub.vw_fato_manifestos_dash.Tipo de cálculo","","IMPLEMENTADO_INTEGRADO_VERIFICADO_LOCAL","G04"
"PUB-0610","V1_VIEW_OUTPUT","vw_fato_manifestos_dash","PUB-01..PUB-08","tipo_carga AS [Tipo de carga]","SQL_EXPRESSION_TYPE_TO_FINGERPRINT","NOT_PRESENT_OR_UNRESOLVED","pub.vw_fato_manifestos_dash.Tipo de carga","","IMPLEMENTADO_INTEGRADO_VERIFICADO_LOCAL","G04"
"PUB-0611","V1_VIEW_OUTPUT","vw_fato_manifestos_dash","PUB-01..PUB-08","diaria AS [Diária]","SQL_EXPRESSION_TYPE_TO_FINGERPRINT","NOT_PRESENT_OR_UNRESOLVED","pub.vw_fato_manifestos_dash.Diária","","IMPLEMENTADO_INTEGRADO_VERIFICADO_LOCAL","G04"
"PUB-0612","V1_VIEW_OUTPUT","vw_fato_manifestos_dash","PUB-01..PUB-08","custo_total AS [Custo total]","SQL_EXPRESSION_TYPE_TO_FINGERPRINT","NOT_PRESENT_OR_UNRESOLVED","pub.vw_fato_manifestos_dash.Custo total","","IMPLEMENTADO_INTEGRADO_VERIFICADO_LOCAL","G04"
"PUB-0613","V1_VIEW_OUTPUT","vw_fato_manifestos_dash","PUB-01..PUB-08","valor_frete AS [Valor frete]","SQL_EXPRESSION_TYPE_TO_FINGERPRINT","NOT_PRESENT_OR_UNRESOLVED","pub.vw_fato_manifestos_dash.Valor frete","","IMPLEMENTADO_INTEGRADO_VERIFICADO_LOCAL","G04"
"PUB-0614","V1_VIEW_OUTPUT","vw_fato_manifestos_dash","PUB-01..PUB-08","combustivel AS [Combustível]","SQL_EXPRESSION_TYPE_TO_FINGERPRINT","NOT_PRESENT_OR_UNRESOLVED","pub.vw_fato_manifestos_dash.Combustível","","IMPLEMENTADO_INTEGRADO_VERIFICADO_LOCAL","G04"
"PUB-0615","V1_VIEW_OUTPUT","vw_fato_manifestos_dash","PUB-01..PUB-08","pedagio AS [Pedágio]","SQL_EXPRESSION_TYPE_TO_FINGERPRINT","NOT_PRESENT_OR_UNRESOLVED","pub.vw_fato_manifestos_dash.Pedágio","","IMPLEMENTADO_INTEGRADO_VERIFICADO_LOCAL","G04"
"PUB-0616","V1_VIEW_OUTPUT","vw_fato_manifestos_dash","PUB-01..PUB-08","servicos_motorista_total AS [Serviços motorista/Total]","SQL_EXPRESSION_TYPE_TO_FINGERPRINT","NOT_PRESENT_OR_UNRESOLVED","pub.vw_fato_manifestos_dash.Serviços motorista/Total","","IMPLEMENTADO_INTEGRADO_VERIFICADO_LOCAL","G04"
"PUB-0617","V1_VIEW_OUTPUT","vw_fato_manifestos_dash","PUB-01..PUB-08","despesa_operacional AS [Despesa operacional]","SQL_EXPRESSION_TYPE_TO_FINGERPRINT","NOT_PRESENT_OR_UNRESOLVED","pub.vw_fato_manifestos_dash.Despesa operacional","","IMPLEMENTADO_INTEGRADO_VERIFICADO_LOCAL","G04"
"PUB-0618","V1_VIEW_OUTPUT","vw_fato_manifestos_dash","PUB-01..PUB-08","inss_value AS [Dados do agregado/INSS]","SQL_EXPRESSION_TYPE_TO_FINGERPRINT","NOT_PRESENT_OR_UNRESOLVED","pub.vw_fato_manifestos_dash.Dados do agregado/INSS","","IMPLEMENTADO_INTEGRADO_VERIFICADO_LOCAL","G04"
"PUB-0619","V1_VIEW_OUTPUT","vw_fato_manifestos_dash","PUB-01..PUB-08","sest_senat_value AS [Dados do agregado/SEST/SENAT]","SQL_EXPRESSION_TYPE_TO_FINGERPRINT","NOT_PRESENT_OR_UNRESOLVED","pub.vw_fato_manifestos_dash.Dados do agregado/SEST/SENAT","","IMPLEMENTADO_INTEGRADO_VERIFICADO_LOCAL","G04"
"PUB-0620","V1_VIEW_OUTPUT","vw_fato_manifestos_dash","PUB-01..PUB-08","ir_value AS [Dados do agregado/IR]","SQL_EXPRESSION_TYPE_TO_FINGERPRINT","NOT_PRESENT_OR_UNRESOLVED","pub.vw_fato_manifestos_dash.Dados do agregado/IR","","IMPLEMENTADO_INTEGRADO_VERIFICADO_LOCAL","G04"
"PUB-0621","V1_VIEW_OUTPUT","vw_fato_manifestos_dash","PUB-01..PUB-08","saldo_pagar AS [Saldo a pagar]","SQL_EXPRESSION_TYPE_TO_FINGERPRINT","NOT_PRESENT_OR_UNRESOLVED","pub.vw_fato_manifestos_dash.Saldo a pagar","","IMPLEMENTADO_INTEGRADO_VERIFICADO_LOCAL","G04"
"PUB-0622","V1_VIEW_OUTPUT","vw_fato_manifestos_dash","PUB-01..PUB-08","uniq_destinations_count AS [Destinos únicos/Qtd]","SQL_EXPRESSION_TYPE_TO_FINGERPRINT","NOT_PRESENT_OR_UNRESOLVED","pub.vw_fato_manifestos_dash.Destinos únicos/Qtd","","IMPLEMENTADO_INTEGRADO_VERIFICADO_LOCAL","G04"
"PUB-0623","V1_VIEW_OUTPUT","vw_fato_manifestos_dash","PUB-01..PUB-08","gerar_mdfe AS [Gerar MDF-e]","SQL_EXPRESSION_TYPE_TO_FINGERPRINT","NOT_PRESENT_OR_UNRESOLVED","pub.vw_fato_manifestos_dash.Gerar MDF-e","","IMPLEMENTADO_INTEGRADO_VERIFICADO_LOCAL","G04"
"PUB-0624","V1_VIEW_OUTPUT","vw_fato_manifestos_dash","PUB-01..PUB-08","solicitou_monitoramento AS [Solicitou Monitoramento]","SQL_EXPRESSION_TYPE_TO_FINGERPRINT","NOT_PRESENT_OR_UNRESOLVED","pub.vw_fato_manifestos_dash.Solicitou Monitoramento","","IMPLEMENTADO_INTEGRADO_VERIFICADO_LOCAL","G04"
"PUB-0625","V1_VIEW_OUTPUT","vw_fato_manifestos_dash","PUB-01..PUB-08","solicitacao_monitoramento AS [Solicitação Monitoramento]","SQL_EXPRESSION_TYPE_TO_FINGERPRINT","NOT_PRESENT_OR_UNRESOLVED","pub.vw_fato_manifestos_dash.Solicitação Monitoramento","","IMPLEMENTADO_INTEGRADO_VERIFICADO_LOCAL","G04"
"PUB-0626","V1_VIEW_OUTPUT","vw_fato_manifestos_dash","PUB-01..PUB-08","leitura_movel_em AS [Leitura Móvel/Em]","SQL_EXPRESSION_TYPE_TO_FINGERPRINT","NOT_PRESENT_OR_UNRESOLVED","pub.vw_fato_manifestos_dash.Leitura Móvel/Em","","IMPLEMENTADO_INTEGRADO_VERIFICADO_LOCAL","G04"
"PUB-0627","V1_VIEW_OUTPUT","vw_fato_manifestos_dash","PUB-01..PUB-08","km_total AS [KM Total]","SQL_EXPRESSION_TYPE_TO_FINGERPRINT","NOT_PRESENT_OR_UNRESOLVED","pub.vw_fato_manifestos_dash.KM Total","","IMPLEMENTADO_INTEGRADO_VERIFICADO_LOCAL","G04"
"PUB-0628","V1_VIEW_OUTPUT","vw_fato_manifestos_dash","PUB-01..PUB-08","itens_entrega AS [Itens/Entrega]","SQL_EXPRESSION_TYPE_TO_FINGERPRINT","NOT_PRESENT_OR_UNRESOLVED","pub.vw_fato_manifestos_dash.Itens/Entrega","","IMPLEMENTADO_INTEGRADO_VERIFICADO_LOCAL","G04"
"PUB-0629","V1_VIEW_OUTPUT","vw_fato_manifestos_dash","PUB-01..PUB-08","itens_transferencia AS [Itens/Transferência]","SQL_EXPRESSION_TYPE_TO_FINGERPRINT","NOT_PRESENT_OR_UNRESOLVED","pub.vw_fato_manifestos_dash.Itens/Transferência","","IMPLEMENTADO_INTEGRADO_VERIFICADO_LOCAL","G04"
"PUB-0630","V1_VIEW_OUTPUT","vw_fato_manifestos_dash","PUB-01..PUB-08","itens_coleta AS [Itens/Coleta]","SQL_EXPRESSION_TYPE_TO_FINGERPRINT","NOT_PRESENT_OR_UNRESOLVED","pub.vw_fato_manifestos_dash.Itens/Coleta","","IMPLEMENTADO_INTEGRADO_VERIFICADO_LOCAL","G04"
"PUB-0631","V1_VIEW_OUTPUT","vw_fato_manifestos_dash","PUB-01..PUB-08","itens_despacho_rascunho AS [Itens/Despacho Rascunho]","SQL_EXPRESSION_TYPE_TO_FINGERPRINT","NOT_PRESENT_OR_UNRESOLVED","pub.vw_fato_manifestos_dash.Itens/Despacho Rascunho","","IMPLEMENTADO_INTEGRADO_VERIFICADO_LOCAL","G04"
"PUB-0632","V1_VIEW_OUTPUT","vw_fato_manifestos_dash","PUB-01..PUB-08","itens_consolidacao AS [Itens/Consolidação]","SQL_EXPRESSION_TYPE_TO_FINGERPRINT","NOT_PRESENT_OR_UNRESOLVED","pub.vw_fato_manifestos_dash.Itens/Consolidação","","IMPLEMENTADO_INTEGRADO_VERIFICADO_LOCAL","G04"
"PUB-0633","V1_VIEW_OUTPUT","vw_fato_manifestos_dash","PUB-01..PUB-08","itens_coleta_reversa AS [Itens/Coleta Reversa]","SQL_EXPRESSION_TYPE_TO_FINGERPRINT","NOT_PRESENT_OR_UNRESOLVED","pub.vw_fato_manifestos_dash.Itens/Coleta Reversa","","IMPLEMENTADO_INTEGRADO_VERIFICADO_LOCAL","G04"
"PUB-0634","V1_VIEW_OUTPUT","vw_fato_manifestos_dash","PUB-01..PUB-08","itens_total AS [Itens/Total]","SQL_EXPRESSION_TYPE_TO_FINGERPRINT","NOT_PRESENT_OR_UNRESOLVED","pub.vw_fato_manifestos_dash.Itens/Total","","IMPLEMENTADO_INTEGRADO_VERIFICADO_LOCAL","G04"
"PUB-0635","V1_VIEW_OUTPUT","vw_fato_manifestos_dash","PUB-01..PUB-08","itens_finalizados AS [Itens/Finalizados]","SQL_EXPRESSION_TYPE_TO_FINGERPRINT","NOT_PRESENT_OR_UNRESOLVED","pub.vw_fato_manifestos_dash.Itens/Finalizados","","IMPLEMENTADO_INTEGRADO_VERIFICADO_LOCAL","G04"
"PUB-0636","V1_VIEW_OUTPUT","vw_fato_manifestos_dash","PUB-01..PUB-08","calculado_coleta AS [Calculado/Coleta]","SQL_EXPRESSION_TYPE_TO_FINGERPRINT","NOT_PRESENT_OR_UNRESOLVED","pub.vw_fato_manifestos_dash.Calculado/Coleta","","IMPLEMENTADO_INTEGRADO_VERIFICADO_LOCAL","G04"
"PUB-0637","V1_VIEW_OUTPUT","vw_fato_manifestos_dash","PUB-01..PUB-08","calculado_entrega AS [Calculado/Entrega]","SQL_EXPRESSION_TYPE_TO_FINGERPRINT","NOT_PRESENT_OR_UNRESOLVED","pub.vw_fato_manifestos_dash.Calculado/Entrega","","IMPLEMENTADO_INTEGRADO_VERIFICADO_LOCAL","G04"
"PUB-0638","V1_VIEW_OUTPUT","vw_fato_manifestos_dash","PUB-01..PUB-08","calculado_despacho AS [Calculado/Despacho]","SQL_EXPRESSION_TYPE_TO_FINGERPRINT","NOT_PRESENT_OR_UNRESOLVED","pub.vw_fato_manifestos_dash.Calculado/Despacho","","IMPLEMENTADO_INTEGRADO_VERIFICADO_LOCAL","G04"
"PUB-0639","V1_VIEW_OUTPUT","vw_fato_manifestos_dash","PUB-01..PUB-08","calculado_consolidacao AS [Calculado/Consolidação]","SQL_EXPRESSION_TYPE_TO_FINGERPRINT","NOT_PRESENT_OR_UNRESOLVED","pub.vw_fato_manifestos_dash.Calculado/Consolidação","","IMPLEMENTADO_INTEGRADO_VERIFICADO_LOCAL","G04"
"PUB-0640","V1_VIEW_OUTPUT","vw_fato_manifestos_dash","PUB-01..PUB-08","calculado_coleta_reversa AS [Calculado/Coleta Reversa]","SQL_EXPRESSION_TYPE_TO_FINGERPRINT","NOT_PRESENT_OR_UNRESOLVED","pub.vw_fato_manifestos_dash.Calculado/Coleta Reversa","","IMPLEMENTADO_INTEGRADO_VERIFICADO_LOCAL","G04"
"PUB-0641","V1_VIEW_OUTPUT","vw_fato_manifestos_dash","PUB-01..PUB-08","valor_coletas AS [Valor/Coletas]","SQL_EXPRESSION_TYPE_TO_FINGERPRINT","NOT_PRESENT_OR_UNRESOLVED","pub.vw_fato_manifestos_dash.Valor/Coletas","","IMPLEMENTADO_INTEGRADO_VERIFICADO_LOCAL","G04"
"PUB-0642","V1_VIEW_OUTPUT","vw_fato_manifestos_dash","PUB-01..PUB-08","valor_entregas AS [Valor/Entregas]","SQL_EXPRESSION_TYPE_TO_FINGERPRINT","NOT_PRESENT_OR_UNRESOLVED","pub.vw_fato_manifestos_dash.Valor/Entregas","","IMPLEMENTADO_INTEGRADO_VERIFICADO_LOCAL","G04"
"PUB-0643","V1_VIEW_OUTPUT","vw_fato_manifestos_dash","PUB-01..PUB-08","despachos AS [Despachos]","SQL_EXPRESSION_TYPE_TO_FINGERPRINT","NOT_PRESENT_OR_UNRESOLVED","pub.vw_fato_manifestos_dash.Despachos","","IMPLEMENTADO_INTEGRADO_VERIFICADO_LOCAL","G04"
"PUB-0644","V1_VIEW_OUTPUT","vw_fato_manifestos_dash","PUB-01..PUB-08","consolidacoes AS [Consolidações]","SQL_EXPRESSION_TYPE_TO_FINGERPRINT","NOT_PRESENT_OR_UNRESOLVED","pub.vw_fato_manifestos_dash.Consolidações","","IMPLEMENTADO_INTEGRADO_VERIFICADO_LOCAL","G04"
"PUB-0645","V1_VIEW_OUTPUT","vw_fato_manifestos_dash","PUB-01..PUB-08","coleta_reversa AS [Coleta Reversa]","SQL_EXPRESSION_TYPE_TO_FINGERPRINT","NOT_PRESENT_OR_UNRESOLVED","pub.vw_fato_manifestos_dash.Coleta Reversa","","IMPLEMENTADO_INTEGRADO_VERIFICADO_LOCAL","G04"
"PUB-0646","V1_VIEW_OUTPUT","vw_fato_manifestos_dash","PUB-01..PUB-08","adiantamento AS [Adiantamento]","SQL_EXPRESSION_TYPE_TO_FINGERPRINT","NOT_PRESENT_OR_UNRESOLVED","pub.vw_fato_manifestos_dash.Adiantamento","","IMPLEMENTADO_INTEGRADO_VERIFICADO_LOCAL","G04"
"PUB-0647","V1_VIEW_OUTPUT","vw_fato_manifestos_dash","PUB-01..PUB-08","custos_frota AS [Custos Frota]","SQL_EXPRESSION_TYPE_TO_FINGERPRINT","NOT_PRESENT_OR_UNRESOLVED","pub.vw_fato_manifestos_dash.Custos Frota","","IMPLEMENTADO_INTEGRADO_VERIFICADO_LOCAL","G04"
"PUB-0648","V1_VIEW_OUTPUT","vw_fato_manifestos_dash","PUB-01..PUB-08","adicionais AS [Adicionais]","SQL_EXPRESSION_TYPE_TO_FINGERPRINT","NOT_PRESENT_OR_UNRESOLVED","pub.vw_fato_manifestos_dash.Adicionais","","IMPLEMENTADO_INTEGRADO_VERIFICADO_LOCAL","G04"
"PUB-0649","V1_VIEW_OUTPUT","vw_fato_manifestos_dash","PUB-01..PUB-08","descontos AS [Descontos]","SQL_EXPRESSION_TYPE_TO_FINGERPRINT","NOT_PRESENT_OR_UNRESOLVED","pub.vw_fato_manifestos_dash.Descontos","","IMPLEMENTADO_INTEGRADO_VERIFICADO_LOCAL","G04"
"PUB-0650","V1_VIEW_OUTPUT","vw_fato_manifestos_dash","PUB-01..PUB-08","desconto_valor AS [Desconto/Valor]","SQL_EXPRESSION_TYPE_TO_FINGERPRINT","NOT_PRESENT_OR_UNRESOLVED","pub.vw_fato_manifestos_dash.Desconto/Valor","","IMPLEMENTADO_INTEGRADO_VERIFICADO_LOCAL","G04"
"PUB-0651","V1_VIEW_OUTPUT","vw_fato_manifestos_dash","PUB-01..PUB-08","ajuste_comentarios AS [Liberação de Custo de Agregado/Comentários]","SQL_EXPRESSION_TYPE_TO_FINGERPRINT","NOT_PRESENT_OR_UNRESOLVED","pub.vw_fato_manifestos_dash.Liberação de Custo de Agregado/Comentários","","IMPLEMENTADO_INTEGRADO_VERIFICADO_LOCAL","G04"
"PUB-0652","V1_VIEW_OUTPUT","vw_fato_manifestos_dash","PUB-01..PUB-08","iks_id AS [IKS ID]","SQL_EXPRESSION_TYPE_TO_FINGERPRINT","NOT_PRESENT_OR_UNRESOLVED","pub.vw_fato_manifestos_dash.IKS ID","","IMPLEMENTADO_INTEGRADO_VERIFICADO_LOCAL","G04"
"PUB-0653","V1_VIEW_OUTPUT","vw_fato_manifestos_dash","PUB-01..PUB-08","programacao_sequence_code AS [Programação/Número]","SQL_EXPRESSION_TYPE_TO_FINGERPRINT","NOT_PRESENT_OR_UNRESOLVED","pub.vw_fato_manifestos_dash.Programação/Número","","IMPLEMENTADO_INTEGRADO_VERIFICADO_LOCAL","G04"
"PUB-0654","V1_VIEW_OUTPUT","vw_fato_manifestos_dash","PUB-01..PUB-08","programacao_inicio AS [Programação/Início]","SQL_EXPRESSION_TYPE_TO_FINGERPRINT","NOT_PRESENT_OR_UNRESOLVED","pub.vw_fato_manifestos_dash.Programação/Início","","IMPLEMENTADO_INTEGRADO_VERIFICADO_LOCAL","G04"
"PUB-0655","V1_VIEW_OUTPUT","vw_fato_manifestos_dash","PUB-01..PUB-08","programacao_termino AS [Programação/Término]","SQL_EXPRESSION_TYPE_TO_FINGERPRINT","NOT_PRESENT_OR_UNRESOLVED","pub.vw_fato_manifestos_dash.Programação/Término","","IMPLEMENTADO_INTEGRADO_VERIFICADO_LOCAL","G04"
"PUB-0656","V1_VIEW_OUTPUT","vw_fato_manifestos_dash","PUB-01..PUB-08","carreta1_placa AS [Carreta 1/Placa]","SQL_EXPRESSION_TYPE_TO_FINGERPRINT","NOT_PRESENT_OR_UNRESOLVED","pub.vw_fato_manifestos_dash.Carreta 1/Placa","","IMPLEMENTADO_INTEGRADO_VERIFICADO_LOCAL","G04"
"PUB-0657","V1_VIEW_OUTPUT","vw_fato_manifestos_dash","PUB-01..PUB-08","carreta1_capacidade_peso AS [Carreta 1/Capacidade Peso]","SQL_EXPRESSION_TYPE_TO_FINGERPRINT","NOT_PRESENT_OR_UNRESOLVED","pub.vw_fato_manifestos_dash.Carreta 1/Capacidade Peso","","IMPLEMENTADO_INTEGRADO_VERIFICADO_LOCAL","G04"
"PUB-0658","V1_VIEW_OUTPUT","vw_fato_manifestos_dash","PUB-01..PUB-08","carreta2_placa AS [Carreta 2/Placa]","SQL_EXPRESSION_TYPE_TO_FINGERPRINT","NOT_PRESENT_OR_UNRESOLVED","pub.vw_fato_manifestos_dash.Carreta 2/Placa","","IMPLEMENTADO_INTEGRADO_VERIFICADO_LOCAL","G04"
"PUB-0659","V1_VIEW_OUTPUT","vw_fato_manifestos_dash","PUB-01..PUB-08","carreta2_capacidade_peso AS [Carreta 2/Capacidade Peso]","SQL_EXPRESSION_TYPE_TO_FINGERPRINT","NOT_PRESENT_OR_UNRESOLVED","pub.vw_fato_manifestos_dash.Carreta 2/Capacidade Peso","","IMPLEMENTADO_INTEGRADO_VERIFICADO_LOCAL","G04"
"PUB-0660","V1_VIEW_OUTPUT","vw_fato_manifestos_dash","PUB-01..PUB-08","veiculo_capacidade_peso AS [Veículo/Capacidade Peso]","SQL_EXPRESSION_TYPE_TO_FINGERPRINT","NOT_PRESENT_OR_UNRESOLVED","pub.vw_fato_manifestos_dash.Veículo/Capacidade Peso","","IMPLEMENTADO_INTEGRADO_VERIFICADO_LOCAL","G04"
"PUB-0661","V1_VIEW_OUTPUT","vw_fato_manifestos_dash","PUB-01..PUB-08","veiculo_peso_cubado AS [Veículo/Peso Cubado]","SQL_EXPRESSION_TYPE_TO_FINGERPRINT","NOT_PRESENT_OR_UNRESOLVED","pub.vw_fato_manifestos_dash.Veículo/Peso Cubado","","IMPLEMENTADO_INTEGRADO_VERIFICADO_LOCAL","G04"
"PUB-0662","V1_VIEW_OUTPUT","vw_fato_manifestos_dash","PUB-01..PUB-08","capacidade_lotacao_kg AS [Capacidade Lotação Kg]","SQL_EXPRESSION_TYPE_TO_FINGERPRINT","NOT_PRESENT_OR_UNRESOLVED","pub.vw_fato_manifestos_dash.Capacidade Lotação Kg","","IMPLEMENTADO_INTEGRADO_VERIFICADO_LOCAL","G04"
"PUB-0663","V1_VIEW_OUTPUT","vw_fato_manifestos_dash","PUB-01..PUB-08","descarregamento_destinatarios AS [Descarregamento/Destinatários]","SQL_EXPRESSION_TYPE_TO_FINGERPRINT","NOT_PRESENT_OR_UNRESOLVED","pub.vw_fato_manifestos_dash.Descarregamento/Destinatários","","IMPLEMENTADO_INTEGRADO_VERIFICADO_LOCAL","G04"
"PUB-0664","V1_VIEW_OUTPUT","vw_fato_manifestos_dash","PUB-01..PUB-08","local_descarregamento AS [Local de Descarregamento]","SQL_EXPRESSION_TYPE_TO_FINGERPRINT","NOT_PRESENT_OR_UNRESOLVED","pub.vw_fato_manifestos_dash.Local de Descarregamento","","IMPLEMENTADO_INTEGRADO_VERIFICADO_LOCAL","G04"
"PUB-0665","V1_VIEW_OUTPUT","vw_fato_manifestos_dash","PUB-01..PUB-08","entrega_regioes AS [Entrega/Regiões]","SQL_EXPRESSION_TYPE_TO_FINGERPRINT","NOT_PRESENT_OR_UNRESOLVED","pub.vw_fato_manifestos_dash.Entrega/Regiões","","IMPLEMENTADO_INTEGRADO_VERIFICADO_LOCAL","G04"
"PUB-0666","V1_VIEW_OUTPUT","vw_fato_manifestos_dash","PUB-01..PUB-08","programacao_cliente AS [Programação/Cliente]","SQL_EXPRESSION_TYPE_TO_FINGERPRINT","NOT_PRESENT_OR_UNRESOLVED","pub.vw_fato_manifestos_dash.Programação/Cliente","","IMPLEMENTADO_INTEGRADO_VERIFICADO_LOCAL","G04"
"PUB-0667","V1_VIEW_OUTPUT","vw_fato_manifestos_dash","PUB-01..PUB-08","programacao_tipo_servico AS [Programação/Tipo Serviço]","SQL_EXPRESSION_TYPE_TO_FINGERPRINT","NOT_PRESENT_OR_UNRESOLVED","pub.vw_fato_manifestos_dash.Programação/Tipo Serviço","","IMPLEMENTADO_INTEGRADO_VERIFICADO_LOCAL","G04"
"PUB-0668","V1_VIEW_OUTPUT","vw_fato_manifestos_dash","PUB-01..PUB-08","usuario_emissor AS [Usuário/Emissor]","SQL_EXPRESSION_TYPE_TO_FINGERPRINT","NOT_PRESENT_OR_UNRESOLVED","pub.vw_fato_manifestos_dash.Usuário/Emissor","","IMPLEMENTADO_INTEGRADO_VERIFICADO_LOCAL","G04"
"PUB-0669","V1_VIEW_OUTPUT","vw_fato_manifestos_dash","PUB-01..PUB-08","usuario_ajuste AS [Usuário/Ajuste]","SQL_EXPRESSION_TYPE_TO_FINGERPRINT","NOT_PRESENT_OR_UNRESOLVED","pub.vw_fato_manifestos_dash.Usuário/Ajuste","","IMPLEMENTADO_INTEGRADO_VERIFICADO_LOCAL","G04"
"PUB-0670","V1_VIEW_OUTPUT","vw_fato_manifestos_dash","PUB-01..PUB-08","obs_operacional AS [Liberação/Comentários Operacionais]","SQL_EXPRESSION_TYPE_TO_FINGERPRINT","NOT_PRESENT_OR_UNRESOLVED","pub.vw_fato_manifestos_dash.Liberação/Comentários Operacionais","","IMPLEMENTADO_INTEGRADO_VERIFICADO_LOCAL","G04"
"PUB-0671","V1_VIEW_OUTPUT","vw_fato_manifestos_dash","PUB-01..PUB-08","obs_financeira AS [Comentários Fechamento]","SQL_EXPRESSION_TYPE_TO_FINGERPRINT","NOT_PRESENT_OR_UNRESOLVED","pub.vw_fato_manifestos_dash.Comentários Fechamento","","IMPLEMENTADO_INTEGRADO_VERIFICADO_LOCAL","G04"
"PUB-0672","V1_VIEW_OUTPUT","vw_fato_manifestos_dash","PUB-01..PUB-08","metadata AS [Metadata]","SQL_EXPRESSION_TYPE_TO_FINGERPRINT","NOT_PRESENT_OR_UNRESOLVED","recon.published_field_presence","","IMPLEMENTADO_INTEGRADO_VERIFICADO_LOCAL","G04"
"PUB-0673","V1_VIEW_OUTPUT","vw_fato_manifestos_dash","PUB-01..PUB-08","data_extracao AS [Data de extracao]","SQL_EXPRESSION_TYPE_TO_FINGERPRINT","NOT_PRESENT_OR_UNRESOLVED","pub.vw_fato_manifestos_dash.Data de extracao","","IMPLEMENTADO_INTEGRADO_VERIFICADO_LOCAL","G04"
