"artifact_type","artifact_id","source_path","responsibility","decision","v2_destination","owner_role","acceptor","due_gate","status","evidence","publication_blocked","notes"
"command_default","NO_ARGUMENTS","src/main/java/br/com/extrator/comandos/cli/CommandRegistry.java","default implícito executa fluxo completo","RETIRE","mostrar ajuda e sair sem efeito","PLATAFORMA_E_OPERACOES","TIME_NOMINAL_NAO_INFORMADO","V2-018","CLASSIFIED","bootstrap/registry legado","YES","fail-safe: ausência de argumentos não inicia carga"
"command_flag","--ajuda","src/main/java/br/com/extrator/comandos/cli/CommandRegistry.java","entrada CLI legada","PRESERVE","cli help","PLATAFORMA_E_OPERACOES","TIME_NOMINAL_NAO_INFORMADO","V2-018","CLASSIFIED","registro estático no CommandRegistry; sem execução","YES","37 flags/36 responsabilidades; flag presente no registry/help ou alias; --ajuda/--help são aliases"
"command_flag","--auditar-api","src/main/java/br/com/extrator/comandos/cli/CommandRegistry.java","entrada CLI legada","RETIRE","sem equivalente no CLI produtivo","PLATAFORMA_E_OPERACOES","TIME_NOMINAL_NAO_INFORMADO","V2-018/V2-022","CLASSIFIED","registro estático no CommandRegistry; sem execução","YES","37 flags/36 responsabilidades; flag presente no registry/help ou alias; --ajuda/--help são aliases"
"command_flag","--auditoria","src/main/java/br/com/extrator/comandos/cli/CommandRegistry.java","entrada CLI legada","SUBSTITUTE","CLI one-shot/registry tipado","PLATAFORMA_E_OPERACOES","TIME_NOMINAL_NAO_INFORMADO","V2-018/V2-022/V2-023","CLASSIFIED","registro estático no CommandRegistry; sem execução","YES","37 flags/36 responsabilidades; flag presente no registry/help ou alias; --ajuda/--help são aliases"
"command_flag","--auth-bootstrap","src/main/java/br/com/extrator/comandos/cli/CommandRegistry.java","entrada CLI legada","RETIRE","sem equivalente no CLI produtivo","PLATAFORMA_E_OPERACOES","TIME_NOMINAL_NAO_INFORMADO","V2-018/V2-022","CLASSIFIED","registro estático no CommandRegistry; sem execução","YES","37 flags/36 responsabilidades; flag presente no registry/help ou alias; --ajuda/--help são aliases"
"command_flag","--auth-check","src/main/java/br/com/extrator/comandos/cli/CommandRegistry.java","entrada CLI legada","RETIRE","sem equivalente no CLI produtivo","PLATAFORMA_E_OPERACOES","TIME_NOMINAL_NAO_INFORMADO","V2-018/V2-022","CLASSIFIED","registro estático no CommandRegistry; sem execução","YES","37 flags/36 responsabilidades; flag presente no registry/help ou alias; --ajuda/--help são aliases"
"command_flag","--auth-create-user","src/main/java/br/com/extrator/comandos/cli/CommandRegistry.java","entrada CLI legada","RETIRE","sem equivalente no CLI produtivo","PLATAFORMA_E_OPERACOES","TIME_NOMINAL_NAO_INFORMADO","V2-018/V2-022","CLASSIFIED","registro estático no CommandRegistry; sem execução","YES","37 flags/36 responsabilidades; flag presente no registry/help ou alias; --ajuda/--help são aliases"
"command_flag","--auth-disable-user","src/main/java/br/com/extrator/comandos/cli/CommandRegistry.java","entrada CLI legada","RETIRE","sem equivalente no CLI produtivo","PLATAFORMA_E_OPERACOES","TIME_NOMINAL_NAO_INFORMADO","V2-018/V2-022","CLASSIFIED","registro estático no CommandRegistry; sem execução","YES","37 flags/36 responsabilidades; flag presente no registry/help ou alias; --ajuda/--help são aliases"
"command_flag","--auth-info","src/main/java/br/com/extrator/comandos/cli/CommandRegistry.java","entrada CLI legada","RETIRE","sem equivalente no CLI produtivo","PLATAFORMA_E_OPERACOES","TIME_NOMINAL_NAO_INFORMADO","V2-018/V2-022","CLASSIFIED","registro estático no CommandRegistry; sem execução","YES","37 flags/36 responsabilidades; flag presente no registry/help ou alias; --ajuda/--help são aliases"
"command_flag","--auth-reset-password","src/main/java/br/com/extrator/comandos/cli/CommandRegistry.java","entrada CLI legada","RETIRE","sem equivalente no CLI produtivo","PLATAFORMA_E_OPERACOES","TIME_NOMINAL_NAO_INFORMADO","V2-018/V2-022","CLASSIFIED","registro estático no CommandRegistry; sem execução","YES","37 flags/36 responsabilidades; flag presente no registry/help ou alias; --ajuda/--help são aliases"
"command_flag","--executar-step-isolado","src/main/java/br/com/extrator/comandos/cli/CommandRegistry.java","entrada CLI legada","RETIRE","sem equivalente no CLI produtivo","PLATAFORMA_E_OPERACOES","TIME_NOMINAL_NAO_INFORMADO","V2-018/V2-022","CLASSIFIED","registro estático no CommandRegistry; sem execução","YES","37 flags/36 responsabilidades; FLAG_REGISTRADA_MAS_OMITIDA_DO_HELP_LEGADO; --ajuda/--help são aliases"
"command_flag","--exportar-csv","src/main/java/br/com/extrator/comandos/cli/CommandRegistry.java","entrada CLI legada","CONDITIONAL","ferramenta administrativa protegida","PLATAFORMA_E_OPERACOES","TIME_NOMINAL_NAO_INFORMADO","V2-037/V2-045","CLASSIFIED","registro estático no CommandRegistry; sem execução","YES","37 flags/36 responsabilidades; FLAG_REGISTRADA_MAS_OMITIDA_DO_HELP_LEGADO; --ajuda/--help são aliases"
"command_flag","--expurgo-orfaos","src/main/java/br/com/extrator/comandos/cli/CommandRegistry.java","entrada CLI legada","SUBSTITUTE","CLI one-shot/registry tipado","PLATAFORMA_E_OPERACOES","TIME_NOMINAL_NAO_INFORMADO","V2-018/V2-022/V2-023","CLASSIFIED","registro estático no CommandRegistry; sem execução","YES","37 flags/36 responsabilidades; flag presente no registry/help ou alias; --ajuda/--help são aliases"
"command_flag","--extracao-intervalo","src/main/java/br/com/extrator/comandos/cli/CommandRegistry.java","entrada CLI legada","SUBSTITUTE","CLI one-shot/registry tipado","PLATAFORMA_E_OPERACOES","TIME_NOMINAL_NAO_INFORMADO","V2-018/V2-022/V2-023","CLASSIFIED","registro estático no CommandRegistry; sem execução","YES","37 flags/36 responsabilidades; flag presente no registry/help ou alias; --ajuda/--help são aliases"
"command_flag","--fechamento-mensal","src/main/java/br/com/extrator/comandos/cli/CommandRegistry.java","entrada CLI legada","SUBSTITUTE","CLI one-shot/registry tipado","PLATAFORMA_E_OPERACOES","TIME_NOMINAL_NAO_INFORMADO","V2-018/V2-022/V2-023","CLASSIFIED","registro estático no CommandRegistry; sem execução","YES","37 flags/36 responsabilidades; flag presente no registry/help ou alias; --ajuda/--help são aliases"
"command_flag","--fluxo-completo","src/main/java/br/com/extrator/comandos/cli/CommandRegistry.java","entrada CLI legada","SUBSTITUTE","CLI one-shot/registry tipado","PLATAFORMA_E_OPERACOES","TIME_NOMINAL_NAO_INFORMADO","V2-018/V2-022/V2-023","CLASSIFIED","registro estático no CommandRegistry; sem execução","YES","37 flags/36 responsabilidades; flag presente no registry/help ou alias; --ajuda/--help são aliases"
"command_flag","--help","src/main/java/br/com/extrator/comandos/cli/CommandRegistry.java","entrada CLI legada","PRESERVE","cli help","PLATAFORMA_E_OPERACOES","TIME_NOMINAL_NAO_INFORMADO","V2-018","CLASSIFIED","registro estático no CommandRegistry; sem execução","YES","37 flags/36 responsabilidades; flag presente no registry/help ou alias; --ajuda/--help são aliases"
"command_flag","--introspeccao","src/main/java/br/com/extrator/comandos/cli/CommandRegistry.java","entrada CLI legada","RETIRE","sem equivalente no CLI produtivo","PLATAFORMA_E_OPERACOES","TIME_NOMINAL_NAO_INFORMADO","V2-018/V2-022","CLASSIFIED","registro estático no CommandRegistry; sem execução","YES","37 flags/36 responsabilidades; flag presente no registry/help ou alias; --ajuda/--help são aliases"
"command_flag","--limpar-tabelas","src/main/java/br/com/extrator/comandos/cli/CommandRegistry.java","entrada CLI legada","RETIRE","sem equivalente no CLI produtivo","PLATAFORMA_E_OPERACOES","TIME_NOMINAL_NAO_INFORMADO","V2-018/V2-022","CLASSIFIED","registro estático no CommandRegistry; sem execução","YES","37 flags/36 responsabilidades; FLAG_REGISTRADA_MAS_OMITIDA_DO_HELP_LEGADO; --ajuda/--help são aliases"
"command_flag","--loop","src/main/java/br/com/extrator/comandos/cli/CommandRegistry.java","entrada CLI legada","RETIRE","sem equivalente no CLI produtivo","PLATAFORMA_E_OPERACOES","TIME_NOMINAL_NAO_INFORMADO","V2-018/V2-022","CLASSIFIED","registro estático no CommandRegistry; sem execução","YES","37 flags/36 responsabilidades; flag presente no registry/help ou alias; --ajuda/--help são aliases"
"command_flag","--loop-daemon-run","src/main/java/br/com/extrator/comandos/cli/CommandRegistry.java","entrada CLI legada","RETIRE","sem equivalente no CLI produtivo","PLATAFORMA_E_OPERACOES","TIME_NOMINAL_NAO_INFORMADO","V2-018/V2-022","CLASSIFIED","registro estático no CommandRegistry; sem execução","YES","37 flags/36 responsabilidades; FLAG_REGISTRADA_MAS_OMITIDA_DO_HELP_LEGADO; --ajuda/--help são aliases"
"command_flag","--loop-daemon-start","src/main/java/br/com/extrator/comandos/cli/CommandRegistry.java","entrada CLI legada","RETIRE","sem equivalente no CLI produtivo","PLATAFORMA_E_OPERACOES","TIME_NOMINAL_NAO_INFORMADO","V2-018/V2-022","CLASSIFIED","registro estático no CommandRegistry; sem execução","YES","37 flags/36 responsabilidades; flag presente no registry/help ou alias; --ajuda/--help são aliases"
"command_flag","--loop-daemon-status","src/main/java/br/com/extrator/comandos/cli/CommandRegistry.java","entrada CLI legada","RETIRE","sem equivalente no CLI produtivo","PLATAFORMA_E_OPERACOES","TIME_NOMINAL_NAO_INFORMADO","V2-018/V2-022","CLASSIFIED","registro estático no CommandRegistry; sem execução","YES","37 flags/36 responsabilidades; flag presente no registry/help ou alias; --ajuda/--help são aliases"
"command_flag","--loop-daemon-stop","src/main/java/br/com/extrator/comandos/cli/CommandRegistry.java","entrada CLI legada","RETIRE","sem equivalente no CLI produtivo","PLATAFORMA_E_OPERACOES","TIME_NOMINAL_NAO_INFORMADO","V2-018/V2-022","CLASSIFIED","registro estático no CommandRegistry; sem execução","YES","37 flags/36 responsabilidades; flag presente no registry/help ou alias; --ajuda/--help são aliases"
"command_flag","--materializar-fatos-bi","src/main/java/br/com/extrator/comandos/cli/CommandRegistry.java","entrada CLI legada","SUBSTITUTE","CLI one-shot/registry tipado","PLATAFORMA_E_OPERACOES","TIME_NOMINAL_NAO_INFORMADO","V2-018/V2-022/V2-023","CLASSIFIED","registro estático no CommandRegistry; sem execução","YES","37 flags/36 responsabilidades; flag presente no registry/help ou alias; --ajuda/--help são aliases"
"command_flag","--materializar-fatos-bi-scheduler","src/main/java/br/com/extrator/comandos/cli/CommandRegistry.java","entrada CLI legada","RETIRE","sem equivalente no CLI produtivo","PLATAFORMA_E_OPERACOES","TIME_NOMINAL_NAO_INFORMADO","V2-018/V2-022","CLASSIFIED","registro estático no CommandRegistry; sem execução","YES","37 flags/36 responsabilidades; flag presente no registry/help ou alias; --ajuda/--help são aliases"
"command_flag","--recovery","src/main/java/br/com/extrator/comandos/cli/CommandRegistry.java","entrada CLI legada","SUBSTITUTE","CLI one-shot/registry tipado","PLATAFORMA_E_OPERACOES","TIME_NOMINAL_NAO_INFORMADO","V2-018/V2-022/V2-023","CLASSIFIED","registro estático no CommandRegistry; sem execução","YES","37 flags/36 responsabilidades; flag presente no registry/help ou alias; --ajuda/--help são aliases"
"command_flag","--sincronizar-usuarios","src/main/java/br/com/extrator/comandos/cli/CommandRegistry.java","entrada CLI legada","SUBSTITUTE","CLI one-shot/registry tipado","PLATAFORMA_E_OPERACOES","TIME_NOMINAL_NAO_INFORMADO","V2-018/V2-022/V2-023","CLASSIFIED","registro estático no CommandRegistry; sem execução","YES","37 flags/36 responsabilidades; flag presente no registry/help ou alias; --ajuda/--help são aliases"
"command_flag","--testar-api","src/main/java/br/com/extrator/comandos/cli/CommandRegistry.java","entrada CLI legada","RETIRE","sem equivalente no CLI produtivo","PLATAFORMA_E_OPERACOES","TIME_NOMINAL_NAO_INFORMADO","V2-018/V2-022","CLASSIFIED","registro estático no CommandRegistry; sem execução","YES","37 flags/36 responsabilidades; flag presente no registry/help ou alias; --ajuda/--help são aliases"
"command_flag","--validar","src/main/java/br/com/extrator/comandos/cli/CommandRegistry.java","entrada CLI legada","SUBSTITUTE","CLI one-shot/registry tipado","PLATAFORMA_E_OPERACOES","TIME_NOMINAL_NAO_INFORMADO","V2-018/V2-022/V2-023","CLASSIFIED","registro estático no CommandRegistry; sem execução","YES","37 flags/36 responsabilidades; flag presente no registry/help ou alias; --ajuda/--help são aliases"
"command_flag","--validar-api-banco-24h","src/main/java/br/com/extrator/comandos/cli/CommandRegistry.java","entrada CLI legada","CONSOLIDATE","gates de DQ/paridade","PLATAFORMA_E_OPERACOES","TIME_NOMINAL_NAO_INFORMADO","V2-012/V2-038/V2-050","CLASSIFIED","registro estático no CommandRegistry; sem execução","YES","37 flags/36 responsabilidades; flag presente no registry/help ou alias; --ajuda/--help são aliases"
"command_flag","--validar-api-banco-24h-detalhado","src/main/java/br/com/extrator/comandos/cli/CommandRegistry.java","entrada CLI legada","CONSOLIDATE","gates de DQ/paridade","PLATAFORMA_E_OPERACOES","TIME_NOMINAL_NAO_INFORMADO","V2-012/V2-038/V2-050","CLASSIFIED","registro estático no CommandRegistry; sem execução","YES","37 flags/36 responsabilidades; flag presente no registry/help ou alias; --ajuda/--help são aliases"
"command_flag","--validar-dados","src/main/java/br/com/extrator/comandos/cli/CommandRegistry.java","entrada CLI legada","CONSOLIDATE","gates de DQ/paridade","PLATAFORMA_E_OPERACOES","TIME_NOMINAL_NAO_INFORMADO","V2-012/V2-038/V2-050","CLASSIFIED","registro estático no CommandRegistry; sem execução","YES","37 flags/36 responsabilidades; FLAG_REGISTRADA_MAS_OMITIDA_DO_HELP_LEGADO; --ajuda/--help são aliases"
"command_flag","--validar-etl-extremo","src/main/java/br/com/extrator/comandos/cli/CommandRegistry.java","entrada CLI legada","CONSOLIDATE","gates de DQ/paridade","PLATAFORMA_E_OPERACOES","TIME_NOMINAL_NAO_INFORMADO","V2-012/V2-038/V2-050","CLASSIFIED","registro estático no CommandRegistry; sem execução","YES","37 flags/36 responsabilidades; flag presente no registry/help ou alias; --ajuda/--help são aliases"
"command_flag","--validar-etl-resiliencia","src/main/java/br/com/extrator/comandos/cli/CommandRegistry.java","entrada CLI legada","CONSOLIDATE","gates de DQ/paridade","PLATAFORMA_E_OPERACOES","TIME_NOMINAL_NAO_INFORMADO","V2-012/V2-038/V2-050","CLASSIFIED","registro estático no CommandRegistry; sem execução","YES","37 flags/36 responsabilidades; flag presente no registry/help ou alias; --ajuda/--help são aliases"
"command_flag","--validar-manifestos","src/main/java/br/com/extrator/comandos/cli/CommandRegistry.java","entrada CLI legada","CONSOLIDATE","gates de DQ/paridade","PLATAFORMA_E_OPERACOES","TIME_NOMINAL_NAO_INFORMADO","V2-012/V2-038/V2-050","CLASSIFIED","registro estático no CommandRegistry; sem execução","YES","37 flags/36 responsabilidades; FLAG_REGISTRADA_MAS_OMITIDA_DO_HELP_LEGADO; --ajuda/--help são aliases"
"command_flag","--verificar-timestamps","src/main/java/br/com/extrator/comandos/cli/CommandRegistry.java","entrada CLI legada","CONSOLIDATE","gates de DQ/paridade","PLATAFORMA_E_OPERACOES","TIME_NOMINAL_NAO_INFORMADO","V2-012/V2-038/V2-050","CLASSIFIED","registro estático no CommandRegistry; sem execução","YES","37 flags/36 responsabilidades; FLAG_REGISTRADA_MAS_OMITIDA_DO_HELP_LEGADO; --ajuda/--help são aliases"
"command_flag","--verificar-timezone","src/main/java/br/com/extrator/comandos/cli/CommandRegistry.java","entrada CLI legada","CONSOLIDATE","gates de DQ/paridade","PLATAFORMA_E_OPERACOES","TIME_NOMINAL_NAO_INFORMADO","V2-012/V2-038/V2-050","CLASSIFIED","registro estático no CommandRegistry; sem execução","YES","37 flags/36 responsabilidades; FLAG_REGISTRADA_MAS_OMITIDA_DO_HELP_LEGADO; --ajuda/--help são aliases"
"constraint","001_criar_tabela_coletas:DF_coletas_confirmacoes_ausencia_origem","database/tabelas/001_criar_tabela_coletas.sql","DEFAULT","SUBSTITUTE","constraint V2 com teste positivo/negativo e cardinalidade provada","PLATAFORMA_DE_DADOS_E_OWNER_DO_DOMINIO","TIME_NOMINAL_NAO_INFORMADO","V2-009d/vertical-dona","CLASSIFIED","constraint nomeada no DDL","YES","default/check comprovado pode ser preservado semanticamente; DDL é redesenhado"
"constraint","001_criar_tabela_coletas:DF_coletas_excluido_na_origem","database/tabelas/001_criar_tabela_coletas.sql","DEFAULT","SUBSTITUTE","constraint V2 com teste positivo/negativo e cardinalidade provada","PLATAFORMA_DE_DADOS_E_OWNER_DO_DOMINIO","TIME_NOMINAL_NAO_INFORMADO","V2-009d/vertical-dona","CLASSIFIED","constraint nomeada no DDL","YES","default/check comprovado pode ser preservado semanticamente; DDL é redesenhado"
"constraint","001_criar_tabela_coletas:INLINE_DEFAULT:data_extracao","database/tabelas/001_criar_tabela_coletas.sql","DEFAULT_INLINE","SUBSTITUTE","constraint V2 com semântica, cardinalidade e testes explícitos","PLATAFORMA_DE_DADOS_E_OWNER_DO_DOMINIO","TIME_NOMINAL_NAO_INFORMADO","V2-009d/vertical-dona","CLASSIFIED","definição inline no CREATE TABLE","YES","constraint física legada é evidência, não default automático"
"constraint","001_criar_tabela_coletas:INLINE_PK:id","database/tabelas/001_criar_tabela_coletas.sql","PRIMARY_KEY_INLINE","SUBSTITUTE","identity/PK V2 provada","PLATAFORMA_DE_DADOS_E_OWNER_DO_DOMINIO","TIME_NOMINAL_NAO_INFORMADO","V2-009d/vertical-dona","CLASSIFIED","definição inline no DDL","YES","chave física legada não é prova automática de identidade canônica"
"constraint","001_criar_tabela_coletas:UQ_coletas_sequence_code","database/tabelas/001_criar_tabela_coletas.sql","UNIQUE","SUBSTITUTE","constraint V2 com teste positivo/negativo e cardinalidade provada","PLATAFORMA_DE_DADOS_E_OWNER_DO_DOMINIO","TIME_NOMINAL_NAO_INFORMADO","V2-009d/vertical-dona","CLASSIFIED","constraint nomeada no DDL","YES","default/check comprovado pode ser preservado semanticamente; DDL é redesenhado"
"constraint","002_criar_tabela_fretes:DF_fretes_excluido_na_origem","database/tabelas/002_criar_tabela_fretes.sql","DEFAULT","SUBSTITUTE","constraint V2 com teste positivo/negativo e cardinalidade provada","PLATAFORMA_DE_DADOS_E_OWNER_DO_DOMINIO","TIME_NOMINAL_NAO_INFORMADO","V2-009d/vertical-dona","CLASSIFIED","constraint nomeada no DDL","YES","default/check comprovado pode ser preservado semanticamente; DDL é redesenhado"
"constraint","002_criar_tabela_fretes:INLINE_DEFAULT:data_extracao","database/tabelas/002_criar_tabela_fretes.sql","DEFAULT_INLINE","SUBSTITUTE","constraint V2 com semântica, cardinalidade e testes explícitos","PLATAFORMA_DE_DADOS_E_OWNER_DO_DOMINIO","TIME_NOMINAL_NAO_INFORMADO","V2-009d/vertical-dona","CLASSIFIED","definição inline no CREATE TABLE","YES","constraint física legada é evidência, não default automático"
"constraint","002_criar_tabela_fretes:INLINE_PK:id","database/tabelas/002_criar_tabela_fretes.sql","PRIMARY_KEY_INLINE","SUBSTITUTE","identity/PK V2 provada","PLATAFORMA_DE_DADOS_E_OWNER_DO_DOMINIO","TIME_NOMINAL_NAO_INFORMADO","V2-009d/vertical-dona","CLASSIFIED","definição inline no DDL","YES","chave física legada não é prova automática de identidade canônica"
"constraint","003_criar_tabela_manifestos:DF_manifestos_excluido_na_origem","database/tabelas/003_criar_tabela_manifestos.sql","DEFAULT","SUBSTITUTE","constraint V2 com teste positivo/negativo e cardinalidade provada","PLATAFORMA_DE_DADOS_E_OWNER_DO_DOMINIO","TIME_NOMINAL_NAO_INFORMADO","V2-009d/vertical-dona","CLASSIFIED","constraint nomeada no DDL","YES","default/check comprovado pode ser preservado semanticamente; DDL é redesenhado"
"constraint","003_criar_tabela_manifestos:FK_manifestos_pick_sequence_code_coletas","database/tabelas/003_criar_tabela_manifestos.sql","FOREIGN_KEY","SUBSTITUTE","constraint V2 com teste positivo/negativo e cardinalidade provada","PLATAFORMA_DE_DADOS_E_OWNER_DO_DOMINIO","TIME_NOMINAL_NAO_INFORMADO","V2-009d/vertical-dona","CLASSIFIED","constraint nomeada no DDL","YES","default/check comprovado pode ser preservado semanticamente; DDL é redesenhado"
"constraint","003_criar_tabela_manifestos:INLINE_DEFAULT:data_extracao","database/tabelas/003_criar_tabela_manifestos.sql","DEFAULT_INLINE","SUBSTITUTE","constraint V2 com semântica, cardinalidade e testes explícitos","PLATAFORMA_DE_DADOS_E_OWNER_DO_DOMINIO","TIME_NOMINAL_NAO_INFORMADO","V2-009d/vertical-dona","CLASSIFIED","definição inline no CREATE TABLE","YES","constraint física legada é evidência, não default automático"
"constraint","003_criar_tabela_manifestos:INLINE_PK:id","database/tabelas/003_criar_tabela_manifestos.sql","PRIMARY_KEY_INLINE","SUBSTITUTE","identity/PK V2 provada","PLATAFORMA_DE_DADOS_E_OWNER_DO_DOMINIO","TIME_NOMINAL_NAO_INFORMADO","V2-009d/vertical-dona","CLASSIFIED","definição inline no DDL","YES","chave física legada não é prova automática de identidade canônica"
"constraint","003_criar_tabela_manifestos:UQ_manifestos_chave_composta","database/tabelas/003_criar_tabela_manifestos.sql","UNIQUE","SUBSTITUTE","constraint V2 com teste positivo/negativo e cardinalidade provada","PLATAFORMA_DE_DADOS_E_OWNER_DO_DOMINIO","TIME_NOMINAL_NAO_INFORMADO","V2-009d/vertical-dona","CLASSIFIED","constraint nomeada no DDL","YES","default/check comprovado pode ser preservado semanticamente; DDL é redesenhado"
"constraint","004_criar_tabela_cotacoes:DF_cotacoes_excluido_na_origem","database/tabelas/004_criar_tabela_cotacoes.sql","DEFAULT","SUBSTITUTE","constraint V2 com teste positivo/negativo e cardinalidade provada","PLATAFORMA_DE_DADOS_E_OWNER_DO_DOMINIO","TIME_NOMINAL_NAO_INFORMADO","V2-009d/vertical-dona","CLASSIFIED","constraint nomeada no DDL","YES","default/check comprovado pode ser preservado semanticamente; DDL é redesenhado"
"constraint","004_criar_tabela_cotacoes:INLINE_DEFAULT:data_extracao","database/tabelas/004_criar_tabela_cotacoes.sql","DEFAULT_INLINE","SUBSTITUTE","constraint V2 com semântica, cardinalidade e testes explícitos","PLATAFORMA_DE_DADOS_E_OWNER_DO_DOMINIO","TIME_NOMINAL_NAO_INFORMADO","V2-009d/vertical-dona","CLASSIFIED","definição inline no CREATE TABLE","YES","constraint física legada é evidência, não default automático"
"constraint","004_criar_tabela_cotacoes:INLINE_PK:sequence_code","database/tabelas/004_criar_tabela_cotacoes.sql","PRIMARY_KEY_INLINE","SUBSTITUTE","identity/PK V2 provada","PLATAFORMA_DE_DADOS_E_OWNER_DO_DOMINIO","TIME_NOMINAL_NAO_INFORMADO","V2-009d/vertical-dona","CLASSIFIED","definição inline no DDL","YES","chave física legada não é prova automática de identidade canônica"
"constraint","005_criar_tabela_localizacao_cargas:DF_localizacao_cargas_excluido_na_origem","database/tabelas/005_criar_tabela_localizacao_cargas.sql","DEFAULT","SUBSTITUTE","constraint V2 com teste positivo/negativo e cardinalidade provada","PLATAFORMA_DE_DADOS_E_OWNER_DO_DOMINIO","TIME_NOMINAL_NAO_INFORMADO","V2-009d/vertical-dona","CLASSIFIED","constraint nomeada no DDL","YES","default/check comprovado pode ser preservado semanticamente; DDL é redesenhado"
"constraint","005_criar_tabela_localizacao_cargas:INLINE_DEFAULT:data_extracao","database/tabelas/005_criar_tabela_localizacao_cargas.sql","DEFAULT_INLINE","SUBSTITUTE","constraint V2 com semântica, cardinalidade e testes explícitos","PLATAFORMA_DE_DADOS_E_OWNER_DO_DOMINIO","TIME_NOMINAL_NAO_INFORMADO","V2-009d/vertical-dona","CLASSIFIED","definição inline no CREATE TABLE","YES","constraint física legada é evidência, não default automático"
"constraint","005_criar_tabela_localizacao_cargas:INLINE_PK:sequence_number","database/tabelas/005_criar_tabela_localizacao_cargas.sql","PRIMARY_KEY_INLINE","SUBSTITUTE","identity/PK V2 provada","PLATAFORMA_DE_DADOS_E_OWNER_DO_DOMINIO","TIME_NOMINAL_NAO_INFORMADO","V2-009d/vertical-dona","CLASSIFIED","definição inline no DDL","YES","chave física legada não é prova automática de identidade canônica"
"constraint","006_criar_tabela_contas_a_pagar:DF_contas_a_pagar_excluido_na_origem","database/tabelas/006_criar_tabela_contas_a_pagar.sql","DEFAULT","SUBSTITUTE","constraint V2 com teste positivo/negativo e cardinalidade provada","PLATAFORMA_DE_DADOS_E_OWNER_DO_DOMINIO","TIME_NOMINAL_NAO_INFORMADO","V2-009d/vertical-dona","CLASSIFIED","constraint nomeada no DDL","YES","default/check comprovado pode ser preservado semanticamente; DDL é redesenhado"
"constraint","006_criar_tabela_contas_a_pagar:INLINE_DEFAULT:data_extracao","database/tabelas/006_criar_tabela_contas_a_pagar.sql","DEFAULT_INLINE","SUBSTITUTE","constraint V2 com semântica, cardinalidade e testes explícitos","PLATAFORMA_DE_DADOS_E_OWNER_DO_DOMINIO","TIME_NOMINAL_NAO_INFORMADO","V2-009d/vertical-dona","CLASSIFIED","definição inline no CREATE TABLE","YES","constraint física legada é evidência, não default automático"
"constraint","006_criar_tabela_contas_a_pagar:INLINE_PK:sequence_code","database/tabelas/006_criar_tabela_contas_a_pagar.sql","PRIMARY_KEY_INLINE","SUBSTITUTE","identity/PK V2 provada","PLATAFORMA_DE_DADOS_E_OWNER_DO_DOMINIO","TIME_NOMINAL_NAO_INFORMADO","V2-009d/vertical-dona","CLASSIFIED","definição inline no DDL","YES","chave física legada não é prova automática de identidade canônica"
"constraint","007_criar_tabela_faturas_por_cliente:DF_faturas_por_cliente_excluido_na_origem","database/tabelas/007_criar_tabela_faturas_por_cliente.sql","DEFAULT","SUBSTITUTE","constraint V2 com teste positivo/negativo e cardinalidade provada","PLATAFORMA_DE_DADOS_E_OWNER_DO_DOMINIO","TIME_NOMINAL_NAO_INFORMADO","V2-009d/vertical-dona","CLASSIFIED","constraint nomeada no DDL","YES","default/check comprovado pode ser preservado semanticamente; DDL é redesenhado"
"constraint","007_criar_tabela_faturas_por_cliente:INLINE_DEFAULT:data_extracao","database/tabelas/007_criar_tabela_faturas_por_cliente.sql","DEFAULT_INLINE","SUBSTITUTE","constraint V2 com semântica, cardinalidade e testes explícitos","PLATAFORMA_DE_DADOS_E_OWNER_DO_DOMINIO","TIME_NOMINAL_NAO_INFORMADO","V2-009d/vertical-dona","CLASSIFIED","definição inline no CREATE TABLE","YES","constraint física legada é evidência, não default automático"
"constraint","007_criar_tabela_faturas_por_cliente:INLINE_PK:unique_id","database/tabelas/007_criar_tabela_faturas_por_cliente.sql","PRIMARY_KEY_INLINE","SUBSTITUTE","identity/PK V2 provada","PLATAFORMA_DE_DADOS_E_OWNER_DO_DOMINIO","TIME_NOMINAL_NAO_INFORMADO","V2-009d/vertical-dona","CLASSIFIED","definição inline no DDL","YES","chave física legada não é prova automática de identidade canônica"
"constraint","008_criar_tabela_dim_calendario:CK_dim_cal_ano_mes","database/tabelas/008_criar_tabela_dim_calendario.sql","CHECK","SUBSTITUTE","constraint V2 com teste positivo/negativo e cardinalidade provada","PLATAFORMA_DE_DADOS_E_OWNER_DO_DOMINIO","TIME_NOMINAL_NAO_INFORMADO","V2-009d/vertical-dona","CLASSIFIED","constraint nomeada no DDL","YES","default/check comprovado pode ser preservado semanticamente; DDL é redesenhado"
"constraint","008_criar_tabela_dim_calendario:CK_dim_cal_data_referencia","database/tabelas/008_criar_tabela_dim_calendario.sql","CHECK","SUBSTITUTE","constraint V2 com teste positivo/negativo e cardinalidade provada","PLATAFORMA_DE_DADOS_E_OWNER_DO_DOMINIO","TIME_NOMINAL_NAO_INFORMADO","V2-009d/vertical-dona","CLASSIFIED","constraint nomeada no DDL","YES","default/check comprovado pode ser preservado semanticamente; DDL é redesenhado"
"constraint","008_criar_tabela_dim_calendario:CK_dim_cal_dia_semana_iso","database/tabelas/008_criar_tabela_dim_calendario.sql","CHECK","SUBSTITUTE","constraint V2 com teste positivo/negativo e cardinalidade provada","PLATAFORMA_DE_DADOS_E_OWNER_DO_DOMINIO","TIME_NOMINAL_NAO_INFORMADO","V2-009d/vertical-dona","CLASSIFIED","constraint nomeada no DDL","YES","default/check comprovado pode ser preservado semanticamente; DDL é redesenhado"
"constraint","008_criar_tabela_dim_calendario:DF_dim_cal_atualizado_em","database/tabelas/008_criar_tabela_dim_calendario.sql","DEFAULT","SUBSTITUTE","constraint V2 com teste positivo/negativo e cardinalidade provada","PLATAFORMA_DE_DADOS_E_OWNER_DO_DOMINIO","TIME_NOMINAL_NAO_INFORMADO","V2-009d/vertical-dona","CLASSIFIED","constraint nomeada no DDL","YES","default/check comprovado pode ser preservado semanticamente; DDL é redesenhado"
"constraint","008_criar_tabela_dim_calendario:DF_dim_cal_is_feriado_nacional","database/tabelas/008_criar_tabela_dim_calendario.sql","DEFAULT","SUBSTITUTE","constraint V2 com teste positivo/negativo e cardinalidade provada","PLATAFORMA_DE_DADOS_E_OWNER_DO_DOMINIO","TIME_NOMINAL_NAO_INFORMADO","V2-009d/vertical-dona","CLASSIFIED","constraint nomeada no DDL","YES","default/check comprovado pode ser preservado semanticamente; DDL é redesenhado"
"constraint","008_criar_tabela_dim_calendario:DF_dim_cal_is_ponto_facultativo","database/tabelas/008_criar_tabela_dim_calendario.sql","DEFAULT","SUBSTITUTE","constraint V2 com teste positivo/negativo e cardinalidade provada","PLATAFORMA_DE_DADOS_E_OWNER_DO_DOMINIO","TIME_NOMINAL_NAO_INFORMADO","V2-009d/vertical-dona","CLASSIFIED","constraint nomeada no DDL","YES","default/check comprovado pode ser preservado semanticamente; DDL é redesenhado"
"constraint","008_criar_tabela_dim_calendario:PK_dim_calendario","database/tabelas/008_criar_tabela_dim_calendario.sql","PRIMARY_KEY","SUBSTITUTE","constraint V2 com teste positivo/negativo e cardinalidade provada","PLATAFORMA_DE_DADOS_E_OWNER_DO_DOMINIO","TIME_NOMINAL_NAO_INFORMADO","V2-009d/vertical-dona","CLASSIFIED","constraint nomeada no DDL","YES","default/check comprovado pode ser preservado semanticamente; DDL é redesenhado"
"constraint","008_criar_tabela_dim_calendario:UX_dim_calendario_data_key","database/tabelas/008_criar_tabela_dim_calendario.sql","UNIQUE","SUBSTITUTE","constraint V2 com teste positivo/negativo e cardinalidade provada","PLATAFORMA_DE_DADOS_E_OWNER_DO_DOMINIO","TIME_NOMINAL_NAO_INFORMADO","V2-009d/vertical-dona","CLASSIFIED","constraint nomeada no DDL","YES","default/check comprovado pode ser preservado semanticamente; DDL é redesenhado"
"constraint","009_criar_tabela_log_extracoes:DF_log_extracoes_noop_count","database/tabelas/009_criar_tabela_log_extracoes.sql","DEFAULT","SUBSTITUTE","constraint V2 com teste positivo/negativo e cardinalidade provada","PLATAFORMA_DE_DADOS_E_OWNER_DO_DOMINIO","TIME_NOMINAL_NAO_INFORMADO","V2-009d/vertical-dona","CLASSIFIED","constraint nomeada no DDL","YES","default/check comprovado pode ser preservado semanticamente; DDL é redesenhado"
"constraint","009_criar_tabela_log_extracoes:INLINE_PK:id","database/tabelas/009_criar_tabela_log_extracoes.sql","PRIMARY_KEY_INLINE","SUBSTITUTE","identity/PK V2 provada","PLATAFORMA_DE_DADOS_E_OWNER_DO_DOMINIO","TIME_NOMINAL_NAO_INFORMADO","V2-009d/vertical-dona","CLASSIFIED","definição inline no DDL","YES","chave física legada não é prova automática de identidade canônica"
"constraint","010_criar_tabela_page_audit:ck_page_audit_bounds","database/tabelas/010_criar_tabela_page_audit.sql","CHECK","SUBSTITUTE","constraint V2 com teste positivo/negativo e cardinalidade provada","PLATAFORMA_DE_DADOS_E_OWNER_DO_DOMINIO","TIME_NOMINAL_NAO_INFORMADO","V2-009d/vertical-dona","CLASSIFIED","constraint nomeada no DDL","YES","default/check comprovado pode ser preservado semanticamente; DDL é redesenhado"
"constraint","010_criar_tabela_page_audit:ck_page_audit_hash_len","database/tabelas/010_criar_tabela_page_audit.sql","CHECK","SUBSTITUTE","constraint V2 com teste positivo/negativo e cardinalidade provada","PLATAFORMA_DE_DADOS_E_OWNER_DO_DOMINIO","TIME_NOMINAL_NAO_INFORMADO","V2-009d/vertical-dona","CLASSIFIED","constraint nomeada no DDL","YES","default/check comprovado pode ser preservado semanticamente; DDL é redesenhado"
"constraint","010_criar_tabela_page_audit:ck_page_audit_id_range","database/tabelas/010_criar_tabela_page_audit.sql","CHECK","SUBSTITUTE","constraint V2 com teste positivo/negativo e cardinalidade provada","PLATAFORMA_DE_DADOS_E_OWNER_DO_DOMINIO","TIME_NOMINAL_NAO_INFORMADO","V2-009d/vertical-dona","CLASSIFIED","constraint nomeada no DDL","YES","default/check comprovado pode ser preservado semanticamente; DDL é redesenhado"
"constraint","010_criar_tabela_page_audit:ck_page_audit_status","database/tabelas/010_criar_tabela_page_audit.sql","CHECK","SUBSTITUTE","constraint V2 com teste positivo/negativo e cardinalidade provada","PLATAFORMA_DE_DADOS_E_OWNER_DO_DOMINIO","TIME_NOMINAL_NAO_INFORMADO","V2-009d/vertical-dona","CLASSIFIED","constraint nomeada no DDL","YES","default/check comprovado pode ser preservado semanticamente; DDL é redesenhado"
"constraint","010_criar_tabela_page_audit:INLINE_DEFAULT:timestamp","database/tabelas/010_criar_tabela_page_audit.sql","DEFAULT_INLINE","SUBSTITUTE","constraint V2 com semântica, cardinalidade e testes explícitos","PLATAFORMA_DE_DADOS_E_OWNER_DO_DOMINIO","TIME_NOMINAL_NAO_INFORMADO","V2-009d/vertical-dona","CLASSIFIED","definição inline no CREATE TABLE","YES","constraint física legada é evidência, não default automático"
"constraint","010_criar_tabela_page_audit:INLINE_PK:id","database/tabelas/010_criar_tabela_page_audit.sql","PRIMARY_KEY_INLINE","SUBSTITUTE","identity/PK V2 provada","PLATAFORMA_DE_DADOS_E_OWNER_DO_DOMINIO","TIME_NOMINAL_NAO_INFORMADO","V2-009d/vertical-dona","CLASSIFIED","definição inline no DDL","YES","chave física legada não é prova automática de identidade canônica"
"constraint","011_criar_tabela_dim_usuarios:ANONYMOUS_PRIMARY_KEY:001","database/tabelas/011_criar_tabela_dim_usuarios.sql","PRIMARY_KEY_TABLE_LEVEL","SUBSTITUTE","constraint V2 nomeada e testada","PLATAFORMA_DE_DADOS_E_OWNER_DO_DOMINIO","TIME_NOMINAL_NAO_INFORMADO","V2-009d/vertical-dona","CLASSIFIED","constraint anônima no DDL","YES","nome e físico serão substituídos; preservar somente semântica provada"
"constraint","011_criar_tabela_dim_usuarios:DF_dim_usuarios_excluido_na_origem","database/tabelas/011_criar_tabela_dim_usuarios.sql","DEFAULT","SUBSTITUTE","constraint V2 com teste positivo/negativo e cardinalidade provada","PLATAFORMA_DE_DADOS_E_OWNER_DO_DOMINIO","TIME_NOMINAL_NAO_INFORMADO","V2-009d/vertical-dona","CLASSIFIED","constraint nomeada no DDL","YES","default/check comprovado pode ser preservado semanticamente; DDL é redesenhado"
"constraint","011_criar_tabela_dim_usuarios:INLINE_DEFAULT:data_atualizacao","database/tabelas/011_criar_tabela_dim_usuarios.sql","DEFAULT_INLINE","SUBSTITUTE","constraint V2 com semântica, cardinalidade e testes explícitos","PLATAFORMA_DE_DADOS_E_OWNER_DO_DOMINIO","TIME_NOMINAL_NAO_INFORMADO","V2-009d/vertical-dona","CLASSIFIED","definição inline no CREATE TABLE","YES","constraint física legada é evidência, não default automático"
"constraint","012_criar_tabela_sys_execution_history:INLINE_DEFAULT:created_at","database/tabelas/012_criar_tabela_sys_execution_history.sql","DEFAULT_INLINE","SUBSTITUTE","constraint V2 com semântica, cardinalidade e testes explícitos","PLATAFORMA_DE_DADOS_E_OWNER_DO_DOMINIO","TIME_NOMINAL_NAO_INFORMADO","V2-009d/vertical-dona","CLASSIFIED","definição inline no CREATE TABLE","YES","constraint física legada é evidência, não default automático"
"constraint","012_criar_tabela_sys_execution_history:INLINE_DEFAULT:total_records","database/tabelas/012_criar_tabela_sys_execution_history.sql","DEFAULT_INLINE","SUBSTITUTE","constraint V2 com semântica, cardinalidade e testes explícitos","PLATAFORMA_DE_DADOS_E_OWNER_DO_DOMINIO","TIME_NOMINAL_NAO_INFORMADO","V2-009d/vertical-dona","CLASSIFIED","definição inline no CREATE TABLE","YES","constraint física legada é evidência, não default automático"
"constraint","012_criar_tabela_sys_execution_history:INLINE_PK:id","database/tabelas/012_criar_tabela_sys_execution_history.sql","PRIMARY_KEY_INLINE","SUBSTITUTE","identity/PK V2 provada","PLATAFORMA_DE_DADOS_E_OWNER_DO_DOMINIO","TIME_NOMINAL_NAO_INFORMADO","V2-009d/vertical-dona","CLASSIFIED","definição inline no DDL","YES","chave física legada não é prova automática de identidade canônica"
"constraint","013_criar_tabela_sys_auditoria_temp:DF_sys_auditoria_temp_data_auditoria","database/tabelas/013_criar_tabela_sys_auditoria_temp.sql","DEFAULT","RETIRE","nenhum equivalente físico; responsabilidade absorvida pelo control plane/Flyway V2","PLATAFORMA_DE_DADOS_E_OWNER_DO_DOMINIO","TIME_NOMINAL_NAO_INFORMADO","V2-019","CLASSIFIED","constraint nomeada no DDL","YES","retirar junto com a tabela legada; não preservar constraint física ou semântica obsoleta"
"constraint","014_criar_tabela_sys_execution_audit:DF_sys_execution_audit_api_completa","database/tabelas/014_criar_tabela_sys_execution_audit.sql","DEFAULT","SUBSTITUTE","constraint V2 com teste positivo/negativo e cardinalidade provada","PLATAFORMA_DE_DADOS_E_OWNER_DO_DOMINIO","TIME_NOMINAL_NAO_INFORMADO","V2-009d/vertical-dona","CLASSIFIED","constraint nomeada no DDL","YES","default/check comprovado pode ser preservado semanticamente; DDL é redesenhado"
"constraint","014_criar_tabela_sys_execution_audit:DF_sys_execution_audit_api_total_bruto","database/tabelas/014_criar_tabela_sys_execution_audit.sql","DEFAULT","SUBSTITUTE","constraint V2 com teste positivo/negativo e cardinalidade provada","PLATAFORMA_DE_DADOS_E_OWNER_DO_DOMINIO","TIME_NOMINAL_NAO_INFORMADO","V2-009d/vertical-dona","CLASSIFIED","constraint nomeada no DDL","YES","default/check comprovado pode ser preservado semanticamente; DDL é redesenhado"
"constraint","014_criar_tabela_sys_execution_audit:DF_sys_execution_audit_api_total_unico","database/tabelas/014_criar_tabela_sys_execution_audit.sql","DEFAULT","SUBSTITUTE","constraint V2 com teste positivo/negativo e cardinalidade provada","PLATAFORMA_DE_DADOS_E_OWNER_DO_DOMINIO","TIME_NOMINAL_NAO_INFORMADO","V2-009d/vertical-dona","CLASSIFIED","constraint nomeada no DDL","YES","default/check comprovado pode ser preservado semanticamente; DDL é redesenhado"
"constraint","014_criar_tabela_sys_execution_audit:DF_sys_execution_audit_db_persistidos","database/tabelas/014_criar_tabela_sys_execution_audit.sql","DEFAULT","SUBSTITUTE","constraint V2 com teste positivo/negativo e cardinalidade provada","PLATAFORMA_DE_DADOS_E_OWNER_DO_DOMINIO","TIME_NOMINAL_NAO_INFORMADO","V2-009d/vertical-dona","CLASSIFIED","constraint nomeada no DDL","YES","default/check comprovado pode ser preservado semanticamente; DDL é redesenhado"
"constraint","014_criar_tabela_sys_execution_audit:DF_sys_execution_audit_db_upserts","database/tabelas/014_criar_tabela_sys_execution_audit.sql","DEFAULT","SUBSTITUTE","constraint V2 com teste positivo/negativo e cardinalidade provada","PLATAFORMA_DE_DADOS_E_OWNER_DO_DOMINIO","TIME_NOMINAL_NAO_INFORMADO","V2-009d/vertical-dona","CLASSIFIED","constraint nomeada no DDL","YES","default/check comprovado pode ser preservado semanticamente; DDL é redesenhado"
"constraint","014_criar_tabela_sys_execution_audit:DF_sys_execution_audit_invalid","database/tabelas/014_criar_tabela_sys_execution_audit.sql","DEFAULT","SUBSTITUTE","constraint V2 com teste positivo/negativo e cardinalidade provada","PLATAFORMA_DE_DADOS_E_OWNER_DO_DOMINIO","TIME_NOMINAL_NAO_INFORMADO","V2-009d/vertical-dona","CLASSIFIED","constraint nomeada no DDL","YES","default/check comprovado pode ser preservado semanticamente; DDL é redesenhado"
"constraint","014_criar_tabela_sys_execution_audit:DF_sys_execution_audit_noop","database/tabelas/014_criar_tabela_sys_execution_audit.sql","DEFAULT","SUBSTITUTE","constraint V2 com teste positivo/negativo e cardinalidade provada","PLATAFORMA_DE_DADOS_E_OWNER_DO_DOMINIO","TIME_NOMINAL_NAO_INFORMADO","V2-009d/vertical-dona","CLASSIFIED","constraint nomeada no DDL","YES","default/check comprovado pode ser preservado semanticamente; DDL é redesenhado"
"constraint","014_criar_tabela_sys_execution_audit:DF_sys_execution_audit_paginas","database/tabelas/014_criar_tabela_sys_execution_audit.sql","DEFAULT","SUBSTITUTE","constraint V2 com teste positivo/negativo e cardinalidade provada","PLATAFORMA_DE_DADOS_E_OWNER_DO_DOMINIO","TIME_NOMINAL_NAO_INFORMADO","V2-009d/vertical-dona","CLASSIFIED","constraint nomeada no DDL","YES","default/check comprovado pode ser preservado semanticamente; DDL é redesenhado"
"constraint","014_criar_tabela_sys_execution_audit:DF_sys_execution_audit_updated_at","database/tabelas/014_criar_tabela_sys_execution_audit.sql","DEFAULT","SUBSTITUTE","constraint V2 com teste positivo/negativo e cardinalidade provada","PLATAFORMA_DE_DADOS_E_OWNER_DO_DOMINIO","TIME_NOMINAL_NAO_INFORMADO","V2-009d/vertical-dona","CLASSIFIED","constraint nomeada no DDL","YES","default/check comprovado pode ser preservado semanticamente; DDL é redesenhado"
"constraint","014_criar_tabela_sys_execution_audit:PK_sys_execution_audit","database/tabelas/014_criar_tabela_sys_execution_audit.sql","PRIMARY_KEY","SUBSTITUTE","constraint V2 com teste positivo/negativo e cardinalidade provada","PLATAFORMA_DE_DADOS_E_OWNER_DO_DOMINIO","TIME_NOMINAL_NAO_INFORMADO","V2-009d/vertical-dona","CLASSIFIED","constraint nomeada no DDL","YES","default/check comprovado pode ser preservado semanticamente; DDL é redesenhado"
"constraint","015_criar_tabela_sys_execution_watermark:DF_sys_execution_watermark_updated_at","database/tabelas/015_criar_tabela_sys_execution_watermark.sql","DEFAULT","SUBSTITUTE","constraint V2 com teste positivo/negativo e cardinalidade provada","PLATAFORMA_DE_DADOS_E_OWNER_DO_DOMINIO","TIME_NOMINAL_NAO_INFORMADO","V2-009d/vertical-dona","CLASSIFIED","constraint nomeada no DDL","YES","default/check comprovado pode ser preservado semanticamente; DDL é redesenhado"
"constraint","015_criar_tabela_sys_execution_watermark:PK_sys_execution_watermark","database/tabelas/015_criar_tabela_sys_execution_watermark.sql","PRIMARY_KEY","SUBSTITUTE","constraint V2 com teste positivo/negativo e cardinalidade provada","PLATAFORMA_DE_DADOS_E_OWNER_DO_DOMINIO","TIME_NOMINAL_NAO_INFORMADO","V2-009d/vertical-dona","CLASSIFIED","constraint nomeada no DDL","YES","default/check comprovado pode ser preservado semanticamente; DDL é redesenhado"
"constraint","016_alter_tabela_dim_usuarios_estado:DF_dim_usuarios_ativo","database/tabelas/016_alter_tabela_dim_usuarios_estado.sql","DEFAULT","SUBSTITUTE","constraint de estado de Usuários na migration V2","SEGURANCA_E_PLATAFORMA_DE_DADOS","TIME_NOMINAL_NAO_INFORMADO","V2-033/V2-009d","CLASSIFIED","constraint nomeada no ALTER legado","YES","script 016 altera a responsabilidade 011/017"
"constraint","017_criar_tabela_dim_usuarios_historico:DF_dim_usuarios_historico_observado_em","database/tabelas/017_criar_tabela_dim_usuarios_historico.sql","DEFAULT","SUBSTITUTE","constraint V2 com teste positivo/negativo e cardinalidade provada","PLATAFORMA_DE_DADOS_E_OWNER_DO_DOMINIO","TIME_NOMINAL_NAO_INFORMADO","V2-009d/vertical-dona","CLASSIFIED","constraint nomeada no DDL","YES","default/check comprovado pode ser preservado semanticamente; DDL é redesenhado"
"constraint","017_criar_tabela_dim_usuarios_historico:PK_dim_usuarios_historico","database/tabelas/017_criar_tabela_dim_usuarios_historico.sql","PRIMARY_KEY","SUBSTITUTE","constraint V2 com teste positivo/negativo e cardinalidade provada","PLATAFORMA_DE_DADOS_E_OWNER_DO_DOMINIO","TIME_NOMINAL_NAO_INFORMADO","V2-009d/vertical-dona","CLASSIFIED","constraint nomeada no DDL","YES","default/check comprovado pode ser preservado semanticamente; DDL é redesenhado"
"constraint","018_criar_tabela_schema_migrations:DF_schema_migrations_applied_at","database/tabelas/018_criar_tabela_schema_migrations.sql","DEFAULT","RETIRE","nenhum equivalente físico; responsabilidade absorvida pelo control plane/Flyway V2","PLATAFORMA_DE_DADOS_E_OWNER_DO_DOMINIO","TIME_NOMINAL_NAO_INFORMADO","V2-019","CLASSIFIED","constraint nomeada no DDL","YES","retirar junto com a tabela legada; não preservar constraint física ou semântica obsoleta"
"constraint","018_criar_tabela_schema_migrations:PK_schema_migrations","database/tabelas/018_criar_tabela_schema_migrations.sql","PRIMARY_KEY","RETIRE","nenhum equivalente físico; responsabilidade absorvida pelo control plane/Flyway V2","PLATAFORMA_DE_DADOS_E_OWNER_DO_DOMINIO","TIME_NOMINAL_NAO_INFORMADO","V2-019","CLASSIFIED","constraint nomeada no DDL","YES","retirar junto com a tabela legada; não preservar constraint física ou semântica obsoleta"
"constraint","019_criar_tabela_etl_invalid_records:DF_etl_invalid_records_created_at","database/tabelas/019_criar_tabela_etl_invalid_records.sql","DEFAULT","SUBSTITUTE","constraint V2 com teste positivo/negativo e cardinalidade provada","PLATAFORMA_DE_DADOS_E_OWNER_DO_DOMINIO","TIME_NOMINAL_NAO_INFORMADO","V2-009d/vertical-dona","CLASSIFIED","constraint nomeada no DDL","YES","default/check comprovado pode ser preservado semanticamente; DDL é redesenhado"
"constraint","019_criar_tabela_etl_invalid_records:INLINE_PK:id","database/tabelas/019_criar_tabela_etl_invalid_records.sql","PRIMARY_KEY_INLINE","SUBSTITUTE","identity/PK V2 provada","PLATAFORMA_DE_DADOS_E_OWNER_DO_DOMINIO","TIME_NOMINAL_NAO_INFORMADO","V2-009d/vertical-dona","CLASSIFIED","definição inline no DDL","YES","chave física legada não é prova automática de identidade canônica"
"constraint","020_criar_tabela_inventario:DF_inventario_excluido_na_origem","database/tabelas/020_criar_tabela_inventario.sql","DEFAULT","SUBSTITUTE","constraint V2 com teste positivo/negativo e cardinalidade provada","PLATAFORMA_DE_DADOS_E_OWNER_DO_DOMINIO","TIME_NOMINAL_NAO_INFORMADO","V2-009d/vertical-dona","CLASSIFIED","constraint nomeada no DDL","YES","default/check comprovado pode ser preservado semanticamente; DDL é redesenhado"
"constraint","020_criar_tabela_inventario:DF_inventario_flag_comprovante_anexado","database/tabelas/020_criar_tabela_inventario.sql","DEFAULT","SUBSTITUTE","constraint V2 com teste positivo/negativo e cardinalidade provada","PLATAFORMA_DE_DADOS_E_OWNER_DO_DOMINIO","TIME_NOMINAL_NAO_INFORMADO","V2-009d/vertical-dona","CLASSIFIED","constraint nomeada no DDL","YES","default/check comprovado pode ser preservado semanticamente; DDL é redesenhado"
"constraint","020_criar_tabela_inventario:INLINE_DEFAULT:data_extracao","database/tabelas/020_criar_tabela_inventario.sql","DEFAULT_INLINE","SUBSTITUTE","constraint V2 com semântica, cardinalidade e testes explícitos","PLATAFORMA_DE_DADOS_E_OWNER_DO_DOMINIO","TIME_NOMINAL_NAO_INFORMADO","V2-009d/vertical-dona","CLASSIFIED","definição inline no CREATE TABLE","YES","constraint física legada é evidência, não default automático"
"constraint","020_criar_tabela_inventario:INLINE_PK:identificador_unico","database/tabelas/020_criar_tabela_inventario.sql","PRIMARY_KEY_INLINE","SUBSTITUTE","identity/PK V2 provada","PLATAFORMA_DE_DADOS_E_OWNER_DO_DOMINIO","TIME_NOMINAL_NAO_INFORMADO","V2-009d/vertical-dona","CLASSIFIED","definição inline no DDL","YES","chave física legada não é prova automática de identidade canônica"
"constraint","021_criar_tabela_sinistros:DF_sinistros_excluido_na_origem","database/tabelas/021_criar_tabela_sinistros.sql","DEFAULT","SUBSTITUTE","constraint V2 com teste positivo/negativo e cardinalidade provada","PLATAFORMA_DE_DADOS_E_OWNER_DO_DOMINIO","TIME_NOMINAL_NAO_INFORMADO","V2-009d/vertical-dona","CLASSIFIED","constraint nomeada no DDL","YES","default/check comprovado pode ser preservado semanticamente; DDL é redesenhado"
"constraint","021_criar_tabela_sinistros:INLINE_DEFAULT:data_extracao","database/tabelas/021_criar_tabela_sinistros.sql","DEFAULT_INLINE","SUBSTITUTE","constraint V2 com semântica, cardinalidade e testes explícitos","PLATAFORMA_DE_DADOS_E_OWNER_DO_DOMINIO","TIME_NOMINAL_NAO_INFORMADO","V2-009d/vertical-dona","CLASSIFIED","definição inline no CREATE TABLE","YES","constraint física legada é evidência, não default automático"
"constraint","021_criar_tabela_sinistros:INLINE_PK:identificador_unico","database/tabelas/021_criar_tabela_sinistros.sql","PRIMARY_KEY_INLINE","SUBSTITUTE","identity/PK V2 provada","PLATAFORMA_DE_DADOS_E_OWNER_DO_DOMINIO","TIME_NOMINAL_NAO_INFORMADO","V2-009d/vertical-dona","CLASSIFIED","definição inline no DDL","YES","chave física legada não é prova automática de identidade canônica"
"constraint","022_criar_tabela_sys_replay_idempotency:DF_sys_replay_idempotency_api","database/tabelas/022_criar_tabela_sys_replay_idempotency.sql","DEFAULT","SUBSTITUTE","constraint V2 com teste positivo/negativo e cardinalidade provada","PLATAFORMA_DE_DADOS_E_OWNER_DO_DOMINIO","TIME_NOMINAL_NAO_INFORMADO","V2-009d/vertical-dona","CLASSIFIED","constraint nomeada no DDL","YES","default/check comprovado pode ser preservado semanticamente; DDL é redesenhado"
"constraint","022_criar_tabela_sys_replay_idempotency:DF_sys_replay_idempotency_entidade","database/tabelas/022_criar_tabela_sys_replay_idempotency.sql","DEFAULT","SUBSTITUTE","constraint V2 com teste positivo/negativo e cardinalidade provada","PLATAFORMA_DE_DADOS_E_OWNER_DO_DOMINIO","TIME_NOMINAL_NAO_INFORMADO","V2-009d/vertical-dona","CLASSIFIED","constraint nomeada no DDL","YES","default/check comprovado pode ser preservado semanticamente; DDL é redesenhado"
"constraint","022_criar_tabela_sys_replay_idempotency:DF_sys_replay_idempotency_modo","database/tabelas/022_criar_tabela_sys_replay_idempotency.sql","DEFAULT","SUBSTITUTE","constraint V2 com teste positivo/negativo e cardinalidade provada","PLATAFORMA_DE_DADOS_E_OWNER_DO_DOMINIO","TIME_NOMINAL_NAO_INFORMADO","V2-009d/vertical-dona","CLASSIFIED","constraint nomeada no DDL","YES","default/check comprovado pode ser preservado semanticamente; DDL é redesenhado"
"constraint","022_criar_tabela_sys_replay_idempotency:DF_sys_replay_idempotency_updated_at","database/tabelas/022_criar_tabela_sys_replay_idempotency.sql","DEFAULT","SUBSTITUTE","constraint V2 com teste positivo/negativo e cardinalidade provada","PLATAFORMA_DE_DADOS_E_OWNER_DO_DOMINIO","TIME_NOMINAL_NAO_INFORMADO","V2-009d/vertical-dona","CLASSIFIED","constraint nomeada no DDL","YES","default/check comprovado pode ser preservado semanticamente; DDL é redesenhado"
"constraint","022_criar_tabela_sys_replay_idempotency:PK_sys_replay_idempotency","database/tabelas/022_criar_tabela_sys_replay_idempotency.sql","PRIMARY_KEY","SUBSTITUTE","constraint V2 com teste positivo/negativo e cardinalidade provada","PLATAFORMA_DE_DADOS_E_OWNER_DO_DOMINIO","TIME_NOMINAL_NAO_INFORMADO","V2-009d/vertical-dona","CLASSIFIED","constraint nomeada no DDL","YES","default/check comprovado pode ser preservado semanticamente; DDL é redesenhado"
"constraint","023_criar_tabela_sys_reconciliation_quarantine:DF_sys_reconciliation_quarantine_absence_hits","database/tabelas/023_criar_tabela_sys_reconciliation_quarantine.sql","DEFAULT","SUBSTITUTE","constraint V2 com teste positivo/negativo e cardinalidade provada","PLATAFORMA_DE_DADOS_E_OWNER_DO_DOMINIO","TIME_NOMINAL_NAO_INFORMADO","V2-009d/vertical-dona","CLASSIFIED","constraint nomeada no DDL","YES","default/check comprovado pode ser preservado semanticamente; DDL é redesenhado"
"constraint","023_criar_tabela_sys_reconciliation_quarantine:DF_sys_reconciliation_quarantine_updated_at","database/tabelas/023_criar_tabela_sys_reconciliation_quarantine.sql","DEFAULT","SUBSTITUTE","constraint V2 com teste positivo/negativo e cardinalidade provada","PLATAFORMA_DE_DADOS_E_OWNER_DO_DOMINIO","TIME_NOMINAL_NAO_INFORMADO","V2-009d/vertical-dona","CLASSIFIED","constraint nomeada no DDL","YES","default/check comprovado pode ser preservado semanticamente; DDL é redesenhado"
"constraint","023_criar_tabela_sys_reconciliation_quarantine:PK_sys_reconciliation_quarantine","database/tabelas/023_criar_tabela_sys_reconciliation_quarantine.sql","PRIMARY_KEY","SUBSTITUTE","constraint V2 com teste positivo/negativo e cardinalidade provada","PLATAFORMA_DE_DADOS_E_OWNER_DO_DOMINIO","TIME_NOMINAL_NAO_INFORMADO","V2-009d/vertical-dona","CLASSIFIED","constraint nomeada no DDL","YES","default/check comprovado pode ser preservado semanticamente; DDL é redesenhado"
"constraint","024_criar_tabela_raster_viagens:DF_raster_viagens_data_extracao","database/tabelas/024_criar_tabela_raster_viagens.sql","DEFAULT","CONDITIONAL","constraint V2 com teste positivo/negativo e cardinalidade provada","PLATAFORMA_DE_DADOS_E_OWNER_DO_DOMINIO","TIME_NOMINAL_NAO_INFORMADO","V2-034a/V2-034b","CLASSIFIED","constraint nomeada no DDL","YES","default/check comprovado pode ser preservado semanticamente; DDL é redesenhado"
"constraint","024_criar_tabela_raster_viagens:DF_raster_viagens_excluido_na_origem","database/tabelas/024_criar_tabela_raster_viagens.sql","DEFAULT","CONDITIONAL","constraint V2 com teste positivo/negativo e cardinalidade provada","PLATAFORMA_DE_DADOS_E_OWNER_DO_DOMINIO","TIME_NOMINAL_NAO_INFORMADO","V2-034a/V2-034b","CLASSIFIED","constraint nomeada no DDL","YES","default/check comprovado pode ser preservado semanticamente; DDL é redesenhado"
"constraint","024_criar_tabela_raster_viagens:INLINE_PK:cod_solicitacao","database/tabelas/024_criar_tabela_raster_viagens.sql","PRIMARY_KEY_INLINE","CONDITIONAL","identity/PK V2 provada","PLATAFORMA_DE_DADOS_E_OWNER_DO_DOMINIO","TIME_NOMINAL_NAO_INFORMADO","V2-009d/vertical-dona","CLASSIFIED","definição inline no DDL","YES","chave física legada não é prova automática de identidade canônica"
"constraint","025_criar_tabela_raster_viagem_paradas:DF_raster_viagem_paradas_data_extracao","database/tabelas/025_criar_tabela_raster_viagem_paradas.sql","DEFAULT","CONDITIONAL","constraint V2 com teste positivo/negativo e cardinalidade provada","PLATAFORMA_DE_DADOS_E_OWNER_DO_DOMINIO","TIME_NOMINAL_NAO_INFORMADO","V2-034a/V2-034b","CLASSIFIED","constraint nomeada no DDL","YES","default/check comprovado pode ser preservado semanticamente; DDL é redesenhado"
"constraint","025_criar_tabela_raster_viagem_paradas:DF_raster_viagem_paradas_excluido_na_origem","database/tabelas/025_criar_tabela_raster_viagem_paradas.sql","DEFAULT","CONDITIONAL","constraint V2 com teste positivo/negativo e cardinalidade provada","PLATAFORMA_DE_DADOS_E_OWNER_DO_DOMINIO","TIME_NOMINAL_NAO_INFORMADO","V2-034a/V2-034b","CLASSIFIED","constraint nomeada no DDL","YES","default/check comprovado pode ser preservado semanticamente; DDL é redesenhado"
"constraint","025_criar_tabela_raster_viagem_paradas:FK_raster_viagem_paradas_viagens","database/tabelas/025_criar_tabela_raster_viagem_paradas.sql","FOREIGN_KEY","CONDITIONAL","constraint V2 com teste positivo/negativo e cardinalidade provada","PLATAFORMA_DE_DADOS_E_OWNER_DO_DOMINIO","TIME_NOMINAL_NAO_INFORMADO","V2-034a/V2-034b","CLASSIFIED","constraint nomeada no DDL","YES","default/check comprovado pode ser preservado semanticamente; DDL é redesenhado"
"constraint","025_criar_tabela_raster_viagem_paradas:PK_raster_viagem_paradas","database/tabelas/025_criar_tabela_raster_viagem_paradas.sql","PRIMARY_KEY","CONDITIONAL","constraint V2 com teste positivo/negativo e cardinalidade provada","PLATAFORMA_DE_DADOS_E_OWNER_DO_DOMINIO","TIME_NOMINAL_NAO_INFORMADO","V2-034a/V2-034b","CLASSIFIED","constraint nomeada no DDL","YES","default/check comprovado pode ser preservado semanticamente; DDL é redesenhado"
"constraint","026_criar_tabela_localizacao_cargas_regiao_destino_alias:DF_localizacao_regiao_alias_ativo","database/tabelas/026_criar_tabela_localizacao_cargas_regiao_destino_alias.sql","DEFAULT","SUBSTITUTE","constraint V2 com teste positivo/negativo e cardinalidade provada","PLATAFORMA_DE_DADOS_E_OWNER_DO_DOMINIO","TIME_NOMINAL_NAO_INFORMADO","V2-009d/vertical-dona","CLASSIFIED","constraint nomeada no DDL","YES","default/check comprovado pode ser preservado semanticamente; DDL é redesenhado"
"constraint","026_criar_tabela_localizacao_cargas_regiao_destino_alias:DF_localizacao_regiao_alias_atualizado","database/tabelas/026_criar_tabela_localizacao_cargas_regiao_destino_alias.sql","DEFAULT","SUBSTITUTE","constraint V2 com teste positivo/negativo e cardinalidade provada","PLATAFORMA_DE_DADOS_E_OWNER_DO_DOMINIO","TIME_NOMINAL_NAO_INFORMADO","V2-009d/vertical-dona","CLASSIFIED","constraint nomeada no DDL","YES","default/check comprovado pode ser preservado semanticamente; DDL é redesenhado"
"constraint","026_criar_tabela_localizacao_cargas_regiao_destino_alias:DF_localizacao_regiao_alias_criado","database/tabelas/026_criar_tabela_localizacao_cargas_regiao_destino_alias.sql","DEFAULT","SUBSTITUTE","constraint V2 com teste positivo/negativo e cardinalidade provada","PLATAFORMA_DE_DADOS_E_OWNER_DO_DOMINIO","TIME_NOMINAL_NAO_INFORMADO","V2-009d/vertical-dona","CLASSIFIED","constraint nomeada no DDL","YES","default/check comprovado pode ser preservado semanticamente; DDL é redesenhado"
"constraint","026_criar_tabela_localizacao_cargas_regiao_destino_alias:PK_localizacao_regiao_alias","database/tabelas/026_criar_tabela_localizacao_cargas_regiao_destino_alias.sql","PRIMARY_KEY","SUBSTITUTE","constraint V2 com teste positivo/negativo e cardinalidade provada","PLATAFORMA_DE_DADOS_E_OWNER_DO_DOMINIO","TIME_NOMINAL_NAO_INFORMADO","V2-009d/vertical-dona","CLASSIFIED","constraint nomeada no DDL","YES","default/check comprovado pode ser preservado semanticamente; DDL é redesenhado"
"constraint","027_criar_tabela_manifestos_frota_propria_cnpjs:DF_manifestos_frota_propria_cnpjs_ativo","database/tabelas/027_criar_tabela_manifestos_frota_propria_cnpjs.sql","DEFAULT","SUBSTITUTE","constraint V2 com teste positivo/negativo e cardinalidade provada","PLATAFORMA_DE_DADOS_E_OWNER_DO_DOMINIO","TIME_NOMINAL_NAO_INFORMADO","V2-009d/vertical-dona","CLASSIFIED","constraint nomeada no DDL","YES","default/check comprovado pode ser preservado semanticamente; DDL é redesenhado"
"constraint","027_criar_tabela_manifestos_frota_propria_cnpjs:DF_manifestos_frota_propria_cnpjs_atualizado_em","database/tabelas/027_criar_tabela_manifestos_frota_propria_cnpjs.sql","DEFAULT","SUBSTITUTE","constraint V2 com teste positivo/negativo e cardinalidade provada","PLATAFORMA_DE_DADOS_E_OWNER_DO_DOMINIO","TIME_NOMINAL_NAO_INFORMADO","V2-009d/vertical-dona","CLASSIFIED","constraint nomeada no DDL","YES","default/check comprovado pode ser preservado semanticamente; DDL é redesenhado"
"constraint","027_criar_tabela_manifestos_frota_propria_cnpjs:DF_manifestos_frota_propria_cnpjs_criado_em","database/tabelas/027_criar_tabela_manifestos_frota_propria_cnpjs.sql","DEFAULT","SUBSTITUTE","constraint V2 com teste positivo/negativo e cardinalidade provada","PLATAFORMA_DE_DADOS_E_OWNER_DO_DOMINIO","TIME_NOMINAL_NAO_INFORMADO","V2-009d/vertical-dona","CLASSIFIED","constraint nomeada no DDL","YES","default/check comprovado pode ser preservado semanticamente; DDL é redesenhado"
"constraint","027_criar_tabela_manifestos_frota_propria_cnpjs:PK_manifestos_frota_propria_cnpjs","database/tabelas/027_criar_tabela_manifestos_frota_propria_cnpjs.sql","PRIMARY_KEY","SUBSTITUTE","constraint V2 com teste positivo/negativo e cardinalidade provada","PLATAFORMA_DE_DADOS_E_OWNER_DO_DOMINIO","TIME_NOMINAL_NAO_INFORMADO","V2-009d/vertical-dona","CLASSIFIED","constraint nomeada no DDL","YES","default/check comprovado pode ser preservado semanticamente; DDL é redesenhado"
"constraint","028_criar_tabela_fato_gestao_vista_fretes:CK_fato_gv_fretes_data_referencia_cb","database/tabelas/028_criar_tabela_fato_gestao_vista_fretes.sql","CHECK","SUBSTITUTE","constraint V2 com teste positivo/negativo e cardinalidade provada","PLATAFORMA_DE_DADOS_E_OWNER_DO_DOMINIO","TIME_NOMINAL_NAO_INFORMADO","V2-009d/vertical-dona","CLASSIFIED","constraint nomeada no DDL","YES","default/check comprovado pode ser preservado semanticamente; DDL é redesenhado"
"constraint","028_criar_tabela_fato_gestao_vista_fretes:CK_fato_gv_fretes_data_referencia_pe","database/tabelas/028_criar_tabela_fato_gestao_vista_fretes.sql","CHECK","SUBSTITUTE","constraint V2 com teste positivo/negativo e cardinalidade provada","PLATAFORMA_DE_DADOS_E_OWNER_DO_DOMINIO","TIME_NOMINAL_NAO_INFORMADO","V2-009d/vertical-dona","CLASSIFIED","constraint nomeada no DDL","YES","default/check comprovado pode ser preservado semanticamente; DDL é redesenhado"
"constraint","028_criar_tabela_fato_gestao_vista_fretes:CK_fato_gv_fretes_indicador","database/tabelas/028_criar_tabela_fato_gestao_vista_fretes.sql","CHECK","SUBSTITUTE","constraint V2 com teste positivo/negativo e cardinalidade provada","PLATAFORMA_DE_DADOS_E_OWNER_DO_DOMINIO","TIME_NOMINAL_NAO_INFORMADO","V2-009d/vertical-dona","CLASSIFIED","constraint nomeada no DDL","YES","default/check comprovado pode ser preservado semanticamente; DDL é redesenhado"
"constraint","028_criar_tabela_fato_gestao_vista_fretes:CK_fato_gv_fretes_status_performance","database/tabelas/028_criar_tabela_fato_gestao_vista_fretes.sql","CHECK","SUBSTITUTE","constraint V2 com teste positivo/negativo e cardinalidade provada","PLATAFORMA_DE_DADOS_E_OWNER_DO_DOMINIO","TIME_NOMINAL_NAO_INFORMADO","V2-009d/vertical-dona","CLASSIFIED","constraint nomeada no DDL","YES","default/check comprovado pode ser preservado semanticamente; DDL é redesenhado"
"constraint","028_criar_tabela_fato_gestao_vista_fretes:DF_fato_gv_fretes_excluido_na_origem","database/tabelas/028_criar_tabela_fato_gestao_vista_fretes.sql","DEFAULT","SUBSTITUTE","constraint V2 com teste positivo/negativo e cardinalidade provada","PLATAFORMA_DE_DADOS_E_OWNER_DO_DOMINIO","TIME_NOMINAL_NAO_INFORMADO","V2-009d/vertical-dona","CLASSIFIED","constraint nomeada no DDL","YES","default/check comprovado pode ser preservado semanticamente; DDL é redesenhado"
"constraint","028_criar_tabela_fato_gestao_vista_fretes:DF_fato_gv_fretes_is_cancelado","database/tabelas/028_criar_tabela_fato_gestao_vista_fretes.sql","DEFAULT","SUBSTITUTE","constraint V2 com teste positivo/negativo e cardinalidade provada","PLATAFORMA_DE_DADOS_E_OWNER_DO_DOMINIO","TIME_NOMINAL_NAO_INFORMADO","V2-009d/vertical-dona","CLASSIFIED","constraint nomeada no DDL","YES","default/check comprovado pode ser preservado semanticamente; DDL é redesenhado"
"constraint","028_criar_tabela_fato_gestao_vista_fretes:DF_fato_gv_fretes_is_cortesia","database/tabelas/028_criar_tabela_fato_gestao_vista_fretes.sql","DEFAULT","SUBSTITUTE","constraint V2 com teste positivo/negativo e cardinalidade provada","PLATAFORMA_DE_DADOS_E_OWNER_DO_DOMINIO","TIME_NOMINAL_NAO_INFORMADO","V2-009d/vertical-dona","CLASSIFIED","constraint nomeada no DDL","YES","default/check comprovado pode ser preservado semanticamente; DDL é redesenhado"
"constraint","028_criar_tabela_fato_gestao_vista_fretes:DF_fato_gv_fretes_is_cubado","database/tabelas/028_criar_tabela_fato_gestao_vista_fretes.sql","DEFAULT","SUBSTITUTE","constraint V2 com teste positivo/negativo e cardinalidade provada","PLATAFORMA_DE_DADOS_E_OWNER_DO_DOMINIO","TIME_NOMINAL_NAO_INFORMADO","V2-009d/vertical-dona","CLASSIFIED","constraint nomeada no DDL","YES","default/check comprovado pode ser preservado semanticamente; DDL é redesenhado"
"constraint","028_criar_tabela_fato_gestao_vista_fretes:DF_fato_gv_fretes_is_doc_emitido","database/tabelas/028_criar_tabela_fato_gestao_vista_fretes.sql","DEFAULT","SUBSTITUTE","constraint V2 com teste positivo/negativo e cardinalidade provada","PLATAFORMA_DE_DADOS_E_OWNER_DO_DOMINIO","TIME_NOMINAL_NAO_INFORMADO","V2-009d/vertical-dona","CLASSIFIED","constraint nomeada no DDL","YES","default/check comprovado pode ser preservado semanticamente; DDL é redesenhado"
"constraint","028_criar_tabela_fato_gestao_vista_fretes:DF_fato_gv_fretes_is_eleg_operacional","database/tabelas/028_criar_tabela_fato_gestao_vista_fretes.sql","DEFAULT","SUBSTITUTE","constraint V2 com teste positivo/negativo e cardinalidade provada","PLATAFORMA_DE_DADOS_E_OWNER_DO_DOMINIO","TIME_NOMINAL_NAO_INFORMADO","V2-009d/vertical-dona","CLASSIFIED","constraint nomeada no DDL","YES","default/check comprovado pode ser preservado semanticamente; DDL é redesenhado"
"constraint","028_criar_tabela_fato_gestao_vista_fretes:DF_fato_gv_fretes_is_eleg_valor","database/tabelas/028_criar_tabela_fato_gestao_vista_fretes.sql","DEFAULT","SUBSTITUTE","constraint V2 com teste positivo/negativo e cardinalidade provada","PLATAFORMA_DE_DADOS_E_OWNER_DO_DOMINIO","TIME_NOMINAL_NAO_INFORMADO","V2-009d/vertical-dona","CLASSIFIED","constraint nomeada no DDL","YES","default/check comprovado pode ser preservado semanticamente; DDL é redesenhado"
"constraint","028_criar_tabela_fato_gestao_vista_fretes:DF_fato_gv_fretes_is_fora_prazo","database/tabelas/028_criar_tabela_fato_gestao_vista_fretes.sql","DEFAULT","SUBSTITUTE","constraint V2 com teste positivo/negativo e cardinalidade provada","PLATAFORMA_DE_DADOS_E_OWNER_DO_DOMINIO","TIME_NOMINAL_NAO_INFORMADO","V2-009d/vertical-dona","CLASSIFIED","constraint nomeada no DDL","YES","default/check comprovado pode ser preservado semanticamente; DDL é redesenhado"
"constraint","028_criar_tabela_fato_gestao_vista_fretes:DF_fato_gv_fretes_is_linha_valida","database/tabelas/028_criar_tabela_fato_gestao_vista_fretes.sql","DEFAULT","SUBSTITUTE","constraint V2 com teste positivo/negativo e cardinalidade provada","PLATAFORMA_DE_DADOS_E_OWNER_DO_DOMINIO","TIME_NOMINAL_NAO_INFORMADO","V2-009d/vertical-dona","CLASSIFIED","constraint nomeada no DDL","YES","default/check comprovado pode ser preservado semanticamente; DDL é redesenhado"
"constraint","028_criar_tabela_fato_gestao_vista_fretes:DF_fato_gv_fretes_is_no_prazo","database/tabelas/028_criar_tabela_fato_gestao_vista_fretes.sql","DEFAULT","SUBSTITUTE","constraint V2 com teste positivo/negativo e cardinalidade provada","PLATAFORMA_DE_DADOS_E_OWNER_DO_DOMINIO","TIME_NOMINAL_NAO_INFORMADO","V2-009d/vertical-dona","CLASSIFIED","constraint nomeada no DDL","YES","default/check comprovado pode ser preservado semanticamente; DDL é redesenhado"
"constraint","028_criar_tabela_fato_gestao_vista_fretes:DF_fato_gv_fretes_is_pagador_exc_cubagem","database/tabelas/028_criar_tabela_fato_gestao_vista_fretes.sql","DEFAULT","SUBSTITUTE","constraint V2 com teste positivo/negativo e cardinalidade provada","PLATAFORMA_DE_DADOS_E_OWNER_DO_DOMINIO","TIME_NOMINAL_NAO_INFORMADO","V2-009d/vertical-dona","CLASSIFIED","constraint nomeada no DDL","YES","default/check comprovado pode ser preservado semanticamente; DDL é redesenhado"
"constraint","028_criar_tabela_fato_gestao_vista_fretes:DF_fato_gv_fretes_is_peso_real","database/tabelas/028_criar_tabela_fato_gestao_vista_fretes.sql","DEFAULT","SUBSTITUTE","constraint V2 com teste positivo/negativo e cardinalidade provada","PLATAFORMA_DE_DADOS_E_OWNER_DO_DOMINIO","TIME_NOMINAL_NAO_INFORMADO","V2-009d/vertical-dona","CLASSIFIED","constraint nomeada no DDL","YES","default/check comprovado pode ser preservado semanticamente; DDL é redesenhado"
"constraint","028_criar_tabela_fato_gestao_vista_fretes:DF_fato_gv_fretes_snapshot_em","database/tabelas/028_criar_tabela_fato_gestao_vista_fretes.sql","DEFAULT","SUBSTITUTE","constraint V2 com teste positivo/negativo e cardinalidade provada","PLATAFORMA_DE_DADOS_E_OWNER_DO_DOMINIO","TIME_NOMINAL_NAO_INFORMADO","V2-009d/vertical-dona","CLASSIFIED","constraint nomeada no DDL","YES","default/check comprovado pode ser preservado semanticamente; DDL é redesenhado"
"constraint","029_criar_tabela_fato_gestao_vista_coletores:CK_fato_gv_col_incompletos","database/tabelas/029_criar_tabela_fato_gestao_vista_coletores.sql","CHECK","SUBSTITUTE","constraint V2 com teste positivo/negativo e cardinalidade provada","PLATAFORMA_DE_DADOS_E_OWNER_DO_DOMINIO","TIME_NOMINAL_NAO_INFORMADO","V2-009d/vertical-dona","CLASSIFIED","constraint nomeada no DDL","YES","default/check comprovado pode ser preservado semanticamente; DDL é redesenhado"
"constraint","029_criar_tabela_fato_gestao_vista_coletores:CK_fato_gv_col_metricas_nao_negativas","database/tabelas/029_criar_tabela_fato_gestao_vista_coletores.sql","CHECK","SUBSTITUTE","constraint V2 com teste positivo/negativo e cardinalidade provada","PLATAFORMA_DE_DADOS_E_OWNER_DO_DOMINIO","TIME_NOMINAL_NAO_INFORMADO","V2-009d/vertical-dona","CLASSIFIED","constraint nomeada no DDL","YES","default/check comprovado pode ser preservado semanticamente; DDL é redesenhado"
"constraint","029_criar_tabela_fato_gestao_vista_coletores:CK_fato_gv_col_total_manifestos","database/tabelas/029_criar_tabela_fato_gestao_vista_coletores.sql","CHECK","SUBSTITUTE","constraint V2 com teste positivo/negativo e cardinalidade provada","PLATAFORMA_DE_DADOS_E_OWNER_DO_DOMINIO","TIME_NOMINAL_NAO_INFORMADO","V2-009d/vertical-dona","CLASSIFIED","constraint nomeada no DDL","YES","default/check comprovado pode ser preservado semanticamente; DDL é redesenhado"
"constraint","029_criar_tabela_fato_gestao_vista_coletores:DF_fato_gv_col_excluido_na_origem","database/tabelas/029_criar_tabela_fato_gestao_vista_coletores.sql","DEFAULT","SUBSTITUTE","constraint V2 com teste positivo/negativo e cardinalidade provada","PLATAFORMA_DE_DADOS_E_OWNER_DO_DOMINIO","TIME_NOMINAL_NAO_INFORMADO","V2-009d/vertical-dona","CLASSIFIED","constraint nomeada no DDL","YES","default/check comprovado pode ser preservado semanticamente; DDL é redesenhado"
"constraint","029_criar_tabela_fato_gestao_vista_coletores:DF_fato_gv_col_is_filial_operacional","database/tabelas/029_criar_tabela_fato_gestao_vista_coletores.sql","DEFAULT","SUBSTITUTE","constraint V2 com teste positivo/negativo e cardinalidade provada","PLATAFORMA_DE_DADOS_E_OWNER_DO_DOMINIO","TIME_NOMINAL_NAO_INFORMADO","V2-009d/vertical-dona","CLASSIFIED","constraint nomeada no DDL","YES","default/check comprovado pode ser preservado semanticamente; DDL é redesenhado"
"constraint","029_criar_tabela_fato_gestao_vista_coletores:DF_fato_gv_col_is_linha_valida","database/tabelas/029_criar_tabela_fato_gestao_vista_coletores.sql","DEFAULT","SUBSTITUTE","constraint V2 com teste positivo/negativo e cardinalidade provada","PLATAFORMA_DE_DADOS_E_OWNER_DO_DOMINIO","TIME_NOMINAL_NAO_INFORMADO","V2-009d/vertical-dona","CLASSIFIED","constraint nomeada no DDL","YES","default/check comprovado pode ser preservado semanticamente; DDL é redesenhado"
"constraint","029_criar_tabela_fato_gestao_vista_coletores:DF_fato_gv_col_manifestos_bipados","database/tabelas/029_criar_tabela_fato_gestao_vista_coletores.sql","DEFAULT","SUBSTITUTE","constraint V2 com teste positivo/negativo e cardinalidade provada","PLATAFORMA_DE_DADOS_E_OWNER_DO_DOMINIO","TIME_NOMINAL_NAO_INFORMADO","V2-009d/vertical-dona","CLASSIFIED","constraint nomeada no DDL","YES","default/check comprovado pode ser preservado semanticamente; DDL é redesenhado"
"constraint","029_criar_tabela_fato_gestao_vista_coletores:DF_fato_gv_col_manifestos_desc","database/tabelas/029_criar_tabela_fato_gestao_vista_coletores.sql","DEFAULT","SUBSTITUTE","constraint V2 com teste positivo/negativo e cardinalidade provada","PLATAFORMA_DE_DADOS_E_OWNER_DO_DOMINIO","TIME_NOMINAL_NAO_INFORMADO","V2-009d/vertical-dona","CLASSIFIED","constraint nomeada no DDL","YES","default/check comprovado pode ser preservado semanticamente; DDL é redesenhado"
"constraint","029_criar_tabela_fato_gestao_vista_coletores:DF_fato_gv_col_manifestos_emitidos","database/tabelas/029_criar_tabela_fato_gestao_vista_coletores.sql","DEFAULT","SUBSTITUTE","constraint V2 com teste positivo/negativo e cardinalidade provada","PLATAFORMA_DE_DADOS_E_OWNER_DO_DOMINIO","TIME_NOMINAL_NAO_INFORMADO","V2-009d/vertical-dona","CLASSIFIED","constraint nomeada no DDL","YES","default/check comprovado pode ser preservado semanticamente; DDL é redesenhado"
"constraint","029_criar_tabela_fato_gestao_vista_coletores:DF_fato_gv_col_manifestos_incomp","database/tabelas/029_criar_tabela_fato_gestao_vista_coletores.sql","DEFAULT","SUBSTITUTE","constraint V2 com teste positivo/negativo e cardinalidade provada","PLATAFORMA_DE_DADOS_E_OWNER_DO_DOMINIO","TIME_NOMINAL_NAO_INFORMADO","V2-009d/vertical-dona","CLASSIFIED","constraint nomeada no DDL","YES","default/check comprovado pode ser preservado semanticamente; DDL é redesenhado"
"constraint","029_criar_tabela_fato_gestao_vista_coletores:DF_fato_gv_col_pct_utilizacao","database/tabelas/029_criar_tabela_fato_gestao_vista_coletores.sql","DEFAULT","SUBSTITUTE","constraint V2 com teste positivo/negativo e cardinalidade provada","PLATAFORMA_DE_DADOS_E_OWNER_DO_DOMINIO","TIME_NOMINAL_NAO_INFORMADO","V2-009d/vertical-dona","CLASSIFIED","constraint nomeada no DDL","YES","default/check comprovado pode ser preservado semanticamente; DDL é redesenhado"
"constraint","029_criar_tabela_fato_gestao_vista_coletores:DF_fato_gv_col_snapshot_em","database/tabelas/029_criar_tabela_fato_gestao_vista_coletores.sql","DEFAULT","SUBSTITUTE","constraint V2 com teste positivo/negativo e cardinalidade provada","PLATAFORMA_DE_DADOS_E_OWNER_DO_DOMINIO","TIME_NOMINAL_NAO_INFORMADO","V2-009d/vertical-dona","CLASSIFIED","constraint nomeada no DDL","YES","default/check comprovado pode ser preservado semanticamente; DDL é redesenhado"
"constraint","029_criar_tabela_fato_gestao_vista_coletores:DF_fato_gv_col_tem_bipaveis","database/tabelas/029_criar_tabela_fato_gestao_vista_coletores.sql","DEFAULT","SUBSTITUTE","constraint V2 com teste positivo/negativo e cardinalidade provada","PLATAFORMA_DE_DADOS_E_OWNER_DO_DOMINIO","TIME_NOMINAL_NAO_INFORMADO","V2-009d/vertical-dona","CLASSIFIED","constraint nomeada no DDL","YES","default/check comprovado pode ser preservado semanticamente; DDL é redesenhado"
"constraint","029_criar_tabela_fato_gestao_vista_coletores:DF_fato_gv_col_tem_ordens","database/tabelas/029_criar_tabela_fato_gestao_vista_coletores.sql","DEFAULT","SUBSTITUTE","constraint V2 com teste positivo/negativo e cardinalidade provada","PLATAFORMA_DE_DADOS_E_OWNER_DO_DOMINIO","TIME_NOMINAL_NAO_INFORMADO","V2-009d/vertical-dona","CLASSIFIED","constraint nomeada no DDL","YES","default/check comprovado pode ser preservado semanticamente; DDL é redesenhado"
"constraint","029_criar_tabela_fato_gestao_vista_coletores:DF_fato_gv_col_total_manifestos","database/tabelas/029_criar_tabela_fato_gestao_vista_coletores.sql","DEFAULT","SUBSTITUTE","constraint V2 com teste positivo/negativo e cardinalidade provada","PLATAFORMA_DE_DADOS_E_OWNER_DO_DOMINIO","TIME_NOMINAL_NAO_INFORMADO","V2-009d/vertical-dona","CLASSIFIED","constraint nomeada no DDL","YES","default/check comprovado pode ser preservado semanticamente; DDL é redesenhado"
"constraint","030_criar_tabela_fato_fretes_faturamento:CK_fato_ff_cte_cancelado_sem_receita","database/tabelas/030_criar_tabela_fato_fretes_faturamento.sql","CHECK","SUBSTITUTE","constraint V2 com teste positivo/negativo e cardinalidade provada","PLATAFORMA_DE_DADOS_E_OWNER_DO_DOMINIO","TIME_NOMINAL_NAO_INFORMADO","V2-009d/vertical-dona","CLASSIFIED","constraint nomeada no DDL","YES","default/check comprovado pode ser preservado semanticamente; DDL é redesenhado"
"constraint","030_criar_tabela_fato_fretes_faturamento:CK_fato_ff_inelegivel_sem_receita","database/tabelas/030_criar_tabela_fato_fretes_faturamento.sql","CHECK","SUBSTITUTE","constraint V2 com teste positivo/negativo e cardinalidade provada","PLATAFORMA_DE_DADOS_E_OWNER_DO_DOMINIO","TIME_NOMINAL_NAO_INFORMADO","V2-009d/vertical-dona","CLASSIFIED","constraint nomeada no DDL","YES","default/check comprovado pode ser preservado semanticamente; DDL é redesenhado"
"constraint","030_criar_tabela_fato_fretes_faturamento:CK_fato_ff_yyyymm","database/tabelas/030_criar_tabela_fato_fretes_faturamento.sql","CHECK","SUBSTITUTE","constraint V2 com teste positivo/negativo e cardinalidade provada","PLATAFORMA_DE_DADOS_E_OWNER_DO_DOMINIO","TIME_NOMINAL_NAO_INFORMADO","V2-009d/vertical-dona","CLASSIFIED","constraint nomeada no DDL","YES","default/check comprovado pode ser preservado semanticamente; DDL é redesenhado"
"constraint","030_criar_tabela_fato_fretes_faturamento:DF_fato_ff_excluido_na_origem","database/tabelas/030_criar_tabela_fato_fretes_faturamento.sql","DEFAULT","SUBSTITUTE","constraint V2 com teste positivo/negativo e cardinalidade provada","PLATAFORMA_DE_DADOS_E_OWNER_DO_DOMINIO","TIME_NOMINAL_NAO_INFORMADO","V2-009d/vertical-dona","CLASSIFIED","constraint nomeada no DDL","YES","default/check comprovado pode ser preservado semanticamente; DDL é redesenhado"
"constraint","030_criar_tabela_fato_fretes_faturamento:DF_fato_ff_is_bloqueio","database/tabelas/030_criar_tabela_fato_fretes_faturamento.sql","DEFAULT","SUBSTITUTE","constraint V2 com teste positivo/negativo e cardinalidade provada","PLATAFORMA_DE_DADOS_E_OWNER_DO_DOMINIO","TIME_NOMINAL_NAO_INFORMADO","V2-009d/vertical-dona","CLASSIFIED","constraint nomeada no DDL","YES","default/check comprovado pode ser preservado semanticamente; DDL é redesenhado"
"constraint","030_criar_tabela_fato_fretes_faturamento:DF_fato_ff_is_cortesia","database/tabelas/030_criar_tabela_fato_fretes_faturamento.sql","DEFAULT","SUBSTITUTE","constraint V2 com teste positivo/negativo e cardinalidade provada","PLATAFORMA_DE_DADOS_E_OWNER_DO_DOMINIO","TIME_NOMINAL_NAO_INFORMADO","V2-009d/vertical-dona","CLASSIFIED","constraint nomeada no DDL","YES","default/check comprovado pode ser preservado semanticamente; DDL é redesenhado"
"constraint","030_criar_tabela_fato_fretes_faturamento:DF_fato_ff_is_cte_cancelado","database/tabelas/030_criar_tabela_fato_fretes_faturamento.sql","DEFAULT","SUBSTITUTE","constraint V2 com teste positivo/negativo e cardinalidade provada","PLATAFORMA_DE_DADOS_E_OWNER_DO_DOMINIO","TIME_NOMINAL_NAO_INFORMADO","V2-009d/vertical-dona","CLASSIFIED","constraint nomeada no DDL","YES","default/check comprovado pode ser preservado semanticamente; DDL é redesenhado"
"constraint","030_criar_tabela_fato_fretes_faturamento:DF_fato_ff_is_data_retroagida","database/tabelas/030_criar_tabela_fato_fretes_faturamento.sql","DEFAULT","SUBSTITUTE","constraint V2 com teste positivo/negativo e cardinalidade provada","PLATAFORMA_DE_DADOS_E_OWNER_DO_DOMINIO","TIME_NOMINAL_NAO_INFORMADO","V2-009d/vertical-dona","CLASSIFIED","constraint nomeada no DDL","YES","default/check comprovado pode ser preservado semanticamente; DDL é redesenhado"
"constraint","030_criar_tabela_fato_fretes_faturamento:DF_fato_ff_is_documento_cte","database/tabelas/030_criar_tabela_fato_fretes_faturamento.sql","DEFAULT","SUBSTITUTE","constraint V2 com teste positivo/negativo e cardinalidade provada","PLATAFORMA_DE_DADOS_E_OWNER_DO_DOMINIO","TIME_NOMINAL_NAO_INFORMADO","V2-009d/vertical-dona","CLASSIFIED","constraint nomeada no DDL","YES","default/check comprovado pode ser preservado semanticamente; DDL é redesenhado"
"constraint","030_criar_tabela_fato_fretes_faturamento:DF_fato_ff_is_eleg_faturamento","database/tabelas/030_criar_tabela_fato_fretes_faturamento.sql","DEFAULT","SUBSTITUTE","constraint V2 com teste positivo/negativo e cardinalidade provada","PLATAFORMA_DE_DADOS_E_OWNER_DO_DOMINIO","TIME_NOMINAL_NAO_INFORMADO","V2-009d/vertical-dona","CLASSIFIED","constraint nomeada no DDL","YES","default/check comprovado pode ser preservado semanticamente; DDL é redesenhado"
"constraint","030_criar_tabela_fato_fretes_faturamento:DF_fato_ff_is_eleg_origem","database/tabelas/030_criar_tabela_fato_fretes_faturamento.sql","DEFAULT","SUBSTITUTE","constraint V2 com teste positivo/negativo e cardinalidade provada","PLATAFORMA_DE_DADOS_E_OWNER_DO_DOMINIO","TIME_NOMINAL_NAO_INFORMADO","V2-009d/vertical-dona","CLASSIFIED","constraint nomeada no DDL","YES","default/check comprovado pode ser preservado semanticamente; DDL é redesenhado"
"constraint","030_criar_tabela_fato_fretes_faturamento:DF_fato_ff_receita_bruta","database/tabelas/030_criar_tabela_fato_fretes_faturamento.sql","DEFAULT","SUBSTITUTE","constraint V2 com teste positivo/negativo e cardinalidade provada","PLATAFORMA_DE_DADOS_E_OWNER_DO_DOMINIO","TIME_NOMINAL_NAO_INFORMADO","V2-009d/vertical-dona","CLASSIFIED","constraint nomeada no DDL","YES","default/check comprovado pode ser preservado semanticamente; DDL é redesenhado"
"constraint","030_criar_tabela_fato_fretes_faturamento:DF_fato_ff_receita_original","database/tabelas/030_criar_tabela_fato_fretes_faturamento.sql","DEFAULT","SUBSTITUTE","constraint V2 com teste positivo/negativo e cardinalidade provada","PLATAFORMA_DE_DADOS_E_OWNER_DO_DOMINIO","TIME_NOMINAL_NAO_INFORMADO","V2-009d/vertical-dona","CLASSIFIED","constraint nomeada no DDL","YES","default/check comprovado pode ser preservado semanticamente; DDL é redesenhado"
"constraint","030_criar_tabela_fato_fretes_faturamento:DF_fato_ff_snapshot_em","database/tabelas/030_criar_tabela_fato_fretes_faturamento.sql","DEFAULT","SUBSTITUTE","constraint V2 com teste positivo/negativo e cardinalidade provada","PLATAFORMA_DE_DADOS_E_OWNER_DO_DOMINIO","TIME_NOMINAL_NAO_INFORMADO","V2-009d/vertical-dona","CLASSIFIED","constraint nomeada no DDL","YES","default/check comprovado pode ser preservado semanticamente; DDL é redesenhado"
"constraint","030_criar_tabela_fato_fretes_faturamento:DF_fato_ff_valor_frete","database/tabelas/030_criar_tabela_fato_fretes_faturamento.sql","DEFAULT","SUBSTITUTE","constraint V2 com teste positivo/negativo e cardinalidade provada","PLATAFORMA_DE_DADOS_E_OWNER_DO_DOMINIO","TIME_NOMINAL_NAO_INFORMADO","V2-009d/vertical-dona","CLASSIFIED","constraint nomeada no DDL","YES","default/check comprovado pode ser preservado semanticamente; DDL é redesenhado"
"constraint","030_criar_tabela_fato_fretes_faturamento:DF_fato_ff_valor_frete_original","database/tabelas/030_criar_tabela_fato_fretes_faturamento.sql","DEFAULT","SUBSTITUTE","constraint V2 com teste positivo/negativo e cardinalidade provada","PLATAFORMA_DE_DADOS_E_OWNER_DO_DOMINIO","TIME_NOMINAL_NAO_INFORMADO","V2-009d/vertical-dona","CLASSIFIED","constraint nomeada no DDL","YES","default/check comprovado pode ser preservado semanticamente; DDL é redesenhado"
"constraint","031_criar_tabela_fato_gestao_vista_faturas:CK_fato_gvf_emissao_yyyymm","database/tabelas/031_criar_tabela_fato_gestao_vista_faturas.sql","CHECK","SUBSTITUTE","constraint V2 com teste positivo/negativo e cardinalidade provada","PLATAFORMA_DE_DADOS_E_OWNER_DO_DOMINIO","TIME_NOMINAL_NAO_INFORMADO","V2-009d/vertical-dona","CLASSIFIED","constraint nomeada no DDL","YES","default/check comprovado pode ser preservado semanticamente; DDL é redesenhado"
"constraint","031_criar_tabela_fato_gestao_vista_faturas:CK_fato_gvf_referencia_yyyymm","database/tabelas/031_criar_tabela_fato_gestao_vista_faturas.sql","CHECK","SUBSTITUTE","constraint V2 com teste positivo/negativo e cardinalidade provada","PLATAFORMA_DE_DADOS_E_OWNER_DO_DOMINIO","TIME_NOMINAL_NAO_INFORMADO","V2-009d/vertical-dona","CLASSIFIED","constraint nomeada no DDL","YES","default/check comprovado pode ser preservado semanticamente; DDL é redesenhado"
"constraint","031_criar_tabela_fato_gestao_vista_faturas:CK_fato_gvf_status_pagamento","database/tabelas/031_criar_tabela_fato_gestao_vista_faturas.sql","CHECK","SUBSTITUTE","constraint V2 com teste positivo/negativo e cardinalidade provada","PLATAFORMA_DE_DADOS_E_OWNER_DO_DOMINIO","TIME_NOMINAL_NAO_INFORMADO","V2-009d/vertical-dona","CLASSIFIED","constraint nomeada no DDL","YES","default/check comprovado pode ser preservado semanticamente; DDL é redesenhado"
"constraint","031_criar_tabela_fato_gestao_vista_faturas:CK_fato_gvf_status_processo","database/tabelas/031_criar_tabela_fato_gestao_vista_faturas.sql","CHECK","SUBSTITUTE","constraint V2 com teste positivo/negativo e cardinalidade provada","PLATAFORMA_DE_DADOS_E_OWNER_DO_DOMINIO","TIME_NOMINAL_NAO_INFORMADO","V2-009d/vertical-dona","CLASSIFIED","constraint nomeada no DDL","YES","default/check comprovado pode ser preservado semanticamente; DDL é redesenhado"
"constraint","031_criar_tabela_fato_gestao_vista_faturas:DF_fato_gvf_excluido_na_origem","database/tabelas/031_criar_tabela_fato_gestao_vista_faturas.sql","DEFAULT","SUBSTITUTE","constraint V2 com teste positivo/negativo e cardinalidade provada","PLATAFORMA_DE_DADOS_E_OWNER_DO_DOMINIO","TIME_NOMINAL_NAO_INFORMADO","V2-009d/vertical-dona","CLASSIFIED","constraint nomeada no DDL","YES","default/check comprovado pode ser preservado semanticamente; DDL é redesenhado"
"constraint","031_criar_tabela_fato_gestao_vista_faturas:DF_fato_gvf_snapshot_em","database/tabelas/031_criar_tabela_fato_gestao_vista_faturas.sql","DEFAULT","SUBSTITUTE","constraint V2 com teste positivo/negativo e cardinalidade provada","PLATAFORMA_DE_DADOS_E_OWNER_DO_DOMINIO","TIME_NOMINAL_NAO_INFORMADO","V2-009d/vertical-dona","CLASSIFIED","constraint nomeada no DDL","YES","default/check comprovado pode ser preservado semanticamente; DDL é redesenhado"
"constraint","031_criar_tabela_fato_gestao_vista_faturas:DF_fato_gvf_status_pagamento","database/tabelas/031_criar_tabela_fato_gestao_vista_faturas.sql","DEFAULT","SUBSTITUTE","constraint V2 com teste positivo/negativo e cardinalidade provada","PLATAFORMA_DE_DADOS_E_OWNER_DO_DOMINIO","TIME_NOMINAL_NAO_INFORMADO","V2-009d/vertical-dona","CLASSIFIED","constraint nomeada no DDL","YES","default/check comprovado pode ser preservado semanticamente; DDL é redesenhado"
"constraint","031_criar_tabela_fato_gestao_vista_faturas:DF_fato_gvf_status_processo","database/tabelas/031_criar_tabela_fato_gestao_vista_faturas.sql","DEFAULT","SUBSTITUTE","constraint V2 com teste positivo/negativo e cardinalidade provada","PLATAFORMA_DE_DADOS_E_OWNER_DO_DOMINIO","TIME_NOMINAL_NAO_INFORMADO","V2-009d/vertical-dona","CLASSIFIED","constraint nomeada no DDL","YES","default/check comprovado pode ser preservado semanticamente; DDL é redesenhado"
"constraint","031_criar_tabela_fato_gestao_vista_faturas:DF_fato_gvf_valor_operacional","database/tabelas/031_criar_tabela_fato_gestao_vista_faturas.sql","DEFAULT","SUBSTITUTE","constraint V2 com teste positivo/negativo e cardinalidade provada","PLATAFORMA_DE_DADOS_E_OWNER_DO_DOMINIO","TIME_NOMINAL_NAO_INFORMADO","V2-009d/vertical-dona","CLASSIFIED","constraint nomeada no DDL","YES","default/check comprovado pode ser preservado semanticamente; DDL é redesenhado"
"constraint","032_criar_tabela_fato_gestao_vista_manifestos:CK_fato_gv_manifestos_sequence_match","database/tabelas/032_criar_tabela_fato_gestao_vista_manifestos.sql","CHECK","SUBSTITUTE","constraint V2 com teste positivo/negativo e cardinalidade provada","PLATAFORMA_DE_DADOS_E_OWNER_DO_DOMINIO","TIME_NOMINAL_NAO_INFORMADO","V2-009d/vertical-dona","CLASSIFIED","constraint nomeada no DDL","YES","default/check comprovado pode ser preservado semanticamente; DDL é redesenhado"
"constraint","032_criar_tabela_fato_gestao_vista_manifestos:DF_fato_gv_manifestos_excluido","database/tabelas/032_criar_tabela_fato_gestao_vista_manifestos.sql","DEFAULT","SUBSTITUTE","constraint V2 com teste positivo/negativo e cardinalidade provada","PLATAFORMA_DE_DADOS_E_OWNER_DO_DOMINIO","TIME_NOMINAL_NAO_INFORMADO","V2-009d/vertical-dona","CLASSIFIED","constraint nomeada no DDL","YES","default/check comprovado pode ser preservado semanticamente; DDL é redesenhado"
"constraint","032_criar_tabela_fato_gestao_vista_manifestos:DF_fato_gv_manifestos_snapshot","database/tabelas/032_criar_tabela_fato_gestao_vista_manifestos.sql","DEFAULT","SUBSTITUTE","constraint V2 com teste positivo/negativo e cardinalidade provada","PLATAFORMA_DE_DADOS_E_OWNER_DO_DOMINIO","TIME_NOMINAL_NAO_INFORMADO","V2-009d/vertical-dona","CLASSIFIED","constraint nomeada no DDL","YES","default/check comprovado pode ser preservado semanticamente; DDL é redesenhado"
"constraint","032_criar_tabela_fato_gestao_vista_manifestos:PK_fato_gv_manifestos","database/tabelas/032_criar_tabela_fato_gestao_vista_manifestos.sql","PRIMARY_KEY","SUBSTITUTE","constraint V2 com teste positivo/negativo e cardinalidade provada","PLATAFORMA_DE_DADOS_E_OWNER_DO_DOMINIO","TIME_NOMINAL_NAO_INFORMADO","V2-009d/vertical-dona","CLASSIFIED","constraint nomeada no DDL","YES","default/check comprovado pode ser preservado semanticamente; DDL é redesenhado"
"constraint","033_criar_tabela_regras_atribuicao_filial:CK_regras_atribuicao_filial_destino_key","database/tabelas/033_criar_tabela_regras_atribuicao_filial.sql","CHECK","SUBSTITUTE","constraint V2 com teste positivo/negativo e cardinalidade provada","PLATAFORMA_DE_DADOS_E_OWNER_DO_DOMINIO","TIME_NOMINAL_NAO_INFORMADO","V2-009d/vertical-dona","CLASSIFIED","constraint nomeada no DDL","YES","default/check comprovado pode ser preservado semanticamente; DDL é redesenhado"
"constraint","033_criar_tabela_regras_atribuicao_filial:CK_regras_atribuicao_filial_destino_nome","database/tabelas/033_criar_tabela_regras_atribuicao_filial.sql","CHECK","SUBSTITUTE","constraint V2 com teste positivo/negativo e cardinalidade provada","PLATAFORMA_DE_DADOS_E_OWNER_DO_DOMINIO","TIME_NOMINAL_NAO_INFORMADO","V2-009d/vertical-dona","CLASSIFIED","constraint nomeada no DDL","YES","default/check comprovado pode ser preservado semanticamente; DDL é redesenhado"
"constraint","033_criar_tabela_regras_atribuicao_filial:CK_regras_atribuicao_filial_pagador_documento_key","database/tabelas/033_criar_tabela_regras_atribuicao_filial.sql","CHECK","SUBSTITUTE","constraint V2 com teste positivo/negativo e cardinalidade provada","PLATAFORMA_DE_DADOS_E_OWNER_DO_DOMINIO","TIME_NOMINAL_NAO_INFORMADO","V2-009d/vertical-dona","CLASSIFIED","constraint nomeada no DDL","YES","default/check comprovado pode ser preservado semanticamente; DDL é redesenhado"
"constraint","033_criar_tabela_regras_atribuicao_filial:DF_regras_atribuicao_filial_ativo","database/tabelas/033_criar_tabela_regras_atribuicao_filial.sql","DEFAULT","SUBSTITUTE","constraint V2 com teste positivo/negativo e cardinalidade provada","PLATAFORMA_DE_DADOS_E_OWNER_DO_DOMINIO","TIME_NOMINAL_NAO_INFORMADO","V2-009d/vertical-dona","CLASSIFIED","constraint nomeada no DDL","YES","default/check comprovado pode ser preservado semanticamente; DDL é redesenhado"
"constraint","033_criar_tabela_regras_atribuicao_filial:PK_regras_atribuicao_filial","database/tabelas/033_criar_tabela_regras_atribuicao_filial.sql","PRIMARY_KEY","SUBSTITUTE","constraint V2 com teste positivo/negativo e cardinalidade provada","PLATAFORMA_DE_DADOS_E_OWNER_DO_DOMINIO","TIME_NOMINAL_NAO_INFORMADO","V2-009d/vertical-dona","CLASSIFIED","constraint nomeada no DDL","YES","default/check comprovado pode ser preservado semanticamente; DDL é redesenhado"
"constraint","034_criar_tabela_dim_regiao_logistica_rules:CK_dim_regiao_logistica_rules_cep_par","database/tabelas/034_criar_tabela_dim_regiao_logistica_rules.sql","CHECK","SUBSTITUTE","constraint V2 com teste positivo/negativo e cardinalidade provada","PLATAFORMA_DE_DADOS_E_OWNER_DO_DOMINIO","TIME_NOMINAL_NAO_INFORMADO","V2-009d/vertical-dona","CLASSIFIED","constraint nomeada no DDL","YES","default/check comprovado pode ser preservado semanticamente; DDL é redesenhado"
"constraint","034_criar_tabela_dim_regiao_logistica_rules:CK_dim_regiao_logistica_rules_cidade_uf_par","database/tabelas/034_criar_tabela_dim_regiao_logistica_rules.sql","CHECK","SUBSTITUTE","constraint V2 com teste positivo/negativo e cardinalidade provada","PLATAFORMA_DE_DADOS_E_OWNER_DO_DOMINIO","TIME_NOMINAL_NAO_INFORMADO","V2-009d/vertical-dona","CLASSIFIED","constraint nomeada no DDL","YES","default/check comprovado pode ser preservado semanticamente; DDL é redesenhado"
"constraint","034_criar_tabela_dim_regiao_logistica_rules:CK_dim_regiao_logistica_rules_regiao","database/tabelas/034_criar_tabela_dim_regiao_logistica_rules.sql","CHECK","SUBSTITUTE","constraint V2 com teste positivo/negativo e cardinalidade provada","PLATAFORMA_DE_DADOS_E_OWNER_DO_DOMINIO","TIME_NOMINAL_NAO_INFORMADO","V2-009d/vertical-dona","CLASSIFIED","constraint nomeada no DDL","YES","default/check comprovado pode ser preservado semanticamente; DDL é redesenhado"
"constraint","034_criar_tabela_dim_regiao_logistica_rules:PK_dim_regiao_logistica_rules","database/tabelas/034_criar_tabela_dim_regiao_logistica_rules.sql","PRIMARY_KEY","SUBSTITUTE","constraint V2 com teste positivo/negativo e cardinalidade provada","PLATAFORMA_DE_DADOS_E_OWNER_DO_DOMINIO","TIME_NOMINAL_NAO_INFORMADO","V2-009d/vertical-dona","CLASSIFIED","constraint nomeada no DDL","YES","default/check comprovado pode ser preservado semanticamente; DDL é redesenhado"
"constraint","035_criar_tabela_dim_status_coleta:DF_dim_status_coleta_ativo","database/tabelas/035_criar_tabela_dim_status_coleta.sql","DEFAULT","SUBSTITUTE","constraint V2 com teste positivo/negativo e cardinalidade provada","PLATAFORMA_DE_DADOS_E_OWNER_DO_DOMINIO","TIME_NOMINAL_NAO_INFORMADO","V2-009d/vertical-dona","CLASSIFIED","constraint nomeada no DDL","YES","default/check comprovado pode ser preservado semanticamente; DDL é redesenhado"
"constraint","035_criar_tabela_dim_status_coleta:DF_dim_status_coleta_atualizado_em","database/tabelas/035_criar_tabela_dim_status_coleta.sql","DEFAULT","SUBSTITUTE","constraint V2 com teste positivo/negativo e cardinalidade provada","PLATAFORMA_DE_DADOS_E_OWNER_DO_DOMINIO","TIME_NOMINAL_NAO_INFORMADO","V2-009d/vertical-dona","CLASSIFIED","constraint nomeada no DDL","YES","default/check comprovado pode ser preservado semanticamente; DDL é redesenhado"
"constraint","035_criar_tabela_dim_status_coleta:PK_dim_status_coleta","database/tabelas/035_criar_tabela_dim_status_coleta.sql","PRIMARY_KEY","SUBSTITUTE","constraint V2 com teste positivo/negativo e cardinalidade provada","PLATAFORMA_DE_DADOS_E_OWNER_DO_DOMINIO","TIME_NOMINAL_NAO_INFORMADO","V2-009d/vertical-dona","CLASSIFIED","constraint nomeada no DDL","YES","default/check comprovado pode ser preservado semanticamente; DDL é redesenhado"
"database_runner","executar_database.bat","database/executar_database.bat","executor manual e incompleto de schema","SUBSTITUTE","Flyway + manifesto/fingerprint","DBA_E_PLATAFORMA_DE_DADOS","TIME_NOMINAL_NAO_INFORMADO","V2-019","CLASSIFIED","omite tabela 035, índice 004, view 014 e validações 027/030/031/035/037/042_auditar/044/046/047/048/049; depende indiretamente das migrations 053/055/056","YES","database/config.bat não foi lido"
"embedded_unique_index","010_criar_tabela_page_audit:ux_page_audit_run_template_page","database/tabelas/010_criar_tabela_page_audit.sql","unicidade/grão embutido no DDL","CONSOLIDATE","ctl.page_audit unique request/page identity","DBA_E_PLATAFORMA_DE_DADOS_E_OWNER_DO_DOMINIO","TIME_NOMINAL_NAO_INFORMADO","V2-020/V2-009d","CLASSIFIED","CREATE UNIQUE INDEX embutido no script de tabela","YES","preservar a semântica de unicidade, não o DDL físico"
"embedded_unique_index","028_criar_tabela_fato_gestao_vista_fretes:UX_fato_gv_fretes_indicador_minuta","database/tabelas/028_criar_tabela_fato_gestao_vista_fretes.sql","unicidade/grão embutido no DDL","CONDITIONAL","mart unique grain pending proof/ADR","DBA_E_PLATAFORMA_DE_DADOS_E_OWNER_DO_DOMINIO","TIME_NOMINAL_NAO_INFORMADO","V2-036/V2-009d","UNRESOLVED_GRAIN_WITH_GATE","CREATE UNIQUE INDEX embutido no script de tabela","YES","bloqueado: chave física diverge do loader/validator legado; provar grão/cardinalidade por ADR"
"embedded_unique_index","029_criar_tabela_fato_gestao_vista_coletores:UX_fato_gv_coletores_data_filial_classif","database/tabelas/029_criar_tabela_fato_gestao_vista_coletores.sql","unicidade/grão embutido no DDL","PRESERVE","mart unique grain pending proof/ADR","DBA_E_PLATAFORMA_DE_DADOS_E_OWNER_DO_DOMINIO","TIME_NOMINAL_NAO_INFORMADO","V2-036/V2-009d","CLASSIFIED","CREATE UNIQUE INDEX embutido no script de tabela","YES","preservar a semântica de unicidade, não o DDL físico"
"embedded_unique_index","030_criar_tabela_fato_fretes_faturamento:UX_fato_ff_frete_data","database/tabelas/030_criar_tabela_fato_fretes_faturamento.sql","unicidade/grão embutido no DDL","CONDITIONAL","mart unique grain pending proof/ADR","DBA_E_PLATAFORMA_DE_DADOS_E_OWNER_DO_DOMINIO","TIME_NOMINAL_NAO_INFORMADO","V2-036/V2-009d","UNRESOLVED_GRAIN_WITH_GATE","CREATE UNIQUE INDEX embutido no script de tabela","YES","bloqueado: chave física diverge do loader/validator legado; provar grão/cardinalidade por ADR"
"embedded_unique_index","031_criar_tabela_fato_gestao_vista_faturas:UX_fato_gvf_unique_id_data","database/tabelas/031_criar_tabela_fato_gestao_vista_faturas.sql","unicidade/grão embutido no DDL","CONDITIONAL","mart unique grain pending proof/ADR","DBA_E_PLATAFORMA_DE_DADOS_E_OWNER_DO_DOMINIO","TIME_NOMINAL_NAO_INFORMADO","V2-036/V2-009d","UNRESOLVED_GRAIN_WITH_GATE","CREATE UNIQUE INDEX embutido no script de tabela","YES","bloqueado: chave física diverge do loader/validator legado; provar grão/cardinalidade por ADR"
"embedded_unique_index","033_criar_tabela_regras_atribuicao_filial:UX_regras_atribuicao_filial_pagador_ativo","database/tabelas/033_criar_tabela_regras_atribuicao_filial.sql","unicidade/grão embutido no DDL","PRESERVE","ref.atribuicao_filial unique active payer rule","DBA_E_PLATAFORMA_DE_DADOS_E_OWNER_DO_DOMINIO","TIME_NOMINAL_NAO_INFORMADO","V2-035a/V2-009d","CLASSIFIED","CREATE UNIQUE INDEX embutido no script de tabela","YES","preservar a semântica de unicidade, não o DDL físico"
"entity_source","coletas","STATES.md#catalogo-de-fontes","GraphQL legado é a fonte implementada; Data Export 6908 é candidato sem constante/extrator local","SUBSTITUTE","core.coletas","OPERACAO_E_PLATAFORMA","TIME_NOMINAL_NAO_INFORMADO","V2-010","CLASSIFIED","roadmap + código/SQL legado auditado offline","YES","contrato final depende dos gates da vertical"
"entity_source","contas_a_pagar","STATES.md#catalogo-de-fontes","ESL Data Export 8636","SUBSTITUTE","core.contas_a_pagar + parcelas","CONTROLADORIA_E_FINANCEIRO","TIME_NOMINAL_NAO_INFORMADO","V2-029","CLASSIFIED","roadmap + código/SQL legado auditado offline","YES","contrato final depende dos gates da vertical"
"entity_source","cotacoes","STATES.md#catalogo-de-fontes","ESL Data Export 6906","SUBSTITUTE","core.cotacoes","COMERCIAL_E_OPERACAO","TIME_NOMINAL_NAO_INFORMADO","V2-027","CLASSIFIED","roadmap + código/SQL legado auditado offline","YES","contrato final depende dos gates da vertical"
"entity_source","faturas_por_cliente","STATES.md#catalogo-de-fontes","ESL Data Export 4924","SUBSTITUTE","core.faturas_por_cliente + crosswalks","CONTROLADORIA_E_FISCAL","TIME_NOMINAL_NAO_INFORMADO","V2-030","CLASSIFIED","roadmap + código/SQL legado auditado offline","YES","contrato final depende dos gates da vertical"
"entity_source","fretes","STATES.md#catalogo-de-fontes","GraphQL legado é a fonte principal; Data Export 6389 é somente enriquecimento/performance","SUBSTITUTE","core.fretes","OPERACAO_FISCAL_E_PLATAFORMA","TIME_NOMINAL_NAO_INFORMADO","V2-011","CLASSIFIED","roadmap + código/SQL legado auditado offline","YES","contrato final depende dos gates da vertical"
"entity_source","inventario","STATES.md#catalogo-de-fontes","ESL Data Export 10633","SUBSTITUTE","core.inventario + filhos","OPERACAO_E_LOGISTICA","TIME_NOMINAL_NAO_INFORMADO","V2-031","CLASSIFIED","roadmap + código/SQL legado auditado offline","YES","contrato final depende dos gates da vertical"
"entity_source","localizacao_cargas","STATES.md#catalogo-de-fontes","ESL Data Export 8656","SUBSTITUTE","core.localizacao_cargas","LOGISTICA_E_OPERACAO","TIME_NOMINAL_NAO_INFORMADO","V2-028","CLASSIFIED","roadmap + código/SQL legado auditado offline","YES","contrato final depende dos gates da vertical"
"entity_source","manifestos","STATES.md#catalogo-de-fontes","ESL Data Export 6399","SUBSTITUTE","core.manifestos + filhos","OPERACAO_E_BI","TIME_NOMINAL_NAO_INFORMADO","V2-026","CLASSIFIED","roadmap + código/SQL legado auditado offline","YES","contrato final depende dos gates da vertical"
"entity_source","raster","STATES.md#catalogo-de-fontes","API Raster","CONDITIONAL","core.raster_viagens + paradas","OPERACAO_RASTER_E_PLATAFORMA","TIME_NOMINAL_NAO_INFORMADO","V2-034a","CONDITIONAL_DISABLED","roadmap + código/SQL legado auditado offline","YES","contrato final depende dos gates da vertical"
"entity_source","sinistros","STATES.md#catalogo-de-fontes","ESL Data Export 6392","SUBSTITUTE","core.sinistros + relações","OPERACAO_E_SINISTROS","TIME_NOMINAL_NAO_INFORMADO","V2-032","CLASSIFIED","roadmap + código/SQL legado auditado offline","YES","contrato final depende dos gates da vertical"
"entity_source","usuarios","STATES.md#catalogo-de-fontes","GraphQL individual(enabled=true) transitório; Data Export exige template oficial; 9901 é só ID de auditoria","PRESERVE","core.usuario + core.usuario_history + core.v_usuario_dimension_current_v1","SEGURANCA_E_OPERACAO","TIME_NOMINAL_NAO_INFORMADO","V2-024/V2-033/V2-035b","IMPLEMENTED_IN_SHADOW","roadmap + código/SQL legado auditado offline","YES","contrato final depende dos gates da vertical"
"index_group","001_criar_indices_performance","database/indices/001_criar_indices_performance.sql","39 índices legados","SUBSTITUTE","índices derivados de workload/plano por migration","DBA_E_PLATAFORMA_DE_DADOS","TIME_NOMINAL_NAO_INFORMADO","V2-009d/V2-050","CLASSIFIED","contagem estática de CREATE INDEX","YES","inclui subset Raster, que permanece condicional"
"index_group","002_criar_indices_fato_gestao_vista_manifestos","database/indices/002_criar_indices_fato_gestao_vista_manifestos.sql","5 índices legados","SUBSTITUTE","índices derivados de workload/plano por migration","DBA_E_PLATAFORMA_DE_DADOS","TIME_NOMINAL_NAO_INFORMADO","V2-009d/V2-050","CLASSIFIED","contagem estática de CREATE INDEX","YES","sem subset Raster; redesenhar por workload/plano"
"index_group","003_criar_indices_dim_regiao_logistica","database/indices/003_criar_indices_dim_regiao_logistica.sql","2 índices legados","SUBSTITUTE","índices derivados de workload/plano por migration","DBA_E_PLATAFORMA_DE_DADOS","TIME_NOMINAL_NAO_INFORMADO","V2-009d/V2-050","CLASSIFIED","contagem estática de CREATE INDEX","YES","sem subset Raster; redesenhar por workload/plano"
"index_group","004_criar_indices_reconciliacao_coletas","database/indices/004_criar_indices_reconciliacao_coletas.sql","1 índices legados","SUBSTITUTE","índices derivados de workload/plano por migration","DBA_E_PLATAFORMA_DE_DADOS","TIME_NOMINAL_NAO_INFORMADO","V2-009d/V2-050","CLASSIFIED","contagem estática de CREATE INDEX","YES","sem subset Raster; redesenhar por workload/plano"
"migration","001_criar_tabela_schema_migrations","database/migrations/historico_arquivado/001_criar_tabela_schema_migrations.sql","evolução legada de schema/regra","RETIRE","evidência histórica; não executar","PLATAFORMA_DE_DADOS","TIME_NOMINAL_NAO_INFORMADO","V2-019/vertical-dona","CLASSIFIED","58 arquivos; 47 arquivados + 11 ativos; 003 ausente","YES","não copiar a cadeia 001-059"
"migration","002_corrigir_constraint_manifestos","database/migrations/historico_arquivado/002_corrigir_constraint_manifestos.sql","evolução legada de schema/regra","RETIRE","evidência histórica; não executar","PLATAFORMA_DE_DADOS","TIME_NOMINAL_NAO_INFORMADO","V2-019/vertical-dona","CLASSIFIED","58 arquivos; 47 arquivados + 11 ativos; 003 ausente","YES","não copiar a cadeia 001-059"
"migration","004_adicionar_request_hour_coletas","database/migrations/historico_arquivado/004_adicionar_request_hour_coletas.sql","evolução legada de schema/regra","RETIRE","evidência histórica; não executar","PLATAFORMA_DE_DADOS","TIME_NOMINAL_NAO_INFORMADO","V2-019/vertical-dona","CLASSIFIED","58 arquivos; 47 arquivados + 11 ativos; 003 ausente","YES","não copiar a cadeia 001-059"
"migration","005_alinhar_sys_execution_history_schema","database/migrations/historico_arquivado/005_alinhar_sys_execution_history_schema.sql","evolução legada de schema/regra","RETIRE","evidência histórica; não executar","PLATAFORMA_DE_DADOS","TIME_NOMINAL_NAO_INFORMADO","V2-019/vertical-dona","CLASSIFIED","58 arquivos; 47 arquivados + 11 ativos; 003 ausente","YES","não copiar a cadeia 001-059"
"migration","006_alterar_fretes_indicadores_gestao","database/migrations/historico_arquivado/006_alterar_fretes_indicadores_gestao.sql","evolução legada de schema/regra","RETIRE","evidência histórica; não executar","PLATAFORMA_DE_DADOS","TIME_NOMINAL_NAO_INFORMADO","V2-019/vertical-dona","CLASSIFIED","58 arquivos; 47 arquivados + 11 ativos; 003 ausente","YES","não copiar a cadeia 001-059"
"migration","007_adicionar_fk_seletiva_manifestos_coletas","database/migrations/historico_arquivado/007_adicionar_fk_seletiva_manifestos_coletas.sql","evolução legada de schema/regra","RETIRE","evidência histórica; não executar","PLATAFORMA_DE_DADOS","TIME_NOMINAL_NAO_INFORMADO","V2-019/vertical-dona","CLASSIFIED","58 arquivos; 47 arquivados + 11 ativos; 003 ausente","YES","não copiar a cadeia 001-059"
"migration","008_criar_tabela_sys_replay_idempotency","database/migrations/historico_arquivado/008_criar_tabela_sys_replay_idempotency.sql","evolução legada de schema/regra","RETIRE","evidência histórica; não executar","PLATAFORMA_DE_DADOS","TIME_NOMINAL_NAO_INFORMADO","V2-019/vertical-dona","CLASSIFIED","58 arquivos; 47 arquivados + 11 ativos; 003 ausente","YES","não copiar a cadeia 001-059"
"migration","009_criar_tabela_sys_reconciliation_quarantine","database/migrations/historico_arquivado/009_criar_tabela_sys_reconciliation_quarantine.sql","evolução legada de schema/regra","RETIRE","evidência histórica; não executar","PLATAFORMA_DE_DADOS","TIME_NOMINAL_NAO_INFORMADO","V2-019/vertical-dona","CLASSIFIED","58 arquivos; 47 arquivados + 11 ativos; 003 ausente","YES","não copiar a cadeia 001-059"
"migration","010_harden_coletas_sequence_code","database/migrations/historico_arquivado/010_harden_coletas_sequence_code.sql","evolução legada de schema/regra","RETIRE","evidência histórica; não executar","PLATAFORMA_DE_DADOS","TIME_NOMINAL_NAO_INFORMADO","V2-019/vertical-dona","CLASSIFIED","58 arquivos; 47 arquivados + 11 ativos; 003 ausente","YES","não copiar a cadeia 001-059"
"migration","011_alinhar_chave_merge_manifestos_orfaos","database/migrations/historico_arquivado/011_alinhar_chave_merge_manifestos_orfaos.sql","evolução legada de schema/regra","RETIRE","evidência histórica; não executar","PLATAFORMA_DE_DADOS","TIME_NOMINAL_NAO_INFORMADO","V2-019/vertical-dona","CLASSIFIED","58 arquivos; 47 arquivados + 11 ativos; 003 ausente","YES","não copiar a cadeia 001-059"
"migration","012_adicionar_frete_cortesia","database/migrations/historico_arquivado/012_adicionar_frete_cortesia.sql","evolução legada de schema/regra","RETIRE","evidência histórica; não executar","PLATAFORMA_DE_DADOS","TIME_NOMINAL_NAO_INFORMADO","V2-019/vertical-dona","CLASSIFIED","58 arquivos; 47 arquivados + 11 ativos; 003 ausente","YES","não copiar a cadeia 001-059"
"migration","013_ajustar_precisao_cubagem_fretes","database/migrations/historico_arquivado/013_ajustar_precisao_cubagem_fretes.sql","evolução legada de schema/regra","RETIRE","evidência histórica; não executar","PLATAFORMA_DE_DADOS","TIME_NOMINAL_NAO_INFORMADO","V2-019/vertical-dona","CLASSIFIED","58 arquivos; 47 arquivados + 11 ativos; 003 ausente","YES","não copiar a cadeia 001-059"
"migration","014_criar_tabelas_raster","database/migrations/historico_arquivado/014_criar_tabelas_raster.sql","evolução legada de schema/regra","RETIRE","evidência histórica; não executar","PLATAFORMA_DE_DADOS","TIME_NOMINAL_NAO_INFORMADO","V2-019/vertical-dona","CLASSIFIED","58 arquivos; 47 arquivados + 11 ativos; 003 ausente","YES","não copiar a cadeia 001-059"
"migration","015_adicionar_cliente_cnpj_faturas_por_cliente","database/migrations/historico_arquivado/015_adicionar_cliente_cnpj_faturas_por_cliente.sql","evolução legada de schema/regra","RETIRE","evidência histórica; não executar","PLATAFORMA_DE_DADOS","TIME_NOMINAL_NAO_INFORMADO","V2-019/vertical-dona","CLASSIFIED","58 arquivos; 47 arquivados + 11 ativos; 003 ausente","YES","não copiar a cadeia 001-059"
"migration","016_materializar_faturamento_fretes","database/migrations/historico_arquivado/016_materializar_faturamento_fretes.sql","evolução legada de schema/regra","RETIRE","evidência histórica; não executar","PLATAFORMA_DE_DADOS","TIME_NOMINAL_NAO_INFORMADO","V2-019/vertical-dona","CLASSIFIED","58 arquivos; 47 arquivados + 11 ativos; 003 ausente","YES","não copiar a cadeia 001-059"
"migration","017_localizacao_cargas_dashboard_operacional","database/migrations/historico_arquivado/017_localizacao_cargas_dashboard_operacional.sql","evolução legada de schema/regra","RETIRE","evidência histórica; não executar","PLATAFORMA_DE_DADOS","TIME_NOMINAL_NAO_INFORMADO","V2-019/vertical-dona","CLASSIFIED","58 arquivos; 47 arquivados + 11 ativos; 003 ausente","YES","não copiar a cadeia 001-059"
"migration","018_adicionar_indice_coletas_request_date_dashboard","database/migrations/historico_arquivado/018_adicionar_indice_coletas_request_date_dashboard.sql","evolução legada de schema/regra","RETIRE","evidência histórica; não executar","PLATAFORMA_DE_DADOS","TIME_NOMINAL_NAO_INFORMADO","V2-019/vertical-dona","CLASSIFIED","58 arquivos; 47 arquivados + 11 ativos; 003 ausente","YES","não copiar a cadeia 001-059"
"migration","019_adicionar_comprovante_fretes_performance","database/migrations/historico_arquivado/019_adicionar_comprovante_fretes_performance.sql","evolução legada de schema/regra","RETIRE","evidência histórica; não executar","PLATAFORMA_DE_DADOS","TIME_NOMINAL_NAO_INFORMADO","V2-019/vertical-dona","CLASSIFIED","58 arquivos; 47 arquivados + 11 ativos; 003 ausente","YES","não copiar a cadeia 001-059"
"migration","020_adicionar_tipo_motorista_manifestos","database/migrations/historico_arquivado/020_adicionar_tipo_motorista_manifestos.sql","evolução legada de schema/regra","RETIRE","evidência histórica; não executar","PLATAFORMA_DE_DADOS","TIME_NOMINAL_NAO_INFORMADO","V2-019/vertical-dona","CLASSIFIED","58 arquivos; 47 arquivados + 11 ativos; 003 ausente","YES","não copiar a cadeia 001-059"
"migration","021_materializar_comprovante_inventario","database/migrations/historico_arquivado/021_materializar_comprovante_inventario.sql","evolução legada de schema/regra","RETIRE","evidência histórica; não executar","PLATAFORMA_DE_DADOS","TIME_NOMINAL_NAO_INFORMADO","V2-019/vertical-dona","CLASSIFIED","58 arquivos; 47 arquivados + 11 ativos; 003 ausente","YES","não copiar a cadeia 001-059"
"migration","022_corrigir_volumes_fretes_faturamento","database/migrations/historico_arquivado/022_corrigir_volumes_fretes_faturamento.sql","evolução legada de schema/regra","RETIRE","evidência histórica; não executar","PLATAFORMA_DE_DADOS","TIME_NOMINAL_NAO_INFORMADO","V2-019/vertical-dona","CLASSIFIED","58 arquivos; 47 arquivados + 11 ativos; 003 ausente","YES","não copiar a cadeia 001-059"
"migration","023_adicionar_noop_count_log_extracoes","database/migrations/historico_arquivado/023_adicionar_noop_count_log_extracoes.sql","evolução legada de schema/regra","RETIRE","evidência histórica; não executar","PLATAFORMA_DE_DADOS","TIME_NOMINAL_NAO_INFORMADO","V2-019/vertical-dona","CLASSIFIED","58 arquivos; 47 arquivados + 11 ativos; 003 ausente","YES","não copiar a cadeia 001-059"
"migration","024_drop_faturas_graphql","database/migrations/historico_arquivado/024_drop_faturas_graphql.sql","evolução legada de schema/regra","RETIRE","evidência histórica; não executar","PLATAFORMA_DE_DADOS","TIME_NOMINAL_NAO_INFORMADO","V2-019/vertical-dona","CLASSIFIED","58 arquivos; 47 arquivados + 11 ativos; 003 ausente","YES","não copiar a cadeia 001-059"
"migration","025_materializar_chave_responsavel_destino","database/migrations/historico_arquivado/025_materializar_chave_responsavel_destino.sql","evolução legada de schema/regra","RETIRE","evidência histórica; não executar","PLATAFORMA_DE_DADOS","TIME_NOMINAL_NAO_INFORMADO","V2-019/vertical-dona","CLASSIFIED","58 arquivos; 47 arquivados + 11 ativos; 003 ausente","YES","não copiar a cadeia 001-059"
"migration","026_materializar_chave_usuario_cotacoes","database/migrations/historico_arquivado/026_materializar_chave_usuario_cotacoes.sql","evolução legada de schema/regra","RETIRE","evidência histórica; não executar","PLATAFORMA_DE_DADOS","TIME_NOMINAL_NAO_INFORMADO","V2-019/vertical-dona","CLASSIFIED","58 arquivos; 47 arquivados + 11 ativos; 003 ausente","YES","não copiar a cadeia 001-059"
"migration","027_adicionar_excluido_na_origem","database/migrations/historico_arquivado/027_adicionar_excluido_na_origem.sql","evolução legada de schema/regra","RETIRE","evidência histórica; não executar","PLATAFORMA_DE_DADOS","TIME_NOMINAL_NAO_INFORMADO","V2-019/vertical-dona","CLASSIFIED","58 arquivos; 47 arquivados + 11 ativos; 003 ausente","YES","não copiar a cadeia 001-059"
"migration","028_corrigir_chave_unica_manifestos","database/migrations/historico_arquivado/028_corrigir_chave_unica_manifestos.sql","evolução legada de schema/regra","RETIRE","evidência histórica; não executar","PLATAFORMA_DE_DADOS","TIME_NOMINAL_NAO_INFORMADO","V2-019/vertical-dona","CLASSIFIED","58 arquivos; 47 arquivados + 11 ativos; 003 ausente","YES","não copiar a cadeia 001-059"
"migration","029_criar_fato_gestao_vista_fretes","database/migrations/historico_arquivado/029_criar_fato_gestao_vista_fretes.sql","evolução legada de schema/regra","RETIRE","evidência histórica; não executar","PLATAFORMA_DE_DADOS","TIME_NOMINAL_NAO_INFORMADO","V2-019/vertical-dona","CLASSIFIED","58 arquivos; 47 arquivados + 11 ativos; 003 ausente","YES","não copiar a cadeia 001-059"
"migration","030_criar_fato_gestao_vista_coletores","database/migrations/historico_arquivado/030_criar_fato_gestao_vista_coletores.sql","evolução legada de schema/regra","RETIRE","evidência histórica; não executar","PLATAFORMA_DE_DADOS","TIME_NOMINAL_NAO_INFORMADO","V2-019/vertical-dona","CLASSIFIED","58 arquivos; 47 arquivados + 11 ativos; 003 ausente","YES","não copiar a cadeia 001-059"
"migration","031_criar_fato_fretes_faturamento","database/migrations/historico_arquivado/031_criar_fato_fretes_faturamento.sql","evolução legada de schema/regra","RETIRE","evidência histórica; não executar","PLATAFORMA_DE_DADOS","TIME_NOMINAL_NAO_INFORMADO","V2-019/vertical-dona","CLASSIFIED","58 arquivos; 47 arquivados + 11 ativos; 003 ausente","YES","não copiar a cadeia 001-059"
"migration","032_criar_fato_gestao_vista_faturas","database/migrations/historico_arquivado/032_criar_fato_gestao_vista_faturas.sql","evolução legada de schema/regra","RETIRE","evidência histórica; não executar","PLATAFORMA_DE_DADOS","TIME_NOMINAL_NAO_INFORMADO","V2-019/vertical-dona","CLASSIFIED","58 arquivos; 47 arquivados + 11 ativos; 003 ausente","YES","não copiar a cadeia 001-059"
"migration","033_tuning_indices_fatos","database/migrations/historico_arquivado/033_tuning_indices_fatos.sql","evolução legada de schema/regra","RETIRE","evidência histórica; não executar","PLATAFORMA_DE_DADOS","TIME_NOMINAL_NAO_INFORMADO","V2-019/vertical-dona","CLASSIFIED","58 arquivos; 47 arquivados + 11 ativos; 003 ausente","YES","não copiar a cadeia 001-059"
"migration","034_adicionar_hash_linha_usuarios","database/migrations/historico_arquivado/034_adicionar_hash_linha_usuarios.sql","evolução legada de schema/regra","RETIRE","evidência histórica; não executar","PLATAFORMA_DE_DADOS","TIME_NOMINAL_NAO_INFORMADO","V2-019/vertical-dona","CLASSIFIED","58 arquivos; 47 arquivados + 11 ativos; 003 ausente","YES","não copiar a cadeia 001-059"
"migration","035_drop_views_legadas_powerbi","database/migrations/historico_arquivado/035_drop_views_legadas_powerbi.sql","evolução legada de schema/regra","RETIRE","evidência histórica; não executar","PLATAFORMA_DE_DADOS","TIME_NOMINAL_NAO_INFORMADO","V2-019/vertical-dona","CLASSIFIED","58 arquivos; 47 arquivados + 11 ativos; 003 ausente","YES","não copiar a cadeia 001-059"
"migration","036_corrigir_chave_manifestos_fallback_identificador","database/migrations/historico_arquivado/036_corrigir_chave_manifestos_fallback_identificador.sql","evolução legada de schema/regra","RETIRE","evidência histórica; não executar","PLATAFORMA_DE_DADOS","TIME_NOMINAL_NAO_INFORMADO","V2-019/vertical-dona","CLASSIFIED","58 arquivos; 47 arquivados + 11 ativos; 003 ausente","YES","não copiar a cadeia 001-059"
"migration","037_adicionar_status_fatura","database/migrations/historico_arquivado/037_adicionar_status_fatura.sql","evolução legada de schema/regra","RETIRE","evidência histórica; não executar","PLATAFORMA_DE_DADOS","TIME_NOMINAL_NAO_INFORMADO","V2-019/vertical-dona","CLASSIFIED","58 arquivos; 47 arquivados + 11 ativos; 003 ausente","YES","não copiar a cadeia 001-059"
"migration","038_atualizar_min_frete_cotacoes_matriz_uf","database/migrations/historico_arquivado/038_atualizar_min_frete_cotacoes_matriz_uf.sql","evolução legada de schema/regra","RETIRE","evidência histórica; não executar","PLATAFORMA_DE_DADOS","TIME_NOMINAL_NAO_INFORMADO","V2-019/vertical-dona","CLASSIFIED","58 arquivos; 47 arquivados + 11 ativos; 003 ausente","YES","não copiar a cadeia 001-059"
"migration","039_criar_dim_calendario_referencia_faturamento","database/migrations/historico_arquivado/039_criar_dim_calendario_referencia_faturamento.sql","evolução legada de schema/regra","RETIRE","evidência histórica; não executar","PLATAFORMA_DE_DADOS","TIME_NOMINAL_NAO_INFORMADO","V2-019/vertical-dona","CLASSIFIED","58 arquivos; 47 arquivados + 11 ativos; 003 ausente","YES","não copiar a cadeia 001-059"
"migration","040_criar_indice_performance_fretes","database/migrations/historico_arquivado/040_criar_indice_performance_fretes.sql","evolução legada de schema/regra","RETIRE","evidência histórica; não executar","PLATAFORMA_DE_DADOS","TIME_NOMINAL_NAO_INFORMADO","V2-019/vertical-dona","CLASSIFIED","58 arquivos; 47 arquivados + 11 ativos; 003 ausente","YES","não copiar a cadeia 001-059"
"migration","041_adicionar_chave_pick_item_coletas_fretes","database/migrations/historico_arquivado/041_adicionar_chave_pick_item_coletas_fretes.sql","evolução legada de schema/regra","RETIRE","evidência histórica; não executar","PLATAFORMA_DE_DADOS","TIME_NOMINAL_NAO_INFORMADO","V2-019/vertical-dona","CLASSIFIED","58 arquivos; 47 arquivados + 11 ativos; 003 ausente","YES","não copiar a cadeia 001-059"
"migration","042_criar_fato_gestao_vista_manifestos","database/migrations/historico_arquivado/042_criar_fato_gestao_vista_manifestos.sql","evolução legada de schema/regra","RETIRE","evidência histórica; não executar","PLATAFORMA_DE_DADOS","TIME_NOMINAL_NAO_INFORMADO","V2-019/vertical-dona","CLASSIFIED","58 arquivos; 47 arquivados + 11 ativos; 003 ausente","YES","não copiar a cadeia 001-059"
"migration","043_materializar_tipo_contrato_manifestos","database/migrations/historico_arquivado/043_materializar_tipo_contrato_manifestos.sql","evolução legada de schema/regra","RETIRE","evidência histórica; não executar","PLATAFORMA_DE_DADOS","TIME_NOMINAL_NAO_INFORMADO","V2-019/vertical-dona","CLASSIFIED","58 arquivos; 47 arquivados + 11 ativos; 003 ausente","YES","não copiar a cadeia 001-059"
"migration","044_adicionar_data_exclusao_origem_tabelas_base","database/migrations/historico_arquivado/044_adicionar_data_exclusao_origem_tabelas_base.sql","evolução legada de schema/regra","RETIRE","evidência histórica; não executar","PLATAFORMA_DE_DADOS","TIME_NOMINAL_NAO_INFORMADO","V2-019/vertical-dona","CLASSIFIED","58 arquivos; 47 arquivados + 11 ativos; 003 ausente","YES","não copiar a cadeia 001-059"
"migration","045_criar_indice_manifestos_competencia_operacional","database/migrations/historico_arquivado/045_criar_indice_manifestos_competencia_operacional.sql","evolução legada de schema/regra","RETIRE","evidência histórica; não executar","PLATAFORMA_DE_DADOS","TIME_NOMINAL_NAO_INFORMADO","V2-019/vertical-dona","CLASSIFIED","58 arquivos; 47 arquivados + 11 ativos; 003 ausente","YES","não copiar a cadeia 001-059"
"migration","046_reclassificar_tipo_contrato_manifestos","database/migrations/historico_arquivado/046_reclassificar_tipo_contrato_manifestos.sql","evolução legada de schema/regra","RETIRE","evidência histórica; não executar","PLATAFORMA_DE_DADOS","TIME_NOMINAL_NAO_INFORMADO","V2-019/vertical-dona","CLASSIFIED","58 arquivos; 47 arquivados + 11 ativos; 003 ausente","YES","não copiar a cadeia 001-059"
"migration","047_criar_tabela_regras_atribuicao_filial","database/migrations/historico_arquivado/047_criar_tabela_regras_atribuicao_filial.sql","evolução legada de schema/regra","RETIRE","evidência histórica; não executar","PLATAFORMA_DE_DADOS","TIME_NOMINAL_NAO_INFORMADO","V2-019/vertical-dona","CLASSIFIED","58 arquivos; 47 arquivados + 11 ativos; 003 ausente","YES","não copiar a cadeia 001-059"
"migration","048_inserir_regra_frigelar_cwb","database/migrations/historico_arquivado/048_inserir_regra_frigelar_cwb.sql","evolução legada de schema/regra","RETIRE","evidência histórica; não executar","PLATAFORMA_DE_DADOS","TIME_NOMINAL_NAO_INFORMADO","V2-019/vertical-dona","CLASSIFIED","58 arquivos; 47 arquivados + 11 ativos; 003 ausente","YES","não copiar a cadeia 001-059"
"migration","049_criar_dim_regiao_logistica_rules","database/migrations/049_criar_dim_regiao_logistica_rules.sql","evolução legada de schema/regra","SUBSTITUTE","migration Flyway limpa da responsabilidade dona","PLATAFORMA_DE_DADOS","TIME_NOMINAL_NAO_INFORMADO","V2-019/vertical-dona","CLASSIFIED","58 arquivos; 47 arquivados + 11 ativos; 003 ausente","YES","não copiar a cadeia 001-059"
"migration","050_garantir_regra_frigelar_cwb","database/migrations/050_garantir_regra_frigelar_cwb.sql","evolução legada de schema/regra","SUBSTITUTE","migration Flyway limpa da responsabilidade dona","PLATAFORMA_DE_DADOS","TIME_NOMINAL_NAO_INFORMADO","V2-019/vertical-dona","CLASSIFIED","58 arquivos; 47 arquivados + 11 ativos; 003 ausente","YES","não copiar a cadeia 001-059"
"migration","051_corrigir_prioridade_status_manifestos","database/migrations/051_corrigir_prioridade_status_manifestos.sql","evolução legada de schema/regra","SUBSTITUTE","migration Flyway limpa da responsabilidade dona","PLATAFORMA_DE_DADOS","TIME_NOMINAL_NAO_INFORMADO","V2-019/vertical-dona","CLASSIFIED","58 arquivos; 47 arquivados + 11 ativos; 003 ausente","YES","não copiar a cadeia 001-059"
"migration","052_normalizar_status_terminal_fretes","database/migrations/052_normalizar_status_terminal_fretes.sql","evolução legada de schema/regra","SUBSTITUTE","migration Flyway limpa da responsabilidade dona","PLATAFORMA_DE_DADOS","TIME_NOMINAL_NAO_INFORMADO","V2-019/vertical-dona","CLASSIFIED","58 arquivos; 47 arquivados + 11 ativos; 003 ausente","YES","não copiar a cadeia 001-059"
"migration","053_criar_catalogo_status_e_timestamp_coletas","database/migrations/053_criar_catalogo_status_e_timestamp_coletas.sql","evolução legada de schema/regra","SUBSTITUTE","migration Flyway limpa da responsabilidade dona","PLATAFORMA_DE_DADOS","TIME_NOMINAL_NAO_INFORMADO","V2-019/vertical-dona","CLASSIFIED","58 arquivos; 47 arquivados + 11 ativos; 003 ausente","YES","não copiar a cadeia 001-059"
"migration","054_publicar_catalogo_status_coletas_na_view","database/migrations/054_publicar_catalogo_status_coletas_na_view.sql","evolução legada de schema/regra","SUBSTITUTE","migration Flyway limpa da responsabilidade dona","PLATAFORMA_DE_DADOS","TIME_NOMINAL_NAO_INFORMADO","V2-019/vertical-dona","CLASSIFIED","58 arquivos; 47 arquivados + 11 ativos; 003 ausente","YES","não copiar a cadeia 001-059"
"migration","055_confirmar_ausencia_origem_coletas","database/migrations/055_confirmar_ausencia_origem_coletas.sql","evolução legada de schema/regra","SUBSTITUTE","migration Flyway limpa da responsabilidade dona","PLATAFORMA_DE_DADOS","TIME_NOMINAL_NAO_INFORMADO","V2-019/vertical-dona","CLASSIFIED","58 arquivos; 47 arquivados + 11 ativos; 003 ausente","YES","não copiar a cadeia 001-059"
"migration","056_publicar_auditoria_coletas_excluidas","database/migrations/056_publicar_auditoria_coletas_excluidas.sql","evolução legada de schema/regra","SUBSTITUTE","migration Flyway limpa da responsabilidade dona","PLATAFORMA_DE_DADOS","TIME_NOMINAL_NAO_INFORMADO","V2-019/vertical-dona","CLASSIFIED","58 arquivos; 47 arquivados + 11 ativos; 003 ausente","YES","não copiar a cadeia 001-059"
"migration","057_deduplicar_manifestos_na_view_coletas","database/migrations/057_deduplicar_manifestos_na_view_coletas.sql","evolução legada de schema/regra","SUBSTITUTE","migration Flyway limpa da responsabilidade dona","PLATAFORMA_DE_DADOS","TIME_NOMINAL_NAO_INFORMADO","V2-019/vertical-dona","CLASSIFIED","58 arquivos; 47 arquivados + 11 ativos; 003 ausente","YES","não copiar a cadeia 001-059"
"migration","058_exibir_candidatas_excluidas_na_view_coletas","database/migrations/058_exibir_candidatas_excluidas_na_view_coletas.sql","evolução legada de schema/regra","SUBSTITUTE","migration Flyway limpa da responsabilidade dona","PLATAFORMA_DE_DADOS","TIME_NOMINAL_NAO_INFORMADO","V2-019/vertical-dona","CLASSIFIED","58 arquivos; 47 arquivados + 11 ativos; 003 ausente","YES","não copiar a cadeia 001-059"
"migration","059_manter_excluidas_visiveis_na_view_coletas","database/migrations/059_manter_excluidas_visiveis_na_view_coletas.sql","evolução legada de schema/regra","SUBSTITUTE","migration Flyway limpa da responsabilidade dona","PLATAFORMA_DE_DADOS","TIME_NOMINAL_NAO_INFORMADO","V2-019/vertical-dona","CLASSIFIED","58 arquivos; 47 arquivados + 11 ativos; 003 ausente","YES","não copiar a cadeia 001-059"
"procedure","001_criar_sp_carga_fato_gestao_vista_fretes","database/procedures/001_criar_sp_carga_fato_gestao_vista_fretes.sql","materialização de fato + sweep acoplado","SUBSTITUTE","procedure set-based V2 por fato; materialização e sweep separados","PLATAFORMA_DE_DADOS_E_OWNER_DO_FATO","TIME_NOMINAL_NAO_INFORMADO","V2-036","CLASSIFIED","janela/mode implícitos e @MarcarAusentesComoExcluidos auditados","YES","full/backfill enumera partições explícitas"
"procedure","002_criar_sp_carga_fato_gestao_vista_coletores","database/procedures/002_criar_sp_carga_fato_gestao_vista_coletores.sql","materialização de fato + sweep acoplado","SUBSTITUTE","procedure set-based V2 por fato; materialização e sweep separados","PLATAFORMA_DE_DADOS_E_OWNER_DO_FATO","TIME_NOMINAL_NAO_INFORMADO","V2-036","CLASSIFIED","janela/mode implícitos e @MarcarAusentesComoExcluidos auditados","YES","full/backfill enumera partições explícitas"
"procedure","003_criar_sp_carga_fato_fretes_faturamento","database/procedures/003_criar_sp_carga_fato_fretes_faturamento.sql","materialização de fato + sweep acoplado","SUBSTITUTE","procedure set-based V2 por fato; materialização e sweep separados","PLATAFORMA_DE_DADOS_E_OWNER_DO_FATO","TIME_NOMINAL_NAO_INFORMADO","V2-036","CLASSIFIED","janela/mode implícitos e @MarcarAusentesComoExcluidos auditados","YES","full/backfill enumera partições explícitas"
"procedure","004_criar_sp_carga_fato_gestao_vista_faturas","database/procedures/004_criar_sp_carga_fato_gestao_vista_faturas.sql","materialização de fato + sweep acoplado","SUBSTITUTE","procedure set-based V2 por fato; materialização e sweep separados","PLATAFORMA_DE_DADOS_E_OWNER_DO_FATO","TIME_NOMINAL_NAO_INFORMADO","V2-036","CLASSIFIED","janela/mode implícitos e @MarcarAusentesComoExcluidos auditados","YES","full/backfill enumera partições explícitas"
"procedure","005_criar_sp_carga_fato_gestao_vista_manifestos","database/procedures/005_criar_sp_carga_fato_gestao_vista_manifestos.sql","materialização de fato + sweep acoplado","SUBSTITUTE","procedure set-based V2 por fato; materialização e sweep separados","PLATAFORMA_DE_DADOS_E_OWNER_DO_FATO","TIME_NOMINAL_NAO_INFORMADO","V2-036","CLASSIFIED","janela/mode implícitos e @MarcarAusentesComoExcluidos auditados","YES","full/backfill enumera partições explícitas"
"seed_responsibility","branch_attribution","database/tabelas/033_criar_tabela_regras_atribuicao_filial.sql","pagador → filial vigente","PRESERVE","ref.atribuicao_filial","DATA_OWNER_E_PLATAFORMA_DE_DADOS","TIME_NOMINAL_NAO_INFORMADO","V2-035a","OFFLINE_SCHEMA_READY_EXTERNAL_INPUT_REQUIRED","SQL legado auditado sem copiar valores produtivos; V008 + manifesto governado","YES","estrutura offline concluída; conteúdo produtivo exige export, fingerprint e ratificação autorizados"
"seed_responsibility","calendar","database/tabelas/008_criar_tabela_dim_calendario.sql","calendário rolante","PRESERVE","ref.calendario + ref.ufn_calendar_seed_candidate_v1","DATA_OWNER_E_PLATAFORMA_DE_DADOS","TIME_NOMINAL_NAO_INFORMADO","V2-035a","IMPLEMENTED_OFFLINE_CANDIDATE","SQL legado auditado sem copiar valores produtivos; V008 + manifesto governado","YES","candidato determinístico inerte; produção exige ratificação explícita"
"seed_responsibility","destination_region_alias","database/tabelas/026_criar_tabela_localizacao_cargas_regiao_destino_alias.sql","alias de região de destino","PRESERVE","ref.filial_operacional + ref.regiao_destino_alias","DATA_OWNER_E_PLATAFORMA_DE_DADOS","TIME_NOMINAL_NAO_INFORMADO","V2-035a","OFFLINE_SCHEMA_READY_EXTERNAL_INPUT_REQUIRED","SQL legado auditado sem copiar valores produtivos; V008 + manifesto governado","YES","estrutura offline concluída; conteúdo produtivo exige export, fingerprint e ratificação autorizados"
"seed_responsibility","logistics_regions","database/tabelas/034_criar_tabela_dim_regiao_logistica_rules.sql","CEP ou cidade/UF vigente","PRESERVE","ref.regiao_logistica_cep + ref.regiao_logistica_cidade_uf","DATA_OWNER_E_PLATAFORMA_DE_DADOS","TIME_NOMINAL_NAO_INFORMADO","V2-035a","OFFLINE_SCHEMA_READY_EXTERNAL_INPUT_REQUIRED","SQL legado auditado sem copiar valores produtivos; V008 + manifesto governado","YES","estrutura offline concluída; conteúdo produtivo exige export, fingerprint e ratificação autorizados"
"seed_responsibility","mutable_external_reference_baseline","external-owner-input","conteúdo produtivo mutável não inferível do Git","CONDITIONAL","baseline autorizado e sanitizado","DATA_OWNER_E_PLATAFORMA_DE_DADOS","TIME_NOMINAL_NAO_INFORMADO","V2-035a/V2-045","OFFLINE_SCHEMA_READY_EXTERNAL_INPUT_REQUIRED","SQL legado auditado sem copiar valores produtivos; V008 + manifesto governado","YES","estrutura offline concluída; conteúdo produtivo exige export, fingerprint e ratificação autorizados"
"seed_responsibility","owned_fleet_documents","database/tabelas/027_criar_tabela_manifestos_frota_propria_cnpjs.sql","documentos e política de classificação de frota","PRESERVE","ref.frota_propria_documento + ref.classificacao_frota_alias + ref.classificacao_frota_matriz + ref.classificacao_frota_excecao_token","DATA_OWNER_E_PLATAFORMA_DE_DADOS","TIME_NOMINAL_NAO_INFORMADO","V2-035a","OFFLINE_SCHEMA_READY_EXTERNAL_INPUT_REQUIRED","SQL legado auditado sem copiar valores produtivos; V008 + manifesto governado","YES","estrutura offline concluída; conteúdo produtivo exige export, fingerprint e ratificação autorizados"
"seed_responsibility","pick_status_catalog","database/tabelas/035_criar_tabela_dim_status_coleta.sql","status bruto/canônico/label/terminal","PRESERVE","ref.status_coleta + ref.v_status_coleta_seed_candidate_v1","DATA_OWNER_E_PLATAFORMA_DE_DADOS","TIME_NOMINAL_NAO_INFORMADO","V2-035a","IMPLEMENTED_OFFLINE_CANDIDATE","SQL legado auditado sem copiar valores produtivos; V008 + manifesto governado","YES","candidato determinístico inerte; produção exige ratificação explícita"
"seed_responsibility","tariffs_and_financial_rules","database/procedures/001_criar_sp_carga_fato_gestao_vista_fretes.sql; database/procedures/002_criar_sp_carga_fato_gestao_vista_coletores.sql; database/procedures/003_criar_sp_carga_fato_fretes_faturamento.sql; database/procedures/004_criar_sp_carga_fato_gestao_vista_faturas.sql; database/procedures/005_criar_sp_carga_fato_gestao_vista_manifestos.sql","tarifas, pagadores, documentos e classificações hardcoded","SUBSTITUTE","ref.filial_operacional_documento + ref.pagador_exclusao_cubagem + ref.tarifa_rota_uf + política tipada de classificação de frota","DATA_OWNER_E_PLATAFORMA_DE_DADOS","TIME_NOMINAL_NAO_INFORMADO","V2-035a","OFFLINE_SCHEMA_READY_EXTERNAL_INPUT_REQUIRED","SQL legado auditado sem copiar valores produtivos; V008 + manifesto governado","YES","estrutura offline concluída; conteúdo produtivo exige export, fingerprint e ratificação autorizados"
"sql_auxiliary","001_init_auth_schema.sqlite","database/security_sqlite/001_init_auth_schema.sqlite.sql","SQL auxiliar legado","RETIRE","identidade de serviço/RBAC no boundary real","PLATAFORMA_DE_DADOS_E_SEGURANCA","TIME_NOMINAL_NAO_INFORMADO","V2-042","CLASSIFIED","arquivo auditado offline","YES",""
"sql_auxiliary","001_reprocessar_fato_manifestos_competencia_operacional","database/reprocessamento/001_reprocessar_fato_manifestos_competencia_operacional.sql","SQL auxiliar legado","SUBSTITUTE","comando governado com modo/janela explícitos","PLATAFORMA_DE_DADOS_E_SEGURANCA","TIME_NOMINAL_NAO_INFORMADO","V2-023/V2-036","CLASSIFIED","arquivo auditado offline","YES",""
"sql_auxiliary","024_configurar_permissoes_usuario","database/seguranca/024_configurar_permissoes_usuario.sql","SQL auxiliar legado","SUBSTITUTE","roles/grants Flyway + testes negativos","PLATAFORMA_DE_DADOS_E_SEGURANCA","TIME_NOMINAL_NAO_INFORMADO","V2-019/V2-038","CLASSIFIED","arquivo auditado offline","YES",""
"table_script","001_criar_tabela_coletas","database/tabelas/001_criar_tabela_coletas.sql","criar_tabela_coletas","SUBSTITUTE","core.coletas","PLATAFORMA_DE_DADOS_E_OWNER_DO_DOMINIO","TIME_NOMINAL_NAO_INFORMADO","V2-009a/V2-010","CLASSIFIED","DDL legado; responsabilidade, não modelo a copiar","YES",""
"table_script","002_criar_tabela_fretes","database/tabelas/002_criar_tabela_fretes.sql","criar_tabela_fretes","SUBSTITUTE","core.fretes","PLATAFORMA_DE_DADOS_E_OWNER_DO_DOMINIO","TIME_NOMINAL_NAO_INFORMADO","V2-009a/V2-011","CLASSIFIED","DDL legado; responsabilidade, não modelo a copiar","YES",""
"table_script","003_criar_tabela_manifestos","database/tabelas/003_criar_tabela_manifestos.sql","criar_tabela_manifestos","SUBSTITUTE","core.manifestos + filhos","PLATAFORMA_DE_DADOS_E_OWNER_DO_DOMINIO","TIME_NOMINAL_NAO_INFORMADO","V2-009b/V2-026","CLASSIFIED","DDL legado; responsabilidade, não modelo a copiar","YES",""
"table_script","004_criar_tabela_cotacoes","database/tabelas/004_criar_tabela_cotacoes.sql","criar_tabela_cotacoes","SUBSTITUTE","core.cotacoes","PLATAFORMA_DE_DADOS_E_OWNER_DO_DOMINIO","TIME_NOMINAL_NAO_INFORMADO","V2-027","CLASSIFIED","DDL legado; responsabilidade, não modelo a copiar","YES",""
"table_script","005_criar_tabela_localizacao_cargas","database/tabelas/005_criar_tabela_localizacao_cargas.sql","criar_tabela_localizacao_cargas","SUBSTITUTE","core.localizacao_cargas","PLATAFORMA_DE_DADOS_E_OWNER_DO_DOMINIO","TIME_NOMINAL_NAO_INFORMADO","V2-028","CLASSIFIED","DDL legado; responsabilidade, não modelo a copiar","YES",""
"table_script","006_criar_tabela_contas_a_pagar","database/tabelas/006_criar_tabela_contas_a_pagar.sql","criar_tabela_contas_a_pagar","SUBSTITUTE","core.contas_a_pagar + filhos","PLATAFORMA_DE_DADOS_E_OWNER_DO_DOMINIO","TIME_NOMINAL_NAO_INFORMADO","V2-029","CLASSIFIED","DDL legado; responsabilidade, não modelo a copiar","YES",""
"table_script","007_criar_tabela_faturas_por_cliente","database/tabelas/007_criar_tabela_faturas_por_cliente.sql","criar_tabela_faturas_por_cliente","SUBSTITUTE","core.faturas_por_cliente + crosswalks","PLATAFORMA_DE_DADOS_E_OWNER_DO_DOMINIO","TIME_NOMINAL_NAO_INFORMADO","V2-030","CLASSIFIED","DDL legado; responsabilidade, não modelo a copiar","YES",""
"table_script","008_criar_tabela_dim_calendario","database/tabelas/008_criar_tabela_dim_calendario.sql","criar_tabela_dim_calendario","PRESERVE","ref.calendario","PLATAFORMA_DE_DADOS_E_OWNER_DO_DOMINIO","TIME_NOMINAL_NAO_INFORMADO","V2-035a","IMPLEMENTED_OFFLINE_CANDIDATE","DDL legado; responsabilidade, não modelo a copiar","YES","V008 modela o contrato tipado sem baseline/default produtivo"
"table_script","009_criar_tabela_log_extracoes","database/tabelas/009_criar_tabela_log_extracoes.sql","criar_tabela_log_extracoes","CONSOLIDATE","ctl.execution","PLATAFORMA_DE_DADOS_E_OWNER_DO_DOMINIO","TIME_NOMINAL_NAO_INFORMADO","V2-020","CLASSIFIED","DDL legado; responsabilidade, não modelo a copiar","YES",""
"table_script","010_criar_tabela_page_audit","database/tabelas/010_criar_tabela_page_audit.sql","criar_tabela_page_audit","CONSOLIDATE","ctl.page_audit","PLATAFORMA_DE_DADOS_E_OWNER_DO_DOMINIO","TIME_NOMINAL_NAO_INFORMADO","V2-020","CLASSIFIED","DDL legado; responsabilidade, não modelo a copiar","YES",""
"table_script","011_criar_tabela_dim_usuarios","database/tabelas/011_criar_tabela_dim_usuarios.sql","criar_tabela_dim_usuarios","SUBSTITUTE","core.usuario","PLATAFORMA_DE_DADOS_E_OWNER_DO_DOMINIO","TIME_NOMINAL_NAO_INFORMADO","V2-033/V2-035b","IMPLEMENTED_IN_SHADOW","DDL legado; responsabilidade, não modelo a copiar","YES",""
"table_script","012_criar_tabela_sys_execution_history","database/tabelas/012_criar_tabela_sys_execution_history.sql","criar_tabela_sys_execution_history","CONSOLIDATE","ctl.execution","PLATAFORMA_DE_DADOS_E_OWNER_DO_DOMINIO","TIME_NOMINAL_NAO_INFORMADO","V2-020","CLASSIFIED","DDL legado; responsabilidade, não modelo a copiar","YES",""
"table_script","013_criar_tabela_sys_auditoria_temp","database/tabelas/013_criar_tabela_sys_auditoria_temp.sql","criar_tabela_sys_auditoria_temp","RETIRE","nenhum; temporário sem PK","PLATAFORMA_DE_DADOS_E_OWNER_DO_DOMINIO","TIME_NOMINAL_NAO_INFORMADO","V2-019","CLASSIFIED","DDL legado; responsabilidade, não modelo a copiar","YES",""
"table_script","014_criar_tabela_sys_execution_audit","database/tabelas/014_criar_tabela_sys_execution_audit.sql","criar_tabela_sys_execution_audit","CONSOLIDATE","ctl.execution_event","PLATAFORMA_DE_DADOS_E_OWNER_DO_DOMINIO","TIME_NOMINAL_NAO_INFORMADO","V2-020","CLASSIFIED","DDL legado; responsabilidade, não modelo a copiar","YES",""
"table_script","015_criar_tabela_sys_execution_watermark","database/tabelas/015_criar_tabela_sys_execution_watermark.sql","criar_tabela_sys_execution_watermark","SUBSTITUTE","ctl.partition_ledger","PLATAFORMA_DE_DADOS_E_OWNER_DO_DOMINIO","TIME_NOMINAL_NAO_INFORMADO","V2-020","CLASSIFIED","DDL legado; responsabilidade, não modelo a copiar","YES",""
"table_script","016_alter_tabela_dim_usuarios_estado","database/tabelas/016_alter_tabela_dim_usuarios_estado.sql","alter_tabela_dim_usuarios_estado","CONSOLIDATE","core.usuario + core.usuario_history","PLATAFORMA_DE_DADOS_E_OWNER_DO_DOMINIO","TIME_NOMINAL_NAO_INFORMADO","V2-033","IMPLEMENTED_IN_SHADOW","DDL legado; responsabilidade, não modelo a copiar","YES","ALTER; não cria a 35ª tabela final"
"table_script","017_criar_tabela_dim_usuarios_historico","database/tabelas/017_criar_tabela_dim_usuarios_historico.sql","criar_tabela_dim_usuarios_historico","PRESERVE","core.usuario_history","PLATAFORMA_DE_DADOS_E_OWNER_DO_DOMINIO","TIME_NOMINAL_NAO_INFORMADO","V2-033","IMPLEMENTED_IN_SHADOW","DDL legado; responsabilidade, não modelo a copiar","YES",""
"table_script","018_criar_tabela_schema_migrations","database/tabelas/018_criar_tabela_schema_migrations.sql","criar_tabela_schema_migrations","RETIRE","flyway_schema_history + fingerprint","PLATAFORMA_DE_DADOS_E_OWNER_DO_DOMINIO","TIME_NOMINAL_NAO_INFORMADO","V2-019","CLASSIFIED","DDL legado; responsabilidade, não modelo a copiar","YES",""
"table_script","019_criar_tabela_etl_invalid_records","database/tabelas/019_criar_tabela_etl_invalid_records.sql","criar_tabela_etl_invalid_records","SUBSTITUTE","stg/recon.quarantine","PLATAFORMA_DE_DADOS_E_OWNER_DO_DOMINIO","TIME_NOMINAL_NAO_INFORMADO","V2-021","CLASSIFIED","DDL legado; responsabilidade, não modelo a copiar","YES",""
"table_script","020_criar_tabela_inventario","database/tabelas/020_criar_tabela_inventario.sql","criar_tabela_inventario","SUBSTITUTE","core.inventario + filhos","PLATAFORMA_DE_DADOS_E_OWNER_DO_DOMINIO","TIME_NOMINAL_NAO_INFORMADO","V2-031","CLASSIFIED","DDL legado; responsabilidade, não modelo a copiar","YES",""
"table_script","021_criar_tabela_sinistros","database/tabelas/021_criar_tabela_sinistros.sql","criar_tabela_sinistros","SUBSTITUTE","core.sinistros + relações","PLATAFORMA_DE_DADOS_E_OWNER_DO_DOMINIO","TIME_NOMINAL_NAO_INFORMADO","V2-032","CLASSIFIED","DDL legado; responsabilidade, não modelo a copiar","YES",""
"table_script","022_criar_tabela_sys_replay_idempotency","database/tabelas/022_criar_tabela_sys_replay_idempotency.sql","criar_tabela_sys_replay_idempotency","CONSOLIDATE","ctl.execution/idempotency","PLATAFORMA_DE_DADOS_E_OWNER_DO_DOMINIO","TIME_NOMINAL_NAO_INFORMADO","V2-020","CLASSIFIED","DDL legado; responsabilidade, não modelo a copiar","YES",""
"table_script","023_criar_tabela_sys_reconciliation_quarantine","database/tabelas/023_criar_tabela_sys_reconciliation_quarantine.sql","criar_tabela_sys_reconciliation_quarantine","SUBSTITUTE","recon.quarantine","PLATAFORMA_DE_DADOS_E_OWNER_DO_DOMINIO","TIME_NOMINAL_NAO_INFORMADO","V2-021","CLASSIFIED","DDL legado; responsabilidade, não modelo a copiar","YES",""
"table_script","024_criar_tabela_raster_viagens","database/tabelas/024_criar_tabela_raster_viagens.sql","criar_tabela_raster_viagens","CONDITIONAL","core.raster_viagens","PLATAFORMA_DE_DADOS_E_OWNER_DO_DOMINIO","TIME_NOMINAL_NAO_INFORMADO","V2-034a/V2-034b","CLASSIFIED","DDL legado; responsabilidade, não modelo a copiar","YES",""
"table_script","025_criar_tabela_raster_viagem_paradas","database/tabelas/025_criar_tabela_raster_viagem_paradas.sql","criar_tabela_raster_viagem_paradas","CONDITIONAL","core.raster_paradas","PLATAFORMA_DE_DADOS_E_OWNER_DO_DOMINIO","TIME_NOMINAL_NAO_INFORMADO","V2-034a/V2-034b","CLASSIFIED","DDL legado; responsabilidade, não modelo a copiar","YES",""
"table_script","026_criar_tabela_localizacao_cargas_regiao_destino_alias","database/tabelas/026_criar_tabela_localizacao_cargas_regiao_destino_alias.sql","criar_tabela_localizacao_cargas_regiao_destino_alias","PRESERVE","ref.regiao_destino_alias","PLATAFORMA_DE_DADOS_E_OWNER_DO_DOMINIO","TIME_NOMINAL_NAO_INFORMADO","V2-035a","OFFLINE_SCHEMA_READY_EXTERNAL_INPUT_REQUIRED","DDL legado; responsabilidade, não modelo a copiar","YES","V008 modela o contrato tipado sem baseline/default produtivo"
"table_script","027_criar_tabela_manifestos_frota_propria_cnpjs","database/tabelas/027_criar_tabela_manifestos_frota_propria_cnpjs.sql","criar_tabela_manifestos_frota_propria_cnpjs","PRESERVE","ref.frota_propria_documento","PLATAFORMA_DE_DADOS_E_OWNER_DO_DOMINIO","TIME_NOMINAL_NAO_INFORMADO","V2-035a","OFFLINE_SCHEMA_READY_EXTERNAL_INPUT_REQUIRED","DDL legado; responsabilidade, não modelo a copiar","YES","V008 modela o contrato tipado sem baseline/default produtivo"
"table_script","028_criar_tabela_fato_gestao_vista_fretes","database/tabelas/028_criar_tabela_fato_gestao_vista_fretes.sql","criar_tabela_fato_gestao_vista_fretes","PRESERVE","mart.fato_gestao_fretes","PLATAFORMA_DE_DADOS_E_OWNER_DO_DOMINIO","TIME_NOMINAL_NAO_INFORMADO","V2-036","CLASSIFIED","DDL legado; responsabilidade, não modelo a copiar","YES",""
"table_script","029_criar_tabela_fato_gestao_vista_coletores","database/tabelas/029_criar_tabela_fato_gestao_vista_coletores.sql","criar_tabela_fato_gestao_vista_coletores","PRESERVE","mart.fato_gestao_coletores","PLATAFORMA_DE_DADOS_E_OWNER_DO_DOMINIO","TIME_NOMINAL_NAO_INFORMADO","V2-036","CLASSIFIED","DDL legado; responsabilidade, não modelo a copiar","YES",""
"table_script","030_criar_tabela_fato_fretes_faturamento","database/tabelas/030_criar_tabela_fato_fretes_faturamento.sql","criar_tabela_fato_fretes_faturamento","PRESERVE","mart.fato_fretes_faturamento","PLATAFORMA_DE_DADOS_E_OWNER_DO_DOMINIO","TIME_NOMINAL_NAO_INFORMADO","V2-036","CLASSIFIED","DDL legado; responsabilidade, não modelo a copiar","YES",""
"table_script","031_criar_tabela_fato_gestao_vista_faturas","database/tabelas/031_criar_tabela_fato_gestao_vista_faturas.sql","criar_tabela_fato_gestao_vista_faturas","PRESERVE","mart.fato_gestao_faturas","PLATAFORMA_DE_DADOS_E_OWNER_DO_DOMINIO","TIME_NOMINAL_NAO_INFORMADO","V2-036","CLASSIFIED","DDL legado; responsabilidade, não modelo a copiar","YES",""
"table_script","032_criar_tabela_fato_gestao_vista_manifestos","database/tabelas/032_criar_tabela_fato_gestao_vista_manifestos.sql","criar_tabela_fato_gestao_vista_manifestos","PRESERVE","mart.fato_gestao_manifestos","PLATAFORMA_DE_DADOS_E_OWNER_DO_DOMINIO","TIME_NOMINAL_NAO_INFORMADO","V2-036","CLASSIFIED","DDL legado; responsabilidade, não modelo a copiar","YES",""
"table_script","033_criar_tabela_regras_atribuicao_filial","database/tabelas/033_criar_tabela_regras_atribuicao_filial.sql","criar_tabela_regras_atribuicao_filial","PRESERVE","ref.atribuicao_filial","PLATAFORMA_DE_DADOS_E_OWNER_DO_DOMINIO","TIME_NOMINAL_NAO_INFORMADO","V2-035a","OFFLINE_SCHEMA_READY_EXTERNAL_INPUT_REQUIRED","DDL legado; responsabilidade, não modelo a copiar","YES","V008 modela o contrato tipado sem baseline/default produtivo"
"table_script","034_criar_tabela_dim_regiao_logistica_rules","database/tabelas/034_criar_tabela_dim_regiao_logistica_rules.sql","criar_tabela_dim_regiao_logistica_rules","PRESERVE","ref.regiao_logistica_cep + ref.regiao_logistica_cidade_uf","PLATAFORMA_DE_DADOS_E_OWNER_DO_DOMINIO","TIME_NOMINAL_NAO_INFORMADO","V2-035a","OFFLINE_SCHEMA_READY_EXTERNAL_INPUT_REQUIRED","DDL legado; responsabilidade, não modelo a copiar","YES","V008 modela o contrato tipado sem baseline/default produtivo"
"table_script","035_criar_tabela_dim_status_coleta","database/tabelas/035_criar_tabela_dim_status_coleta.sql","criar_tabela_dim_status_coleta","PRESERVE","ref.status_coleta","PLATAFORMA_DE_DADOS_E_OWNER_DO_DOMINIO","TIME_NOMINAL_NAO_INFORMADO","V2-035a","IMPLEMENTED_OFFLINE_CANDIDATE","DDL legado; responsabilidade, não modelo a copiar","YES","V008 modela o contrato tipado sem baseline/default produtivo"
"validation","025_validar_views_dimensao","database/validacao/025_validar_views_dimensao.sql","validação SQL legada","SUBSTITUTE","manifesto/contract test/gate de schema","PLATAFORMA_DE_DADOS_E_OWNER_DO_DOMINIO","TIME_NOMINAL_NAO_INFORMADO","V2-019/V2-037/V2-038","CLASSIFIED","24 scripts; prefixo 042 duplicado","YES","não executar no legado durante este bloco"
"validation","026_validar_tipo_destroy_user_id","database/validacao/026_validar_tipo_destroy_user_id.sql","validação SQL legada","SUBSTITUTE","manifesto/contract test/gate de schema","PLATAFORMA_DE_DADOS_E_OWNER_DO_DOMINIO","TIME_NOMINAL_NAO_INFORMADO","V2-019/V2-037/V2-038","CLASSIFIED","24 scripts; prefixo 042 duplicado","YES","não executar no legado durante este bloco"
"validation","027_diagnosticar_campos_null_coletas","database/validacao/027_diagnosticar_campos_null_coletas.sql","validação SQL legada","CONSOLIDATE","DQ/paridade/manifesto","PLATAFORMA_DE_DADOS_E_OWNER_DO_DOMINIO","TIME_NOMINAL_NAO_INFORMADO","V2-012/V2-038/V2-050","CLASSIFIED","24 scripts; prefixo 042 duplicado","YES","não executar no legado durante este bloco"
"validation","028_validacao_rapida_extracao","database/validacao/028_validacao_rapida_extracao.sql","validação SQL legada","CONSOLIDATE","DQ/paridade/manifesto","PLATAFORMA_DE_DADOS_E_OWNER_DO_DOMINIO","TIME_NOMINAL_NAO_INFORMADO","V2-012/V2-038/V2-050","CLASSIFIED","24 scripts; prefixo 042 duplicado","YES","não executar no legado durante este bloco"
"validation","030_api_vs_banco_uma_linha","database/validacao/030_api_vs_banco_uma_linha.sql","validação SQL legada","CONSOLIDATE","DQ/paridade/manifesto","PLATAFORMA_DE_DADOS_E_OWNER_DO_DOMINIO","TIME_NOMINAL_NAO_INFORMADO","V2-012/V2-038/V2-050","CLASSIFIED","24 scripts; prefixo 042 duplicado","YES","não executar no legado durante este bloco"
"validation","031_limpar_dados_todas_tabelas","database/validacao/031_limpar_dados_todas_tabelas.sql","validação SQL legada","RETIRE","nenhum; operação destrutiva proibida","PLATAFORMA_DE_DADOS_E_OWNER_DO_DOMINIO","TIME_NOMINAL_NAO_INFORMADO","V2-019","CLASSIFIED","24 scripts; prefixo 042 duplicado","YES","não executar no legado durante este bloco"
"validation","032_validar_orfaos_manifestos_coletas","database/validacao/032_validar_orfaos_manifestos_coletas.sql","validação SQL legada","CONSOLIDATE","DQ/paridade/manifesto","PLATAFORMA_DE_DADOS_E_OWNER_DO_DOMINIO","TIME_NOMINAL_NAO_INFORMADO","V2-012/V2-038/V2-050","CLASSIFIED","24 scripts; prefixo 042 duplicado","YES","não executar no legado durante este bloco"
"validation","034_validar_schema_recriacao","database/validacao/034_validar_schema_recriacao.sql","validação SQL legada","SUBSTITUTE","manifesto/contract test/gate de schema","PLATAFORMA_DE_DADOS_E_OWNER_DO_DOMINIO","TIME_NOMINAL_NAO_INFORMADO","V2-019/V2-037/V2-038","CLASSIFIED","24 scripts; prefixo 042 duplicado","YES","não executar no legado durante este bloco"
"validation","035_validar_manifestos_tipo_motorista","database/validacao/035_validar_manifestos_tipo_motorista.sql","validação SQL legada","CONSOLIDATE","DQ/paridade/manifesto","PLATAFORMA_DE_DADOS_E_OWNER_DO_DOMINIO","TIME_NOMINAL_NAO_INFORMADO","V2-012/V2-038/V2-050","CLASSIFIED","24 scripts; prefixo 042 duplicado","YES","não executar no legado durante este bloco"
"validation","036_validar_volumes_fretes_faturamento","database/validacao/036_validar_volumes_fretes_faturamento.sql","validação SQL legada","CONSOLIDATE","DQ/paridade/manifesto","PLATAFORMA_DE_DADOS_E_OWNER_DO_DOMINIO","TIME_NOMINAL_NAO_INFORMADO","V2-012/V2-038/V2-050","CLASSIFIED","24 scripts; prefixo 042 duplicado","YES","não executar no legado durante este bloco"
"validation","037_validar_manifestos_metricas_financeiras","database/validacao/037_validar_manifestos_metricas_financeiras.sql","validação SQL legada","CONSOLIDATE","DQ/paridade/manifesto","PLATAFORMA_DE_DADOS_E_OWNER_DO_DOMINIO","TIME_NOMINAL_NAO_INFORMADO","V2-012/V2-038/V2-050","CLASSIFIED","24 scripts; prefixo 042 duplicado","YES","não executar no legado durante este bloco"
"validation","038_validar_fato_gestao_vista_fretes","database/validacao/038_validar_fato_gestao_vista_fretes.sql","validação SQL legada","SUBSTITUTE","gate de fato/mart","PLATAFORMA_DE_DADOS_E_OWNER_DO_DOMINIO","TIME_NOMINAL_NAO_INFORMADO","V2-036/V2-038/V2-050","CLASSIFIED","24 scripts; prefixo 042 duplicado","YES","não executar no legado durante este bloco"
"validation","039_validar_fato_gestao_vista_coletores","database/validacao/039_validar_fato_gestao_vista_coletores.sql","validação SQL legada","SUBSTITUTE","gate de fato/mart","PLATAFORMA_DE_DADOS_E_OWNER_DO_DOMINIO","TIME_NOMINAL_NAO_INFORMADO","V2-036/V2-038/V2-050","CLASSIFIED","24 scripts; prefixo 042 duplicado","YES","não executar no legado durante este bloco"
"validation","040_validar_fato_fretes_faturamento","database/validacao/040_validar_fato_fretes_faturamento.sql","validação SQL legada","SUBSTITUTE","gate de fato/mart","PLATAFORMA_DE_DADOS_E_OWNER_DO_DOMINIO","TIME_NOMINAL_NAO_INFORMADO","V2-036/V2-038/V2-050","CLASSIFIED","24 scripts; prefixo 042 duplicado","YES","não executar no legado durante este bloco"
"validation","041_validar_fato_gestao_vista_faturas","database/validacao/041_validar_fato_gestao_vista_faturas.sql","validação SQL legada","SUBSTITUTE","gate de fato/mart","PLATAFORMA_DE_DADOS_E_OWNER_DO_DOMINIO","TIME_NOMINAL_NAO_INFORMADO","V2-036/V2-038/V2-050","CLASSIFIED","24 scripts; prefixo 042 duplicado","YES","não executar no legado durante este bloco"
"validation","042_auditar_catalogo_metadados","database/validacao/042_auditar_catalogo_metadados.sql","validação SQL legada","SUBSTITUTE","manifesto/contract test/gate de schema","PLATAFORMA_DE_DADOS_E_OWNER_DO_DOMINIO","TIME_NOMINAL_NAO_INFORMADO","V2-019/V2-037/V2-038","CLASSIFIED","24 scripts; prefixo 042 duplicado","YES","não executar no legado durante este bloco"
"validation","042_validar_contrato_dashboard_performance","database/validacao/042_validar_contrato_dashboard_performance.sql","validação SQL legada","RETIRE","consumer contract externo; somente asserção core comprovada","PLATAFORMA_DE_DADOS_E_OWNER_DO_DOMINIO","TIME_NOMINAL_NAO_INFORMADO","V2-037","CLASSIFIED","24 scripts; prefixo 042 duplicado","YES","não executar no legado durante este bloco"
"validation","043_validar_indice_performance_fretes","database/validacao/043_validar_indice_performance_fretes.sql","validação SQL legada","SUBSTITUTE","manifesto/contract test/gate de schema","PLATAFORMA_DE_DADOS_E_OWNER_DO_DOMINIO","TIME_NOMINAL_NAO_INFORMADO","V2-019/V2-037/V2-038","CLASSIFIED","24 scripts; prefixo 042 duplicado","YES","não executar no legado durante este bloco"
"validation","044_auditar_capacidade_manifestos","database/validacao/044_auditar_capacidade_manifestos.sql","validação SQL legada","CONSOLIDATE","DQ/paridade/manifesto","PLATAFORMA_DE_DADOS_E_OWNER_DO_DOMINIO","TIME_NOMINAL_NAO_INFORMADO","V2-012/V2-038/V2-050","CLASSIFIED","24 scripts; prefixo 042 duplicado","YES","não executar no legado durante este bloco"
"validation","045_validar_fato_gestao_vista_manifestos","database/validacao/045_validar_fato_gestao_vista_manifestos.sql","validação SQL legada","SUBSTITUTE","gate de fato/mart","PLATAFORMA_DE_DADOS_E_OWNER_DO_DOMINIO","TIME_NOMINAL_NAO_INFORMADO","V2-036/V2-038/V2-050","CLASSIFIED","24 scripts; prefixo 042 duplicado","YES","não executar no legado durante este bloco"
"validation","046_validar_catalogo_status_coletas","database/validacao/046_validar_catalogo_status_coletas.sql","validação SQL legada","SUBSTITUTE","manifesto/contract test/gate de schema","PLATAFORMA_DE_DADOS_E_OWNER_DO_DOMINIO","TIME_NOMINAL_NAO_INFORMADO","V2-019/V2-037/V2-038","CLASSIFIED","24 scripts; prefixo 042 duplicado","YES","não executar no legado durante este bloco"
"validation","047_validar_reconciliacao_segura_coletas","database/validacao/047_validar_reconciliacao_segura_coletas.sql","validação SQL legada","CONSOLIDATE","DQ/paridade/manifesto","PLATAFORMA_DE_DADOS_E_OWNER_DO_DOMINIO","TIME_NOMINAL_NAO_INFORMADO","V2-012/V2-038/V2-050","CLASSIFIED","24 scripts; prefixo 042 duplicado","YES","não executar no legado durante este bloco"
"validation","048_validar_unicidade_view_coletas","database/validacao/048_validar_unicidade_view_coletas.sql","validação SQL legada","SUBSTITUTE","manifesto/contract test/gate de schema","PLATAFORMA_DE_DADOS_E_OWNER_DO_DOMINIO","TIME_NOMINAL_NAO_INFORMADO","V2-019/V2-037/V2-038","CLASSIFIED","24 scripts; prefixo 042 duplicado","YES","não executar no legado durante este bloco"
"validation","049_validar_status_candidatas_exclusao_coletas","database/validacao/049_validar_status_candidatas_exclusao_coletas.sql","validação SQL legada","CONSOLIDATE","DQ/paridade/manifesto","PLATAFORMA_DE_DADOS_E_OWNER_DO_DOMINIO","TIME_NOMINAL_NAO_INFORMADO","V2-012/V2-038/V2-050","CLASSIFIED","24 scripts; prefixo 042 duplicado","YES","não executar no legado durante este bloco"
"view_etl","011_criar_view_faturas_por_cliente_powerbi","database/views/011_criar_view_faturas_por_cliente_powerbi.sql","contrato SQL/view","PRESERVE","pub contrato a ratificar por consumidor","BI_OU_CONSUMIDOR_E_PLATAFORMA_DE_DADOS","TIME_NOMINAL_NAO_INFORMADO","V2-037","CONSUMER_MANIFEST_PENDING","DDL da view; dashboard não consultado","YES","nome, grão, aliases e filtros são candidatos até aceite externo"
"view_etl","012_criar_view_fretes_powerbi","database/views/012_criar_view_fretes_powerbi.sql","contrato SQL/view","PRESERVE","pub contrato a ratificar por consumidor","BI_OU_CONSUMIDOR_E_PLATAFORMA_DE_DADOS","TIME_NOMINAL_NAO_INFORMADO","V2-037","CONSUMER_MANIFEST_PENDING","DDL da view; dashboard não consultado","YES","nome, grão, aliases e filtros são candidatos até aceite externo"
"view_etl","013_criar_view_coletas_powerbi","database/views/013_criar_view_coletas_powerbi.sql","contrato SQL/view","PRESERVE","pub contrato a ratificar por consumidor","BI_OU_CONSUMIDOR_E_PLATAFORMA_DE_DADOS","TIME_NOMINAL_NAO_INFORMADO","V2-037","CONSUMER_MANIFEST_PENDING","DDL da view; dashboard não consultado","YES","nome, grão, aliases e filtros são candidatos até aceite externo"
"view_etl","014_criar_view_coletas_excluidas_origem","database/views/014_criar_view_coletas_excluidas_origem.sql","contrato SQL/view","PRESERVE","pub contrato a ratificar por consumidor","BI_OU_CONSUMIDOR_E_PLATAFORMA_DE_DADOS","TIME_NOMINAL_NAO_INFORMADO","V2-037","CONSUMER_MANIFEST_PENDING","DDL da view; dashboard não consultado","YES","nome, grão, aliases e filtros são candidatos até aceite externo"
"view_etl","015_criar_view_cotacoes_powerbi","database/views/015_criar_view_cotacoes_powerbi.sql","contrato SQL/view","PRESERVE","pub contrato a ratificar por consumidor","BI_OU_CONSUMIDOR_E_PLATAFORMA_DE_DADOS","TIME_NOMINAL_NAO_INFORMADO","V2-037","CONSUMER_MANIFEST_PENDING","DDL da view; dashboard não consultado","YES","nome, grão, aliases e filtros são candidatos até aceite externo"
"view_etl","016_criar_view_contas_a_pagar_powerbi","database/views/016_criar_view_contas_a_pagar_powerbi.sql","contrato SQL/view","PRESERVE","pub contrato a ratificar por consumidor","BI_OU_CONSUMIDOR_E_PLATAFORMA_DE_DADOS","TIME_NOMINAL_NAO_INFORMADO","V2-037","CONSUMER_MANIFEST_PENDING","DDL da view; dashboard não consultado","YES","nome, grão, aliases e filtros são candidatos até aceite externo"
"view_etl","017_criar_view_localizacao_cargas_powerbi","database/views/017_criar_view_localizacao_cargas_powerbi.sql","contrato SQL/view","PRESERVE","pub contrato a ratificar por consumidor","BI_OU_CONSUMIDOR_E_PLATAFORMA_DE_DADOS","TIME_NOMINAL_NAO_INFORMADO","V2-037","CONSUMER_MANIFEST_PENDING","DDL da view; dashboard não consultado","YES","nome, grão, aliases e filtros são candidatos até aceite externo"
"view_etl","018_criar_view_manifestos_powerbi","database/views/018_criar_view_manifestos_powerbi.sql","contrato SQL/view","PRESERVE","pub contrato a ratificar por consumidor","BI_OU_CONSUMIDOR_E_PLATAFORMA_DE_DADOS","TIME_NOMINAL_NAO_INFORMADO","V2-037","CONSUMER_MANIFEST_PENDING","DDL da view; dashboard não consultado","YES","nome, grão, aliases e filtros são candidatos até aceite externo"
"view_etl","019_criar_view_bi_monitoramento","database/views/019_criar_view_bi_monitoramento.sql","contrato SQL/view","CONSOLIDATE","ctl/recon; não público por default","BI_OU_CONSUMIDOR_E_PLATAFORMA_DE_DADOS","TIME_NOMINAL_NAO_INFORMADO","V2-020/V2-037","CONSUMER_MANIFEST_PENDING","DDL da view; dashboard não consultado","YES","nome, grão, aliases e filtros são candidatos até aceite externo"
"view_etl","019_criar_view_dim_filiais","database/views-dimensao/019_criar_view_dim_filiais.sql","contrato SQL/view","PRESERVE","pub contrato a ratificar por consumidor","BI_OU_CONSUMIDOR_E_PLATAFORMA_DE_DADOS","TIME_NOMINAL_NAO_INFORMADO","V2-037","CONSUMER_MANIFEST_PENDING","DDL da view; dashboard não consultado","YES","nome, grão, aliases e filtros são candidatos até aceite externo"
"view_etl","020_criar_view_dim_clientes","database/views-dimensao/020_criar_view_dim_clientes.sql","contrato SQL/view","PRESERVE","pub contrato a ratificar por consumidor","BI_OU_CONSUMIDOR_E_PLATAFORMA_DE_DADOS","TIME_NOMINAL_NAO_INFORMADO","V2-037","CONSUMER_MANIFEST_PENDING","DDL da view; dashboard não consultado","YES","nome, grão, aliases e filtros são candidatos até aceite externo"
"view_etl","020_criar_view_inventario_powerbi","database/views/020_criar_view_inventario_powerbi.sql","contrato SQL/view","PRESERVE","pub contrato a ratificar por consumidor","BI_OU_CONSUMIDOR_E_PLATAFORMA_DE_DADOS","TIME_NOMINAL_NAO_INFORMADO","V2-037","CONSUMER_MANIFEST_PENDING","DDL da view; dashboard não consultado","YES","nome, grão, aliases e filtros são candidatos até aceite externo"
"view_etl","021_criar_view_dim_veiculos","database/views-dimensao/021_criar_view_dim_veiculos.sql","contrato SQL/view","PRESERVE","pub contrato a ratificar por consumidor","BI_OU_CONSUMIDOR_E_PLATAFORMA_DE_DADOS","TIME_NOMINAL_NAO_INFORMADO","V2-037","CONSUMER_MANIFEST_PENDING","DDL da view; dashboard não consultado","YES","nome, grão, aliases e filtros são candidatos até aceite externo"
"view_etl","021_criar_view_sinistros_powerbi","database/views/021_criar_view_sinistros_powerbi.sql","contrato SQL/view","PRESERVE","pub contrato a ratificar por consumidor","BI_OU_CONSUMIDOR_E_PLATAFORMA_DE_DADOS","TIME_NOMINAL_NAO_INFORMADO","V2-037","CONSUMER_MANIFEST_PENDING","DDL da view; dashboard não consultado","YES","nome, grão, aliases e filtros são candidatos até aceite externo"
"view_etl","022_criar_view_dim_motoristas","database/views-dimensao/022_criar_view_dim_motoristas.sql","contrato SQL/view","PRESERVE","pub contrato a ratificar por consumidor","BI_OU_CONSUMIDOR_E_PLATAFORMA_DE_DADOS","TIME_NOMINAL_NAO_INFORMADO","V2-037","CONSUMER_MANIFEST_PENDING","DDL da view; dashboard não consultado","YES","nome, grão, aliases e filtros são candidatos até aceite externo"
"view_etl","022_criar_view_raster_sm_transit_time","database/views/022_criar_view_raster_sm_transit_time.sql","contrato SQL/view","CONDITIONAL","pub.vw_raster_sm_transit_time","BI_OU_CONSUMIDOR_E_PLATAFORMA_DE_DADOS","TIME_NOMINAL_NAO_INFORMADO","V2-034a/V2-034b/V2-037","CONSUMER_MANIFEST_PENDING","DDL da view; dashboard não consultado","YES","nome, grão, aliases e filtros são candidatos até aceite externo"
"view_etl","023_criar_view_dim_planocontas","database/views-dimensao/023_criar_view_dim_planocontas.sql","contrato SQL/view","PRESERVE","pub contrato a ratificar por consumidor","BI_OU_CONSUMIDOR_E_PLATAFORMA_DE_DADOS","TIME_NOMINAL_NAO_INFORMADO","V2-037","CONSUMER_MANIFEST_PENDING","DDL da view; dashboard não consultado","YES","nome, grão, aliases e filtros são candidatos até aceite externo"
"view_etl","024_criar_view_dim_usuarios","database/views-dimensao/024_criar_view_dim_usuarios.sql","contrato SQL/view","PRESERVE","pub contrato a ratificar por consumidor","BI_OU_CONSUMIDOR_E_PLATAFORMA_DE_DADOS","TIME_NOMINAL_NAO_INFORMADO","V2-037","CONSUMER_MANIFEST_PENDING","DDL da view; dashboard não consultado","YES","nome, grão, aliases e filtros são candidatos até aceite externo"
"view_etl","025_criar_view_fato_manifestos_dash","database/views/025_criar_view_fato_manifestos_dash.sql","contrato SQL/view","PRESERVE","pub contrato a ratificar por consumidor","BI_OU_CONSUMIDOR_E_PLATAFORMA_DE_DADOS","TIME_NOMINAL_NAO_INFORMADO","V2-037","CONSUMER_MANIFEST_PENDING","DDL da view; dashboard não consultado","YES","nome, grão, aliases e filtros são candidatos até aceite externo"
"view_wrapper","023_publicar_wrappers_dashboard_dev_explicitos","database/views/023_publicar_wrappers_dashboard_dev_explicitos.sql","contrato SQL/view","RETIRE","endpoint/alias externo, sem DDL cross-database","BI_OU_CONSUMIDOR_E_PLATAFORMA_DE_DADOS","TIME_NOMINAL_NAO_INFORMADO","V2-037/V2-048a","CLASSIFIED","DDL da view; dashboard não consultado","YES","nome, grão, aliases e filtros são candidatos até aceite externo"
"view_wrapper","024_publicar_wrappers_dashboard_prod_explicitos","database/views/024_publicar_wrappers_dashboard_prod_explicitos.sql","contrato SQL/view","RETIRE","endpoint/alias externo, sem DDL cross-database","BI_OU_CONSUMIDOR_E_PLATAFORMA_DE_DADOS","TIME_NOMINAL_NAO_INFORMADO","V2-037/V2-048a","CLASSIFIED","DDL da view; dashboard não consultado","YES","nome, grão, aliases e filtros são candidatos até aceite externo"
"windows_alias","root:00-PRODUCAO_START.bat","00-PRODUCAO_START.bat","forwarder para scripts/windows","RETIRE","nenhum","OPERACOES_E_PLATAFORMA","TIME_NOMINAL_NAO_INFORMADO","V2-022","CLASSIFIED","alias estático fora da contagem de 15 scripts primários","YES",""
"windows_alias","root:limpar_logs.bat","limpar_logs.bat","forwarder para scripts/windows","RETIRE","nenhum","OPERACOES_E_PLATAFORMA","TIME_NOMINAL_NAO_INFORMADO","V2-022","CLASSIFIED","alias estático fora da contagem de 15 scripts primários","YES",""
"windows_script","00-PRODUCAO_START.bat","scripts/windows/00-PRODUCAO_START.bat","launcher/job legado","RETIRE","menu monolítico removido","OPERACOES_E_PLATAFORMA","TIME_NOMINAL_NAO_INFORMADO","V2-018/V2-022/V2-023/V2-045","CLASSIFIED","menu monolítico de 1.011 linhas: autenticação SQLite, jobs e flags exclusivas do wrapper; múltiplos boundaries operacionais","YES","scripts V2 serão launchers finos; nenhum daemon/PID"
"windows_script","01-executar_extracao_completa.bat","scripts/windows/01-executar_extracao_completa.bat","launcher/job legado","SUBSTITUTE","launcher fino opcional para one-shot","OPERACOES_E_PLATAFORMA","TIME_NOMINAL_NAO_INFORMADO","V2-018/V2-022/V2-023/V2-045","CLASSIFIED","compila se necessário e executa o JAR com --fluxo-completo, interpretando exit code parcial","YES","scripts V2 serão launchers finos; nenhum daemon/PID"
"windows_script","02-testar_api_especifica.bat","scripts/windows/02-testar_api_especifica.bat","launcher/job legado","CONDITIONAL","ferramenta administrativa read-only","OPERACOES_E_PLATAFORMA","TIME_NOMINAL_NAO_INFORMADO","V2-018/V2-022/V2-023/V2-045","CLASSIFIED","menu/argumentos escolhem GraphQL, Data Export ou Raster e entidade para comando de teste","YES","scripts V2 serão launchers finos; nenhum daemon/PID"
"windows_script","03-validar_config.bat","scripts/windows/03-validar_config.bat","launcher/job legado","SUBSTITUTE","config validate/preflight tipado","OPERACOES_E_PLATAFORMA","TIME_NOMINAL_NAO_INFORMADO","V2-018/V2-022/V2-023/V2-045","CLASSIFIED","executa auth-check e --validar; verifica conexão/pool/schema mínimo de tabelas+procedures e apenas anuncia APIs como OK","YES","scripts V2 serão launchers finos; nenhum daemon/PID"
"windows_script","04-extracao_por_intervalo.bat","scripts/windows/04-extracao_por_intervalo.bat","launcher/job legado","SUBSTITUTE","run/backfill tipado","OPERACOES_E_PLATAFORMA","TIME_NOMINAL_NAO_INFORMADO","V2-018/V2-022/V2-023/V2-045","CLASSIFIED","valida datas e chama --extracao-intervalo com API/entidade e modo rápido opcionais","YES","scripts V2 serão launchers finos; nenhum daemon/PID"
"windows_script","05-loop_extracao_30min.bat","scripts/windows/05-loop_extracao_30min.bat","launcher/job legado","RETIRE","scheduler externo + lease SQL","OPERACOES_E_PLATAFORMA","TIME_NOMINAL_NAO_INFORMADO","V2-018/V2-022/V2-023/V2-045","CLASSIFIED","gerencia loop Java de 60 minutos em background com PID/state/log e start/status/stop","YES","scripts V2 serão launchers finos; nenhum daemon/PID"
"windows_script","06-relatorio-completo-validacao.bat","scripts/windows/06-relatorio-completo-validacao.bat","launcher/job legado","CONSOLIDATE","gates/harness V2","OPERACOES_E_PLATAFORMA","TIME_NOMINAL_NAO_INFORMADO","V2-018/V2-022/V2-023/V2-045","CLASSIFIED","chama --validar-etl-extremo com período fechado/stress e opções de idempotência/hidratação","YES","scripts V2 serão launchers finos; nenhum daemon/PID"
"windows_script","07-exportar_csv.bat","scripts/windows/07-exportar_csv.bat","launcher/job legado","CONDITIONAL","ferramenta administrativa protegida","OPERACOES_E_PLATAFORMA","TIME_NOMINAL_NAO_INFORMADO","V2-018/V2-022/V2-023/V2-045","CLASSIFIED","menu chama --exportar-csv para todas as tabelas ou tabela escolhida e produz arquivo local","YES","scripts V2 serão launchers finos; nenhum daemon/PID"
"windows_script","08-auditar_api.bat","scripts/windows/08-auditar_api.bat","launcher/job legado","CONDITIONAL","probe de contrato separado","OPERACOES_E_PLATAFORMA","TIME_NOMINAL_NAO_INFORMADO","V2-018/V2-022/V2-023/V2-045","CLASSIFIED","chama --auditar-api e gera relatório CSV de campos das entidades","YES","scripts V2 serão launchers finos; nenhum daemon/PID"
"windows_script","09-gerenciar_usuarios.bat","scripts/windows/09-gerenciar_usuarios.bat","launcher/job legado","RETIRE","identidade/RBAC no boundary real","OPERACOES_E_PLATAFORMA","TIME_NOMINAL_NAO_INFORMADO","V2-018/V2-022/V2-023/V2-045","CLASSIFIED","expõe bootstrap/create/reset/disable/info da autenticação SQLite local","YES","scripts V2 serão launchers finos; nenhum daemon/PID"
"windows_script","10-expurgo-orfaos-noturno.ps1","scripts/windows/10-expurgo-orfaos-noturno.ps1","launcher/job legado","SUBSTITUTE","sweep one-shot agendado externamente","OPERACOES_E_PLATAFORMA","TIME_NOMINAL_NAO_INFORMADO","V2-018/V2-022/V2-023/V2-045","CLASSIFIED","chama --expurgo-orfaos batch 500 e, mesmo se falhar, executa as cinco procedures de fatos; java -version 2>&1 com ErrorActionPreference=Stop é incompatível com PowerShell 5.1","YES","scripts V2 serão launchers finos; nenhum daemon/PID"
"windows_script","11-retrofit.bat","scripts/windows/11-retrofit.bat","launcher/job legado","CONSOLIDATE","bootstrap/backfill/replay tipado","OPERACOES_E_PLATAFORMA","TIME_NOMINAL_NAO_INFORMADO","V2-018/V2-022/V2-023/V2-045","CLASSIFIED","usa database/config.bat, auth/safety gate e --extracao-intervalo --retrofit aditivo sem prune","YES","scripts V2 serão launchers finos; nenhum daemon/PID"
"windows_script","15-fechamento-mensal.ps1","scripts/windows/15-fechamento-mensal.ps1","launcher/job legado","SUBSTITUTE","fechamento one-shot com mês explícito","OPERACOES_E_PLATAFORMA","TIME_NOMINAL_NAO_INFORMADO","V2-018/V2-022/V2-023/V2-045","CLASSIFIED","executa --fechamento-mensal one-shot com log, event source e failure marker próprios","YES","scripts V2 serão launchers finos; nenhum daemon/PID"
"windows_script","limpar_logs.bat","scripts/windows/limpar_logs.bat","launcher/job legado","RETIRE","lifecycle/retention governados","OPERACOES_E_PLATAFORMA","TIME_NOMINAL_NAO_INFORMADO","V2-018/V2-022/V2-023/V2-045","CLASSIFIED","apaga logs após checagem de PID; /force só ignora o bloqueio do daemon e /full acrescenta temporários de target e last_run","YES","scripts V2 serão launchers finos; nenhum daemon/PID"
"windows_script","verificar_execucao_ativa.ps1","scripts/windows/verificar_execucao_ativa.ps1","launcher/job legado","SUBSTITUTE","status/lease/heartbeat no ctl","OPERACOES_E_PLATAFORMA","TIME_NOMINAL_NAO_INFORMADO","V2-018/V2-022/V2-023/V2-045","CLASSIFIED","inspeciona PID/state e command line de java/javaw para inferir execução ativa","YES","scripts V2 serão launchers finos; nenhum daemon/PID"
