id,template,path,classification,sourceEvidence,sourceVersion,domainType,parsing,presence,grain,freshness,destination,consumer,limit
"DE-DATA-8636-023","8636","/data/ant_aln_name","OBSERVED_PATH_TYPE_UNRESOLVED","docs/catalogos/bloco56-continuacao/","EXTERNAL_CONTRACT_UNVERSIONED; fingerprint_due_V2-025d","ExpansionValue<String>","TEXT","ABSENT/NULL/VALUE; raw+wire retained; invalid parsing yields explicit issue and quarantine","physical execution+occurrence; current requires explicit synthetic root/part/component binding","MAX(created_at, civilEnd(transaction_date), civilEnd(liquidation_date))","stg.expansion_lab_cap.ant_aln_name","typed staging and exact all-field retry/tie comparison; downstream field-specific projection where contracted","Source identity/cardinality/real acceptance unresolved; synthetic contract only"
"DE-DATA-8636-018","8636","/data/ant_ces_acr_name","OBSERVED","docs/catalogos/bloco56-continuacao/","EXTERNAL_CONTRACT_UNVERSIONED; fingerprint_due_V2-025d","ExpansionValue<String>","TEXT","ABSENT/NULL/VALUE; raw+wire retained; invalid parsing yields explicit issue and quarantine","physical execution+occurrence; current requires explicit synthetic root/part/component binding","MAX(created_at, civilEnd(transaction_date), civilEnd(liquidation_date))","stg.expansion_lab_cap.ant_ces_acr_name","typed staging and exact all-field retry/tie comparison; downstream field-specific projection where contracted","Source identity/cardinality/real acceptance unresolved; synthetic contract only"
"DE-DATA-8636-019","8636","/data/ant_ces_value","OBSERVED","docs/catalogos/bloco56-continuacao/","EXTERNAL_CONTRACT_UNVERSIONED; fingerprint_due_V2-025d","ExpansionValue<java.math.BigDecimal>","DECIMAL","ABSENT/NULL/VALUE; raw+wire retained; invalid parsing yields explicit issue and quarantine","physical execution+occurrence; current requires explicit synthetic root/part/component binding","MAX(created_at, civilEnd(transaction_date), civilEnd(liquidation_date))","stg.expansion_lab_cap.ant_ces_value","typed staging and exact all-field retry/tie comparison; downstream field-specific projection where contracted","Source identity/cardinality/real acceptance unresolved; synthetic contract only"
"DE-DATA-8636-017","8636","/data/ant_crn_psn_nickname","OBSERVED","docs/catalogos/bloco56-continuacao/","EXTERNAL_CONTRACT_UNVERSIONED; fingerprint_due_V2-025d","ExpansionValue<String>","TEXT","ABSENT/NULL/VALUE; raw+wire retained; invalid parsing yields explicit issue and quarantine","physical execution+occurrence; current requires explicit synthetic root/part/component binding","MAX(created_at, civilEnd(transaction_date), civilEnd(liquidation_date))","stg.expansion_lab_cap.ant_crn_psn_nickname","typed staging and exact all-field retry/tie comparison; downstream field-specific projection where contracted","Source identity/cardinality/real acceptance unresolved; synthetic contract only"
"DE-DATA-8636-014","8636","/data/ant_ils_atn_liquidation_date","OBSERVED","docs/catalogos/bloco56-continuacao/","EXTERNAL_CONTRACT_UNVERSIONED; fingerprint_due_V2-025d","ExpansionValue<java.time.LocalDate>","DATE","ABSENT/NULL/VALUE; raw+wire retained; invalid parsing yields explicit issue and quarantine","physical execution+occurrence; current requires explicit synthetic root/part/component binding","MAX(created_at, civilEnd(transaction_date), civilEnd(liquidation_date))","stg.expansion_lab_cap.ant_ils_atn_liquidation_date","ContaPagarRules; core.usp_apply_expansion_laboratory; typed projection","Source identity/cardinality/real acceptance unresolved; synthetic contract only"
"DE-DATA-8636-027","8636","/data/ant_ils_atn_reconciled","OBSERVED","docs/catalogos/bloco56-continuacao/","EXTERNAL_CONTRACT_UNVERSIONED; fingerprint_due_V2-025d","ExpansionValue<Boolean>","BOOLEAN","ABSENT/NULL/VALUE; raw+wire retained; invalid parsing yields explicit issue and quarantine","physical execution+occurrence; current requires explicit synthetic root/part/component binding","MAX(created_at, civilEnd(transaction_date), civilEnd(liquidation_date))","stg.expansion_lab_cap.ant_ils_atn_reconciled","typed staging and exact all-field retry/tie comparison; downstream field-specific projection where contracted","Source identity/cardinality/real acceptance unresolved; synthetic contract only"
"DE-DATA-8636-015","8636","/data/ant_ils_atn_transaction_date","OBSERVED","docs/catalogos/bloco56-continuacao/","EXTERNAL_CONTRACT_UNVERSIONED; fingerprint_due_V2-025d","ExpansionValue<java.time.LocalDate>","DATE","ABSENT/NULL/VALUE; raw+wire retained; invalid parsing yields explicit issue and quarantine","physical execution+occurrence; current requires explicit synthetic root/part/component binding","MAX(created_at, civilEnd(transaction_date), civilEnd(liquidation_date))","stg.expansion_lab_cap.ant_ils_atn_transaction_date","ContaPagarRules; core.usp_apply_expansion_laboratory; typed projection","Source identity/cardinality/real acceptance unresolved; synthetic contract only"
"DE-DATA-8636-024","8636","/data/ant_ils_comments","OBSERVED_PATH_TYPE_UNRESOLVED","docs/catalogos/bloco56-continuacao/","EXTERNAL_CONTRACT_UNVERSIONED; fingerprint_due_V2-025d","ExpansionValue<String>","TEXT","ABSENT/NULL/VALUE; raw+wire retained; invalid parsing yields explicit issue and quarantine","physical execution+occurrence; current requires explicit synthetic root/part/component binding","MAX(created_at, civilEnd(transaction_date), civilEnd(liquidation_date))","stg.expansion_lab_cap.ant_ils_comments","typed staging and exact all-field retry/tie comparison; downstream field-specific projection where contracted","Source identity/cardinality/real acceptance unresolved; synthetic contract only"
"DE-DATA-8636-025","8636","/data/ant_ils_expense_description","OBSERVED_PATH_TYPE_UNRESOLVED","docs/catalogos/bloco56-continuacao/","EXTERNAL_CONTRACT_UNVERSIONED; fingerprint_due_V2-025d","ExpansionValue<String>","TEXT","ABSENT/NULL/VALUE; raw+wire retained; invalid parsing yields explicit issue and quarantine","physical execution+occurrence; current requires explicit synthetic root/part/component binding","MAX(created_at, civilEnd(transaction_date), civilEnd(liquidation_date))","stg.expansion_lab_cap.ant_ils_expense_description","typed staging and exact all-field retry/tie comparison; downstream field-specific projection where contracted","Source identity/cardinality/real acceptance unresolved; synthetic contract only"
"DE-DATA-8636-020","8636","/data/ant_ils_pas_ant_classification","OBSERVED","docs/catalogos/bloco56-continuacao/","EXTERNAL_CONTRACT_UNVERSIONED; fingerprint_due_V2-025d","ExpansionValue<String>","TEXT","ABSENT/NULL/VALUE; raw+wire retained; invalid parsing yields explicit issue and quarantine","physical execution+occurrence; current requires explicit synthetic root/part/component binding","MAX(created_at, civilEnd(transaction_date), civilEnd(liquidation_date))","stg.expansion_lab_cap.ant_ils_pas_ant_classification","typed staging and exact all-field retry/tie comparison; downstream field-specific projection where contracted","Source identity/cardinality/real acceptance unresolved; synthetic contract only"
"DE-DATA-8636-021","8636","/data/ant_ils_pas_ant_name","OBSERVED","docs/catalogos/bloco56-continuacao/","EXTERNAL_CONTRACT_UNVERSIONED; fingerprint_due_V2-025d","ExpansionValue<String>","TEXT","ABSENT/NULL/VALUE; raw+wire retained; invalid parsing yields explicit issue and quarantine","physical execution+occurrence; current requires explicit synthetic root/part/component binding","MAX(created_at, civilEnd(transaction_date), civilEnd(liquidation_date))","stg.expansion_lab_cap.ant_ils_pas_ant_name","typed staging and exact all-field retry/tie comparison; downstream field-specific projection where contracted","Source identity/cardinality/real acceptance unresolved; synthetic contract only"
"DE-DATA-8636-022","8636","/data/ant_ils_pas_value","OBSERVED","docs/catalogos/bloco56-continuacao/","EXTERNAL_CONTRACT_UNVERSIONED; fingerprint_due_V2-025d","ExpansionValue<java.math.BigDecimal>","DECIMAL","ABSENT/NULL/VALUE; raw+wire retained; invalid parsing yields explicit issue and quarantine","physical execution+occurrence; current requires explicit synthetic root/part/component binding","MAX(created_at, civilEnd(transaction_date), civilEnd(liquidation_date))","stg.expansion_lab_cap.ant_ils_pas_value","typed staging and exact all-field retry/tie comparison; downstream field-specific projection where contracted","Source identity/cardinality/real acceptance unresolved; synthetic contract only"
"DE-DATA-8636-001","8636","/data/ant_ils_sequence_code","OBSERVED","docs/catalogos/bloco56-continuacao/","EXTERNAL_CONTRACT_UNVERSIONED; fingerprint_due_V2-025d","ExpansionValue<String>","INTEGER","ABSENT/NULL/VALUE; raw+wire retained; invalid parsing yields explicit issue and quarantine","physical execution+occurrence; current requires explicit synthetic root/part/component binding","MAX(created_at, civilEnd(transaction_date), civilEnd(liquidation_date))","stg.expansion_lab_cap.ant_ils_sequence_code","typed staging and exact all-field retry/tie comparison; downstream field-specific projection where contracted","Source identity/cardinality/real acceptance unresolved; synthetic contract only"
"DE-DATA-8636-016","8636","/data/ant_rir_name","OBSERVED","docs/catalogos/bloco56-continuacao/","EXTERNAL_CONTRACT_UNVERSIONED; fingerprint_due_V2-025d","ExpansionValue<String>","TEXT","ABSENT/NULL/VALUE; raw+wire retained; invalid parsing yields explicit issue and quarantine","physical execution+occurrence; current requires explicit synthetic root/part/component binding","MAX(created_at, civilEnd(transaction_date), civilEnd(liquidation_date))","stg.expansion_lab_cap.ant_rir_name","typed staging and exact all-field retry/tie comparison; downstream field-specific projection where contracted","Source identity/cardinality/real acceptance unresolved; synthetic contract only"
"DE-DATA-8636-026","8636","/data/ant_uer_name","OBSERVED","docs/catalogos/bloco56-continuacao/","EXTERNAL_CONTRACT_UNVERSIONED; fingerprint_due_V2-025d","ExpansionValue<String>","TEXT","ABSENT/NULL/VALUE; raw+wire retained; invalid parsing yields explicit issue and quarantine","physical execution+occurrence; current requires explicit synthetic root/part/component binding","MAX(created_at, civilEnd(transaction_date), civilEnd(liquidation_date))","stg.expansion_lab_cap.ant_uer_name","typed staging and exact all-field retry/tie comparison; downstream field-specific projection where contracted","Source identity/cardinality/real acceptance unresolved; synthetic contract only"
"CAP-comments","8636","/data/comments","OBSERVED","docs/catalogos/bloco56-continuacao/","EXTERNAL_CONTRACT_UNVERSIONED","ExpansionValue<String>","TEXT","ABSENT/NULL/VALUE; raw+wire retained; invalid parsing yields explicit issue and quarantine","physical execution+occurrence; current requires explicit synthetic root/part/component binding","MAX(created_at, civilEnd(transaction_date), civilEnd(liquidation_date))","stg.expansion_lab_cap.comments","typed staging and exact all-field retry/tie comparison; downstream field-specific projection where contracted","Source identity/cardinality/real acceptance unresolved; synthetic contract only"
"DE-DATA-8636-011","8636","/data/competence_month","OBSERVED","docs/catalogos/bloco56-continuacao/","EXTERNAL_CONTRACT_UNVERSIONED; fingerprint_due_V2-025d","ExpansionValue<String>","INTEGER","ABSENT/NULL/VALUE; raw+wire retained; invalid parsing yields explicit issue and quarantine","physical execution+occurrence; current requires explicit synthetic root/part/component binding","MAX(created_at, civilEnd(transaction_date), civilEnd(liquidation_date))","stg.expansion_lab_cap.competence_month","typed staging and exact all-field retry/tie comparison; downstream field-specific projection where contracted","Source identity/cardinality/real acceptance unresolved; synthetic contract only"
"DE-DATA-8636-012","8636","/data/competence_year","OBSERVED","docs/catalogos/bloco56-continuacao/","EXTERNAL_CONTRACT_UNVERSIONED; fingerprint_due_V2-025d","ExpansionValue<String>","INTEGER","ABSENT/NULL/VALUE; raw+wire retained; invalid parsing yields explicit issue and quarantine","physical execution+occurrence; current requires explicit synthetic root/part/component binding","MAX(created_at, civilEnd(transaction_date), civilEnd(liquidation_date))","stg.expansion_lab_cap.competence_year","typed staging and exact all-field retry/tie comparison; downstream field-specific projection where contracted","Source identity/cardinality/real acceptance unresolved; synthetic contract only"
"DE-DATA-8636-013","8636","/data/created_at","OBSERVED","docs/catalogos/bloco56-continuacao/","EXTERNAL_CONTRACT_UNVERSIONED; fingerprint_due_V2-025d","ExpansionValue<java.time.Instant>","INSTANT","ABSENT/NULL/VALUE; raw+wire retained; invalid parsing yields explicit issue and quarantine","physical execution+occurrence; current requires explicit synthetic root/part/component binding","MAX(created_at, civilEnd(transaction_date), civilEnd(liquidation_date))","stg.expansion_lab_cap.created_at","ContaPagarRules; core.usp_apply_expansion_laboratory; typed projection","Source identity/cardinality/real acceptance unresolved; synthetic contract only"
"DE-DATA-8636-007","8636","/data/discount_value","OBSERVED","docs/catalogos/bloco56-continuacao/","EXTERNAL_CONTRACT_UNVERSIONED; fingerprint_due_V2-025d","ExpansionValue<java.math.BigDecimal>","DECIMAL","ABSENT/NULL/VALUE; raw+wire retained; invalid parsing yields explicit issue and quarantine","physical execution+occurrence; current requires explicit synthetic root/part/component binding","MAX(created_at, civilEnd(transaction_date), civilEnd(liquidation_date))","stg.expansion_lab_cap.discount_value","typed staging and exact all-field retry/tie comparison; downstream field-specific projection where contracted","Source identity/cardinality/real acceptance unresolved; synthetic contract only"
"DE-DATA-8636-002","8636","/data/document","OBSERVED","docs/catalogos/bloco56-continuacao/","EXTERNAL_CONTRACT_UNVERSIONED; fingerprint_due_V2-025d","ExpansionValue<String>","TEXT","ABSENT/NULL/VALUE; raw+wire retained; invalid parsing yields explicit issue and quarantine","physical execution+occurrence; current requires explicit synthetic root/part/component binding","MAX(created_at, civilEnd(transaction_date), civilEnd(liquidation_date))","stg.expansion_lab_cap.document","typed staging and exact all-field retry/tie comparison; downstream field-specific projection where contracted","Source identity/cardinality/real acceptance unresolved; synthetic contract only"
"DE-DATA-8636-006","8636","/data/interest_value","OBSERVED","docs/catalogos/bloco56-continuacao/","EXTERNAL_CONTRACT_UNVERSIONED; fingerprint_due_V2-025d","ExpansionValue<java.math.BigDecimal>","DECIMAL","ABSENT/NULL/VALUE; raw+wire retained; invalid parsing yields explicit issue and quarantine","physical execution+occurrence; current requires explicit synthetic root/part/component binding","MAX(created_at, civilEnd(transaction_date), civilEnd(liquidation_date))","stg.expansion_lab_cap.interest_value","typed staging and exact all-field retry/tie comparison; downstream field-specific projection where contracted","Source identity/cardinality/real acceptance unresolved; synthetic contract only"
"DE-DATA-8636-003","8636","/data/issue_date","OBSERVED","docs/catalogos/bloco56-continuacao/","EXTERNAL_CONTRACT_UNVERSIONED; fingerprint_due_V2-025d","ExpansionValue<java.time.LocalDate>","DATE","ABSENT/NULL/VALUE; raw+wire retained; invalid parsing yields explicit issue and quarantine","physical execution+occurrence; current requires explicit synthetic root/part/component binding","MAX(created_at, civilEnd(transaction_date), civilEnd(liquidation_date))","stg.expansion_lab_cap.issue_date","typed staging and exact all-field retry/tie comparison; downstream field-specific projection where contracted","Source identity/cardinality/real acceptance unresolved; synthetic contract only"
"DE-DATA-8636-009","8636","/data/paid","OBSERVED","docs/catalogos/bloco56-continuacao/","EXTERNAL_CONTRACT_UNVERSIONED; fingerprint_due_V2-025d","ExpansionValue<Boolean>","BOOLEAN","ABSENT/NULL/VALUE; raw+wire retained; invalid parsing yields explicit issue and quarantine","physical execution+occurrence; current requires explicit synthetic root/part/component binding","MAX(created_at, civilEnd(transaction_date), civilEnd(liquidation_date))","stg.expansion_lab_cap.paid","ContaPagarRules; core.usp_apply_expansion_laboratory; typed projection","Source identity/cardinality/real acceptance unresolved; synthetic contract only"
"DE-DATA-8636-010","8636","/data/paid_value","OBSERVED","docs/catalogos/bloco56-continuacao/","EXTERNAL_CONTRACT_UNVERSIONED; fingerprint_due_V2-025d","ExpansionValue<java.math.BigDecimal>","DECIMAL","ABSENT/NULL/VALUE; raw+wire retained; invalid parsing yields explicit issue and quarantine","physical execution+occurrence; current requires explicit synthetic root/part/component binding","MAX(created_at, civilEnd(transaction_date), civilEnd(liquidation_date))","stg.expansion_lab_cap.paid_value","typed staging and exact all-field retry/tie comparison; downstream field-specific projection where contracted","Source identity/cardinality/real acceptance unresolved; synthetic contract only"
"DE-DATA-8636-004","8636","/data/type","OBSERVED","docs/catalogos/bloco56-continuacao/","EXTERNAL_CONTRACT_UNVERSIONED; fingerprint_due_V2-025d","ExpansionValue<String>","TEXT","ABSENT/NULL/VALUE; raw+wire retained; invalid parsing yields explicit issue and quarantine","physical execution+occurrence; current requires explicit synthetic root/part/component binding","MAX(created_at, civilEnd(transaction_date), civilEnd(liquidation_date))","stg.expansion_lab_cap.type","typed staging and exact all-field retry/tie comparison; downstream field-specific projection where contracted","Source identity/cardinality/real acceptance unresolved; synthetic contract only"
"DE-DATA-8636-005","8636","/data/value","OBSERVED","docs/catalogos/bloco56-continuacao/","EXTERNAL_CONTRACT_UNVERSIONED; fingerprint_due_V2-025d","ExpansionValue<java.math.BigDecimal>","DECIMAL","ABSENT/NULL/VALUE; raw+wire retained; invalid parsing yields explicit issue and quarantine","physical execution+occurrence; current requires explicit synthetic root/part/component binding","MAX(created_at, civilEnd(transaction_date), civilEnd(liquidation_date))","stg.expansion_lab_cap.value","ContaPagarRules; core.usp_apply_expansion_laboratory; typed projection","Source identity/cardinality/real acceptance unresolved; synthetic contract only"
"DE-DATA-8636-008","8636","/data/value_to_pay","OBSERVED","docs/catalogos/bloco56-continuacao/","EXTERNAL_CONTRACT_UNVERSIONED; fingerprint_due_V2-025d","ExpansionValue<java.math.BigDecimal>","DECIMAL","ABSENT/NULL/VALUE; raw+wire retained; invalid parsing yields explicit issue and quarantine","physical execution+occurrence; current requires explicit synthetic root/part/component binding","MAX(created_at, civilEnd(transaction_date), civilEnd(liquidation_date))","stg.expansion_lab_cap.value_to_pay","typed staging and exact all-field retry/tie comparison; downstream field-specific projection where contracted","Source identity/cardinality/real acceptance unresolved; synthetic contract only"
"FAT-comments","4924","/data/comments","OBSERVED","docs/catalogos/bloco56-continuacao/","EXTERNAL_CONTRACT_UNVERSIONED","ExpansionValue<String>","TEXT","ABSENT/NULL/VALUE; raw+wire retained; invalid parsing yields explicit issue and quarantine","physical execution+occurrence; current requires explicit synthetic root/part/component binding","MAX(civilEnd(payment/due/issue/original_due), cteIssuedInstant)","stg.expansion_lab_fat.comments","typed staging and exact all-field retry/tie comparison; downstream field-specific projection where contracted","Source identity/cardinality/real acceptance unresolved; synthetic contract only"
"FAT-corporation_sequence_number","4924","/data/corporation_sequence_number","OBSERVED","docs/catalogos/bloco56-continuacao/","EXTERNAL_CONTRACT_UNVERSIONED","ExpansionValue<String>","INTEGER","ABSENT/NULL/VALUE; raw+wire retained; invalid parsing yields explicit issue and quarantine","physical execution+occurrence; current requires explicit synthetic root/part/component binding","MAX(civilEnd(payment/due/issue/original_due), cteIssuedInstant)","stg.expansion_lab_fat.corporation_sequence_number","typed staging and exact all-field retry/tie comparison; downstream field-specific projection where contracted","Source identity/cardinality/real acceptance unresolved; synthetic contract only"
"FAT-courtesy","4924","/data/courtesy","OBSERVED","docs/catalogos/bloco56-continuacao/","EXTERNAL_CONTRACT_UNVERSIONED","ExpansionValue<Boolean>","BOOLEAN","ABSENT/NULL/VALUE; raw+wire retained; invalid parsing yields explicit issue and quarantine","physical execution+occurrence; current requires explicit synthetic root/part/component binding","MAX(civilEnd(payment/due/issue/original_due), cteIssuedInstant)","stg.expansion_lab_fat.courtesy","typed staging and exact all-field retry/tie comparison; downstream field-specific projection where contracted","Source identity/cardinality/real acceptance unresolved; synthetic contract only"
"FAT-emission_type","4924","/data/emission_type","OBSERVED","docs/catalogos/bloco56-continuacao/","EXTERNAL_CONTRACT_UNVERSIONED","ExpansionValue<String>","TEXT","ABSENT/NULL/VALUE; raw+wire retained; invalid parsing yields explicit issue and quarantine","physical execution+occurrence; current requires explicit synthetic root/part/component binding","MAX(civilEnd(payment/due/issue/original_due), cteIssuedInstant)","stg.expansion_lab_fat.emission_type","typed staging and exact all-field retry/tie comparison; downstream field-specific projection where contracted","Source identity/cardinality/real acceptance unresolved; synthetic contract only"
"FAT-finished_at","4924","/data/finished_at","OBSERVED_PATH_TYPE_UNRESOLVED","docs/catalogos/bloco56-continuacao/","EXTERNAL_CONTRACT_UNVERSIONED","ExpansionValue<java.time.Instant>","INSTANT","ABSENT/NULL/VALUE; raw+wire retained; invalid parsing yields explicit issue and quarantine","physical execution+occurrence; current requires explicit synthetic root/part/component binding","MAX(civilEnd(payment/due/issue/original_due), cteIssuedInstant)","stg.expansion_lab_fat.finished_at","typed staging and exact all-field retry/tie comparison; downstream field-specific projection where contracted","Source identity/cardinality/real acceptance unresolved; synthetic contract only"
"FAT-fit_ant_ant_name","4924","/data/fit_ant_ant_name","OBSERVED","docs/catalogos/bloco56-continuacao/","EXTERNAL_CONTRACT_UNVERSIONED","ExpansionValue<String>","TEXT","ABSENT/NULL/VALUE; raw+wire retained; invalid parsing yields explicit issue and quarantine","physical execution+occurrence; current requires explicit synthetic root/part/component binding","MAX(civilEnd(payment/due/issue/original_due), cteIssuedInstant)","stg.expansion_lab_fat.fit_ant_ant_name","typed staging and exact all-field retry/tie comparison; downstream field-specific projection where contracted","Source identity/cardinality/real acceptance unresolved; synthetic contract only"
"FAT-fit_ant_discount_value","4924","/data/fit_ant_discount_value","OBSERVED","docs/catalogos/bloco56-continuacao/","EXTERNAL_CONTRACT_UNVERSIONED","ExpansionValue<java.math.BigDecimal>","DECIMAL","ABSENT/NULL/VALUE; raw+wire retained; invalid parsing yields explicit issue and quarantine","physical execution+occurrence; current requires explicit synthetic root/part/component binding","MAX(civilEnd(payment/due/issue/original_due), cteIssuedInstant)","stg.expansion_lab_fat.fit_ant_discount_value","typed staging and exact all-field retry/tie comparison; downstream field-specific projection where contracted","Source identity/cardinality/real acceptance unresolved; synthetic contract only"
"DE-DATA-4924-008","4924","/data/fit_ant_document","OBSERVED","docs/catalogos/bloco56-continuacao/","EXTERNAL_CONTRACT_UNVERSIONED; fingerprint_due_V2-025d","ExpansionValue<String>","TEXT","ABSENT/NULL/VALUE; raw+wire retained; invalid parsing yields explicit issue and quarantine","physical execution+occurrence; current requires explicit synthetic root/part/component binding","MAX(civilEnd(payment/due/issue/original_due), cteIssuedInstant)","stg.expansion_lab_fat.fit_ant_document","typed staging and exact all-field retry/tie comparison; downstream field-specific projection where contracted","Source identity/cardinality/real acceptance unresolved; synthetic contract only"
"DE-DATA-4924-012","4924","/data/fit_ant_ils_atn_transaction_date","OBSERVED_PATH_TYPE_UNRESOLVED","docs/catalogos/bloco56-continuacao/","EXTERNAL_CONTRACT_UNVERSIONED; fingerprint_due_V2-025d","ExpansionValue<java.time.LocalDate>","DATE","ABSENT/NULL/VALUE; raw+wire retained; invalid parsing yields explicit issue and quarantine","physical execution+occurrence; current requires explicit synthetic root/part/component binding","MAX(civilEnd(payment/due/issue/original_due), cteIssuedInstant)","stg.expansion_lab_fat.fit_ant_ils_atn_transaction_date","FaturaClienteRules; core.usp_apply_expansion_laboratory; typed projection","Source identity/cardinality/real acceptance unresolved; synthetic contract only"
"DE-DATA-4924-011","4924","/data/fit_ant_ils_due_date","OBSERVED","docs/catalogos/bloco56-continuacao/","EXTERNAL_CONTRACT_UNVERSIONED; fingerprint_due_V2-025d","ExpansionValue<java.time.LocalDate>","DATE","ABSENT/NULL/VALUE; raw+wire retained; invalid parsing yields explicit issue and quarantine","physical execution+occurrence; current requires explicit synthetic root/part/component binding","MAX(civilEnd(payment/due/issue/original_due), cteIssuedInstant)","stg.expansion_lab_fat.fit_ant_ils_due_date","FaturaClienteRules; core.usp_apply_expansion_laboratory; typed projection","Source identity/cardinality/real acceptance unresolved; synthetic contract only"
"DE-DATA-4924-013","4924","/data/fit_ant_ils_original_due_date","OBSERVED","docs/catalogos/bloco56-continuacao/","EXTERNAL_CONTRACT_UNVERSIONED; fingerprint_due_V2-025d","ExpansionValue<java.time.LocalDate>","DATE","ABSENT/NULL/VALUE; raw+wire retained; invalid parsing yields explicit issue and quarantine","physical execution+occurrence; current requires explicit synthetic root/part/component binding","MAX(civilEnd(payment/due/issue/original_due), cteIssuedInstant)","stg.expansion_lab_fat.fit_ant_ils_original_due_date","FaturaClienteRules; core.usp_apply_expansion_laboratory; typed projection","Source identity/cardinality/real acceptance unresolved; synthetic contract only"
"FAT-fit_ant_interest_value","4924","/data/fit_ant_interest_value","OBSERVED","docs/catalogos/bloco56-continuacao/","EXTERNAL_CONTRACT_UNVERSIONED","ExpansionValue<java.math.BigDecimal>","DECIMAL","ABSENT/NULL/VALUE; raw+wire retained; invalid parsing yields explicit issue and quarantine","physical execution+occurrence; current requires explicit synthetic root/part/component binding","MAX(civilEnd(payment/due/issue/original_due), cteIssuedInstant)","stg.expansion_lab_fat.fit_ant_interest_value","typed staging and exact all-field retry/tie comparison; downstream field-specific projection where contracted","Source identity/cardinality/real acceptance unresolved; synthetic contract only"
"DE-DATA-4924-009","4924","/data/fit_ant_issue_date","OBSERVED","docs/catalogos/bloco56-continuacao/","EXTERNAL_CONTRACT_UNVERSIONED; fingerprint_due_V2-025d","ExpansionValue<java.time.LocalDate>","DATE","ABSENT/NULL/VALUE; raw+wire retained; invalid parsing yields explicit issue and quarantine","physical execution+occurrence; current requires explicit synthetic root/part/component binding","MAX(civilEnd(payment/due/issue/original_due), cteIssuedInstant)","stg.expansion_lab_fat.fit_ant_issue_date","FaturaClienteRules; core.usp_apply_expansion_laboratory; typed projection","Source identity/cardinality/real acceptance unresolved; synthetic contract only"
"FAT-fit_ant_tat_account_number","4924","/data/fit_ant_tat_account_number","OBSERVED","docs/catalogos/bloco56-continuacao/","EXTERNAL_CONTRACT_UNVERSIONED","ExpansionValue<String>","TEXT","ABSENT/NULL/VALUE; raw+wire retained; invalid parsing yields explicit issue and quarantine","physical execution+occurrence; current requires explicit synthetic root/part/component binding","MAX(civilEnd(payment/due/issue/original_due), cteIssuedInstant)","stg.expansion_lab_fat.fit_ant_tat_account_number","typed staging and exact all-field retry/tie comparison; downstream field-specific projection where contracted","Source identity/cardinality/real acceptance unresolved; synthetic contract only"
"FAT-fit_ant_tat_agency_number","4924","/data/fit_ant_tat_agency_number","OBSERVED","docs/catalogos/bloco56-continuacao/","EXTERNAL_CONTRACT_UNVERSIONED","ExpansionValue<String>","TEXT","ABSENT/NULL/VALUE; raw+wire retained; invalid parsing yields explicit issue and quarantine","physical execution+occurrence; current requires explicit synthetic root/part/component binding","MAX(civilEnd(payment/due/issue/original_due), cteIssuedInstant)","stg.expansion_lab_fat.fit_ant_tat_agency_number","typed staging and exact all-field retry/tie comparison; downstream field-specific projection where contracted","Source identity/cardinality/real acceptance unresolved; synthetic contract only"
"FAT-fit_ant_tat_bnk_name","4924","/data/fit_ant_tat_bnk_name","OBSERVED","docs/catalogos/bloco56-continuacao/","EXTERNAL_CONTRACT_UNVERSIONED","ExpansionValue<String>","TEXT","ABSENT/NULL/VALUE; raw+wire retained; invalid parsing yields explicit issue and quarantine","physical execution+occurrence; current requires explicit synthetic root/part/component binding","MAX(civilEnd(payment/due/issue/original_due), cteIssuedInstant)","stg.expansion_lab_fat.fit_ant_tat_bnk_name","typed staging and exact all-field retry/tie comparison; downstream field-specific projection where contracted","Source identity/cardinality/real acceptance unresolved; synthetic contract only"
"FAT-fit_ant_tat_bro_description","4924","/data/fit_ant_tat_bro_description","OBSERVED","docs/catalogos/bloco56-continuacao/","EXTERNAL_CONTRACT_UNVERSIONED","ExpansionValue<String>","TEXT","ABSENT/NULL/VALUE; raw+wire retained; invalid parsing yields explicit issue and quarantine","physical execution+occurrence; current requires explicit synthetic root/part/component binding","MAX(civilEnd(payment/due/issue/original_due), cteIssuedInstant)","stg.expansion_lab_fat.fit_ant_tat_bro_description","typed staging and exact all-field retry/tie comparison; downstream field-specific projection where contracted","Source identity/cardinality/real acceptance unresolved; synthetic contract only"
"FAT-fit_ant_tat_custom_instruction","4924","/data/fit_ant_tat_custom_instruction","OBSERVED","docs/catalogos/bloco56-continuacao/","EXTERNAL_CONTRACT_UNVERSIONED","ExpansionValue<String>","TEXT","ABSENT/NULL/VALUE; raw+wire retained; invalid parsing yields explicit issue and quarantine","physical execution+occurrence; current requires explicit synthetic root/part/component binding","MAX(civilEnd(payment/due/issue/original_due), cteIssuedInstant)","stg.expansion_lab_fat.fit_ant_tat_custom_instruction","typed staging and exact all-field retry/tie comparison; downstream field-specific projection where contracted","Source identity/cardinality/real acceptance unresolved; synthetic contract only"
"DE-DATA-4924-010","4924","/data/fit_ant_value","OBSERVED","docs/catalogos/bloco56-continuacao/","EXTERNAL_CONTRACT_UNVERSIONED; fingerprint_due_V2-025d","ExpansionValue<java.math.BigDecimal>","DECIMAL","ABSENT/NULL/VALUE; raw+wire retained; invalid parsing yields explicit issue and quarantine","physical execution+occurrence; current requires explicit synthetic root/part/component binding","MAX(civilEnd(payment/due/issue/original_due), cteIssuedInstant)","stg.expansion_lab_fat.fit_ant_value","typed staging and exact all-field retry/tie comparison; downstream field-specific projection where contracted","Source identity/cardinality/real acceptance unresolved; synthetic contract only"
"DE-DATA-4924-018","4924","/data/fit_crn_psn_nickname","OBSERVED","docs/catalogos/bloco56-continuacao/","EXTERNAL_CONTRACT_UNVERSIONED; fingerprint_due_V2-025d","ExpansionValue<String>","TEXT","ABSENT/NULL/VALUE; raw+wire retained; invalid parsing yields explicit issue and quarantine","physical execution+occurrence; current requires explicit synthetic root/part/component binding","MAX(civilEnd(payment/due/issue/original_due), cteIssuedInstant)","stg.expansion_lab_fat.fit_crn_psn_nickname","typed staging and exact all-field retry/tie comparison; downstream field-specific projection where contracted","Source identity/cardinality/real acceptance unresolved; synthetic contract only"
"FAT-fit_d_t_created_at","4924","/data/fit_d_t_created_at","OBSERVED_PATH_TYPE_UNRESOLVED","docs/catalogos/bloco56-continuacao/","EXTERNAL_CONTRACT_UNVERSIONED","ExpansionValue<java.time.Instant>","INSTANT","ABSENT/NULL/VALUE; raw+wire retained; invalid parsing yields explicit issue and quarantine","physical execution+occurrence; current requires explicit synthetic root/part/component binding","MAX(civilEnd(payment/due/issue/original_due), cteIssuedInstant)","stg.expansion_lab_fat.fit_d_t_created_at","typed staging and exact all-field retry/tie comparison; downstream field-specific projection where contracted","Source identity/cardinality/real acceptance unresolved; synthetic contract only"
"DE-DATA-4924-019","4924","/data/fit_diy_sae_name","OBSERVED","docs/catalogos/bloco56-continuacao/","EXTERNAL_CONTRACT_UNVERSIONED; fingerprint_due_V2-025d","ExpansionValue<String>","TEXT","ABSENT/NULL/VALUE; raw+wire retained; invalid parsing yields explicit issue and quarantine","physical execution+occurrence; current requires explicit synthetic root/part/component binding","MAX(civilEnd(payment/due/issue/original_due), cteIssuedInstant)","stg.expansion_lab_fat.fit_diy_sae_name","typed staging and exact all-field retry/tie comparison; downstream field-specific projection where contracted","Source identity/cardinality/real acceptance unresolved; synthetic contract only"
"FAT-fit_dyn_drt_nickname","4924","/data/fit_dyn_drt_nickname","OBSERVED","docs/catalogos/bloco56-continuacao/","EXTERNAL_CONTRACT_UNVERSIONED","ExpansionValue<String>","TEXT","ABSENT/NULL/VALUE; raw+wire retained; invalid parsing yields explicit issue and quarantine","physical execution+occurrence; current requires explicit synthetic root/part/component binding","MAX(civilEnd(payment/due/issue/original_due), cteIssuedInstant)","stg.expansion_lab_fat.fit_dyn_drt_nickname","typed staging and exact all-field retry/tie comparison; downstream field-specific projection where contracted","Source identity/cardinality/real acceptance unresolved; synthetic contract only"
"DE-DATA-4924-004","4924","/data/fit_fhe_cte_issued_at","OBSERVED","docs/catalogos/bloco56-continuacao/","EXTERNAL_CONTRACT_UNVERSIONED; fingerprint_due_V2-025d","ExpansionValue<java.time.Instant>","INSTANT","ABSENT/NULL/VALUE; raw+wire retained; invalid parsing yields explicit issue and quarantine","physical execution+occurrence; current requires explicit synthetic root/part/component binding","MAX(civilEnd(payment/due/issue/original_due), cteIssuedInstant)","stg.expansion_lab_fat.fit_fhe_cte_issued_at","FaturaClienteRules; core.usp_apply_expansion_laboratory; typed projection","Source identity/cardinality/real acceptance unresolved; synthetic contract only"
"DE-DATA-4924-005","4924","/data/fit_fhe_cte_key","OBSERVED","docs/catalogos/bloco56-continuacao/","EXTERNAL_CONTRACT_UNVERSIONED; fingerprint_due_V2-025d","ExpansionValue<String>","TEXT","ABSENT/NULL/VALUE; raw+wire retained; invalid parsing yields explicit issue and quarantine","physical execution+occurrence; current requires explicit synthetic root/part/component binding","MAX(civilEnd(payment/due/issue/original_due), cteIssuedInstant)","stg.expansion_lab_fat.fit_fhe_cte_key","typed staging and exact all-field retry/tie comparison; downstream field-specific projection where contracted","Source identity/cardinality/real acceptance unresolved; synthetic contract only"
"DE-DATA-4924-003","4924","/data/fit_fhe_cte_number","OBSERVED","docs/catalogos/bloco56-continuacao/","EXTERNAL_CONTRACT_UNVERSIONED; fingerprint_due_V2-025d","ExpansionValue<String>","INTEGER","ABSENT/NULL/VALUE; raw+wire retained; invalid parsing yields explicit issue and quarantine","physical execution+occurrence; current requires explicit synthetic root/part/component binding","MAX(civilEnd(payment/due/issue/original_due), cteIssuedInstant)","stg.expansion_lab_fat.fit_fhe_cte_number","typed staging and exact all-field retry/tie comparison; downstream field-specific projection where contracted","Source identity/cardinality/real acceptance unresolved; synthetic contract only"
"DE-DATA-4924-007","4924","/data/fit_fhe_cte_status","OBSERVED","docs/catalogos/bloco56-continuacao/","EXTERNAL_CONTRACT_UNVERSIONED; fingerprint_due_V2-025d","ExpansionValue<String>","TEXT","ABSENT/NULL/VALUE; raw+wire retained; invalid parsing yields explicit issue and quarantine","physical execution+occurrence; current requires explicit synthetic root/part/component binding","MAX(civilEnd(payment/due/issue/original_due), cteIssuedInstant)","stg.expansion_lab_fat.fit_fhe_cte_status","typed staging and exact all-field retry/tie comparison; downstream field-specific projection where contracted","Source identity/cardinality/real acceptance unresolved; synthetic contract only"
"DE-DATA-4924-006","4924","/data/fit_fhe_cte_status_result","OBSERVED","docs/catalogos/bloco56-continuacao/","EXTERNAL_CONTRACT_UNVERSIONED; fingerprint_due_V2-025d","ExpansionValue<String>","TEXT","ABSENT/NULL/VALUE; raw+wire retained; invalid parsing yields explicit issue and quarantine","physical execution+occurrence; current requires explicit synthetic root/part/component binding","MAX(civilEnd(payment/due/issue/original_due), cteIssuedInstant)","stg.expansion_lab_fat.fit_fhe_cte_status_result","typed staging and exact all-field retry/tie comparison; downstream field-specific projection where contracted","Source identity/cardinality/real acceptance unresolved; synthetic contract only"
"DE-DATA-4924-020","4924","/data/fit_fsn_name","OBSERVED","docs/catalogos/bloco56-continuacao/","EXTERNAL_CONTRACT_UNVERSIONED; fingerprint_due_V2-025d","ExpansionValue<String>","TEXT","ABSENT/NULL/VALUE; raw+wire retained; invalid parsing yields explicit issue and quarantine","physical execution+occurrence; current requires explicit synthetic root/part/component binding","MAX(civilEnd(payment/due/issue/original_due), cteIssuedInstant)","stg.expansion_lab_fat.fit_fsn_name","typed staging and exact all-field retry/tie comparison; downstream field-specific projection where contracted","Source identity/cardinality/real acceptance unresolved; synthetic contract only"
"FAT-fit_fte_foe_ore_description","4924","/data/fit_fte_foe_ore_description","OBSERVED_PATH_TYPE_UNRESOLVED","docs/catalogos/bloco56-continuacao/","EXTERNAL_CONTRACT_UNVERSIONED","ExpansionValue<String>","TEXT","ABSENT/NULL/VALUE; raw+wire retained; invalid parsing yields explicit issue and quarantine","physical execution+occurrence; current requires explicit synthetic root/part/component binding","MAX(civilEnd(payment/due/issue/original_due), cteIssuedInstant)","stg.expansion_lab_fat.fit_fte_foe_ore_description","typed staging and exact all-field retry/tie comparison; downstream field-specific projection where contracted","Source identity/cardinality/real acceptance unresolved; synthetic contract only"
"FAT-fit_fte_has_delivery_receipt","4924","/data/fit_fte_has_delivery_receipt","OBSERVED","docs/catalogos/bloco56-continuacao/","EXTERNAL_CONTRACT_UNVERSIONED","ExpansionValue<Boolean>","BOOLEAN","ABSENT/NULL/VALUE; raw+wire retained; invalid parsing yields explicit issue and quarantine","physical execution+occurrence; current requires explicit synthetic root/part/component binding","MAX(civilEnd(payment/due/issue/original_due), cteIssuedInstant)","stg.expansion_lab_fat.fit_fte_has_delivery_receipt","typed staging and exact all-field retry/tie comparison; downstream field-specific projection where contracted","Source identity/cardinality/real acceptance unresolved; synthetic contract only"
"DE-DATA-4924-029","4924","/data/fit_fte_invoices_order_number","OBSERVED","docs/catalogos/bloco56-continuacao/","EXTERNAL_CONTRACT_UNVERSIONED; fingerprint_due_V2-025d","ExpansionValue<ExpansionStrings>","STRINGS","ABSENT/NULL/VALUE; raw+wire retained; invalid parsing yields explicit issue and quarantine","physical execution+occurrence; current requires explicit synthetic root/part/component binding","MAX(civilEnd(payment/due/issue/original_due), cteIssuedInstant)","stg.expansion_lab_fat.fit_fte_invoices_order_number","typed staging and exact all-field retry/tie comparison; downstream field-specific projection where contracted","Source identity/cardinality/real acceptance unresolved; synthetic contract only"
"DE-DATA-4924-001","4924","/data/fit_nse_number","OBSERVED_PATH_TYPE_UNRESOLVED","docs/catalogos/bloco56-continuacao/","EXTERNAL_CONTRACT_UNVERSIONED; fingerprint_due_V2-025d","ExpansionValue<String>","INTEGER","ABSENT/NULL/VALUE; raw+wire retained; invalid parsing yields explicit issue and quarantine","physical execution+occurrence; current requires explicit synthetic root/part/component binding","MAX(civilEnd(payment/due/issue/original_due), cteIssuedInstant)","stg.expansion_lab_fat.fit_nse_number","typed staging and exact all-field retry/tie comparison; downstream field-specific projection where contracted","Source identity/cardinality/real acceptance unresolved; synthetic contract only"
"FAT-fit_pyr_cor_billing_cycle","4924","/data/fit_pyr_cor_billing_cycle","OBSERVED","docs/catalogos/bloco56-continuacao/","EXTERNAL_CONTRACT_UNVERSIONED","ExpansionValue<String>","TEXT","ABSENT/NULL/VALUE; raw+wire retained; invalid parsing yields explicit issue and quarantine","physical execution+occurrence; current requires explicit synthetic root/part/component binding","MAX(civilEnd(payment/due/issue/original_due), cteIssuedInstant)","stg.expansion_lab_fat.fit_pyr_cor_billing_cycle","typed staging and exact all-field retry/tie comparison; downstream field-specific projection where contracted","Source identity/cardinality/real acceptance unresolved; synthetic contract only"
"FAT-fit_pyr_cor_billing_due_in_days","4924","/data/fit_pyr_cor_billing_due_in_days","OBSERVED","docs/catalogos/bloco56-continuacao/","EXTERNAL_CONTRACT_UNVERSIONED","ExpansionValue<String>","INTEGER","ABSENT/NULL/VALUE; raw+wire retained; invalid parsing yields explicit issue and quarantine","physical execution+occurrence; current requires explicit synthetic root/part/component binding","MAX(civilEnd(payment/due/issue/original_due), cteIssuedInstant)","stg.expansion_lab_fat.fit_pyr_cor_billing_due_in_days","typed staging and exact all-field retry/tie comparison; downstream field-specific projection where contracted","Source identity/cardinality/real acceptance unresolved; synthetic contract only"
"DE-DATA-4924-022","4924","/data/fit_pyr_document","OBSERVED","docs/catalogos/bloco56-continuacao/","EXTERNAL_CONTRACT_UNVERSIONED; fingerprint_due_V2-025d","ExpansionValue<String>","TEXT","ABSENT/NULL/VALUE; raw+wire retained; invalid parsing yields explicit issue and quarantine","physical execution+occurrence; current requires explicit synthetic root/part/component binding","MAX(civilEnd(payment/due/issue/original_due), cteIssuedInstant)","stg.expansion_lab_fat.fit_pyr_document","typed staging and exact all-field retry/tie comparison; downstream field-specific projection where contracted","Source identity/cardinality/real acceptance unresolved; synthetic contract only"
"DE-DATA-4924-021","4924","/data/fit_pyr_name","OBSERVED","docs/catalogos/bloco56-continuacao/","EXTERNAL_CONTRACT_UNVERSIONED; fingerprint_due_V2-025d","ExpansionValue<String>","TEXT","ABSENT/NULL/VALUE; raw+wire retained; invalid parsing yields explicit issue and quarantine","physical execution+occurrence; current requires explicit synthetic root/part/component binding","MAX(civilEnd(payment/due/issue/original_due), cteIssuedInstant)","stg.expansion_lab_fat.fit_pyr_name","typed staging and exact all-field retry/tie comparison; downstream field-specific projection where contracted","Source identity/cardinality/real acceptance unresolved; synthetic contract only"
"DE-DATA-4924-024","4924","/data/fit_rpt_document","OBSERVED","docs/catalogos/bloco56-continuacao/","EXTERNAL_CONTRACT_UNVERSIONED; fingerprint_due_V2-025d","ExpansionValue<String>","TEXT","ABSENT/NULL/VALUE; raw+wire retained; invalid parsing yields explicit issue and quarantine","physical execution+occurrence; current requires explicit synthetic root/part/component binding","MAX(civilEnd(payment/due/issue/original_due), cteIssuedInstant)","stg.expansion_lab_fat.fit_rpt_document","typed staging and exact all-field retry/tie comparison; downstream field-specific projection where contracted","Source identity/cardinality/real acceptance unresolved; synthetic contract only"
"DE-DATA-4924-023","4924","/data/fit_rpt_name","OBSERVED","docs/catalogos/bloco56-continuacao/","EXTERNAL_CONTRACT_UNVERSIONED; fingerprint_due_V2-025d","ExpansionValue<String>","TEXT","ABSENT/NULL/VALUE; raw+wire retained; invalid parsing yields explicit issue and quarantine","physical execution+occurrence; current requires explicit synthetic root/part/component binding","MAX(civilEnd(payment/due/issue/original_due), cteIssuedInstant)","stg.expansion_lab_fat.fit_rpt_name","typed staging and exact all-field retry/tie comparison; downstream field-specific projection where contracted","Source identity/cardinality/real acceptance unresolved; synthetic contract only"
"DE-DATA-4924-026","4924","/data/fit_sdr_document","OBSERVED","docs/catalogos/bloco56-continuacao/","EXTERNAL_CONTRACT_UNVERSIONED; fingerprint_due_V2-025d","ExpansionValue<String>","TEXT","ABSENT/NULL/VALUE; raw+wire retained; invalid parsing yields explicit issue and quarantine","physical execution+occurrence; current requires explicit synthetic root/part/component binding","MAX(civilEnd(payment/due/issue/original_due), cteIssuedInstant)","stg.expansion_lab_fat.fit_sdr_document","typed staging and exact all-field retry/tie comparison; downstream field-specific projection where contracted","Source identity/cardinality/real acceptance unresolved; synthetic contract only"
"DE-DATA-4924-025","4924","/data/fit_sdr_name","OBSERVED","docs/catalogos/bloco56-continuacao/","EXTERNAL_CONTRACT_UNVERSIONED; fingerprint_due_V2-025d","ExpansionValue<String>","TEXT","ABSENT/NULL/VALUE; raw+wire retained; invalid parsing yields explicit issue and quarantine","physical execution+occurrence; current requires explicit synthetic root/part/component binding","MAX(civilEnd(payment/due/issue/original_due), cteIssuedInstant)","stg.expansion_lab_fat.fit_sdr_name","typed staging and exact all-field retry/tie comparison; downstream field-specific projection where contracted","Source identity/cardinality/real acceptance unresolved; synthetic contract only"
"DE-DATA-4924-027","4924","/data/fit_sps_slr_psn_name","OBSERVED","docs/catalogos/bloco56-continuacao/","EXTERNAL_CONTRACT_UNVERSIONED; fingerprint_due_V2-025d","ExpansionValue<String>","TEXT","ABSENT/NULL/VALUE; raw+wire retained; invalid parsing yields explicit issue and quarantine","physical execution+occurrence; current requires explicit synthetic root/part/component binding","MAX(civilEnd(payment/due/issue/original_due), cteIssuedInstant)","stg.expansion_lab_fat.fit_sps_slr_psn_name","typed staging and exact all-field retry/tie comparison; downstream field-specific projection where contracted","Source identity/cardinality/real acceptance unresolved; synthetic contract only"
"FAT-id","4924","/data/id","OBSERVED","docs/catalogos/bloco56-continuacao/","EXTERNAL_CONTRACT_UNVERSIONED","ExpansionValue<String>","INTEGER","ABSENT/NULL/VALUE; raw+wire retained; invalid parsing yields explicit issue and quarantine","physical execution+occurrence; current requires explicit synthetic root/part/component binding","MAX(civilEnd(payment/due/issue/original_due), cteIssuedInstant)","stg.expansion_lab_fat.id","typed staging and exact all-field retry/tie comparison; downstream field-specific projection where contracted","Source identity/cardinality/real acceptance unresolved; synthetic contract only"
"DE-DATA-4924-028","4924","/data/invoices_mapping","OBSERVED","docs/catalogos/bloco56-continuacao/","EXTERNAL_CONTRACT_UNVERSIONED; fingerprint_due_V2-025d","ExpansionValue<ExpansionStrings>","STRINGS","ABSENT/NULL/VALUE; raw+wire retained; invalid parsing yields explicit issue and quarantine","physical execution+occurrence; current requires explicit synthetic root/part/component binding","MAX(civilEnd(payment/due/issue/original_due), cteIssuedInstant)","stg.expansion_lab_fat.invoices_mapping","typed staging and exact all-field retry/tie comparison; downstream field-specific projection where contracted","Source identity/cardinality/real acceptance unresolved; synthetic contract only"
"DE-DATA-4924-002","4924","/data/nfse_number","OBSERVED","docs/catalogos/bloco56-continuacao/","EXTERNAL_CONTRACT_UNVERSIONED; fingerprint_due_V2-025d","ExpansionValue<String>","IDENTIFIER","ABSENT/NULL/VALUE; raw+wire retained; invalid parsing yields explicit issue and quarantine","physical execution+occurrence; current requires explicit synthetic root/part/component binding","MAX(civilEnd(payment/due/issue/original_due), cteIssuedInstant)","stg.expansion_lab_fat.nfse_number","typed staging and exact all-field retry/tie comparison; downstream field-specific projection where contracted","Source identity/cardinality/real acceptance unresolved; synthetic contract only"
"FAT-payment_type","4924","/data/payment_type","OBSERVED","docs/catalogos/bloco56-continuacao/","EXTERNAL_CONTRACT_UNVERSIONED","ExpansionValue<String>","TEXT","ABSENT/NULL/VALUE; raw+wire retained; invalid parsing yields explicit issue and quarantine","physical execution+occurrence; current requires explicit synthetic root/part/component binding","MAX(civilEnd(payment/due/issue/original_due), cteIssuedInstant)","stg.expansion_lab_fat.payment_type","typed staging and exact all-field retry/tie comparison; downstream field-specific projection where contracted","Source identity/cardinality/real acceptance unresolved; synthetic contract only"
"FAT-reference_number","4924","/data/reference_number","OBSERVED","docs/catalogos/bloco56-continuacao/","EXTERNAL_CONTRACT_UNVERSIONED","ExpansionValue<String>","TEXT","ABSENT/NULL/VALUE; raw+wire retained; invalid parsing yields explicit issue and quarantine","physical execution+occurrence; current requires explicit synthetic root/part/component binding","MAX(civilEnd(payment/due/issue/original_due), cteIssuedInstant)","stg.expansion_lab_fat.reference_number","typed staging and exact all-field retry/tie comparison; downstream field-specific projection where contracted","Source identity/cardinality/real acceptance unresolved; synthetic contract only"
"FAT-service_at","4924","/data/service_at","OBSERVED","docs/catalogos/bloco56-continuacao/","EXTERNAL_CONTRACT_UNVERSIONED","ExpansionValue<java.time.Instant>","INSTANT","ABSENT/NULL/VALUE; raw+wire retained; invalid parsing yields explicit issue and quarantine","physical execution+occurrence; current requires explicit synthetic root/part/component binding","MAX(civilEnd(payment/due/issue/original_due), cteIssuedInstant)","stg.expansion_lab_fat.service_at","typed staging and exact all-field retry/tie comparison; downstream field-specific projection where contracted","Source identity/cardinality/real acceptance unresolved; synthetic contract only"
"FAT-service_type","4924","/data/service_type","OBSERVED","docs/catalogos/bloco56-continuacao/","EXTERNAL_CONTRACT_UNVERSIONED","ExpansionValue<String>","TEXT","ABSENT/NULL/VALUE; raw+wire retained; invalid parsing yields explicit issue and quarantine","physical execution+occurrence; current requires explicit synthetic root/part/component binding","MAX(civilEnd(payment/due/issue/original_due), cteIssuedInstant)","stg.expansion_lab_fat.service_type","typed staging and exact all-field retry/tie comparison; downstream field-specific projection where contracted","Source identity/cardinality/real acceptance unresolved; synthetic contract only"
"DE-DATA-4924-017","4924","/data/status","OBSERVED","docs/catalogos/bloco56-continuacao/","EXTERNAL_CONTRACT_UNVERSIONED; fingerprint_due_V2-025d","ExpansionValue<String>","TEXT","ABSENT/NULL/VALUE; raw+wire retained; invalid parsing yields explicit issue and quarantine","physical execution+occurrence; current requires explicit synthetic root/part/component binding","MAX(civilEnd(payment/due/issue/original_due), cteIssuedInstant)","stg.expansion_lab_fat.status","typed staging and exact all-field retry/tie comparison; downstream field-specific projection where contracted","Source identity/cardinality/real acceptance unresolved; synthetic contract only"
"DE-DATA-4924-015","4924","/data/third_party_ctes_value","KNOWN_LOCAL_DECLARATION_UNRESOLVED_RUNTIME","docs/catalogos/portabilidade/matriz-campos.csv","EXTERNAL_CONTRACT_UNVERSIONED; fingerprint_due_V2-025d","ExpansionValue<java.math.BigDecimal>","DECIMAL","ABSENT/NULL/VALUE; raw+wire retained; invalid parsing yields explicit issue and quarantine","physical execution+occurrence; current requires explicit synthetic root/part/component binding","MAX(civilEnd(payment/due/issue/original_due), cteIssuedInstant)","stg.expansion_lab_fat.third_party_ctes_value","typed staging and exact all-field retry/tie comparison; downstream field-specific projection where contracted","Source identity/cardinality/real acceptance unresolved; synthetic contract only"
"DE-DATA-4924-014","4924","/data/total","OBSERVED","docs/catalogos/bloco56-continuacao/","EXTERNAL_CONTRACT_UNVERSIONED; fingerprint_due_V2-025d","ExpansionValue<java.math.BigDecimal>","DECIMAL","ABSENT/NULL/VALUE; raw+wire retained; invalid parsing yields explicit issue and quarantine","physical execution+occurrence; current requires explicit synthetic root/part/component binding","MAX(civilEnd(payment/due/issue/original_due), cteIssuedInstant)","stg.expansion_lab_fat.total","typed staging and exact all-field retry/tie comparison; downstream field-specific projection where contracted","Source identity/cardinality/real acceptance unresolved; synthetic contract only"
"DE-DATA-4924-016","4924","/data/type","OBSERVED","docs/catalogos/bloco56-continuacao/","EXTERNAL_CONTRACT_UNVERSIONED; fingerprint_due_V2-025d","ExpansionValue<String>","TEXT","ABSENT/NULL/VALUE; raw+wire retained; invalid parsing yields explicit issue and quarantine","physical execution+occurrence; current requires explicit synthetic root/part/component binding","MAX(civilEnd(payment/due/issue/original_due), cteIssuedInstant)","stg.expansion_lab_fat.type","typed staging and exact all-field retry/tie comparison; downstream field-specific projection where contracted","Source identity/cardinality/real acceptance unresolved; synthetic contract only"
"DE-DATA-10633-001","10633","/data/cnr_c_s_fit_corporation_sequence_number","OBSERVED","docs/catalogos/bloco56-continuacao/","EXTERNAL_CONTRACT_UNVERSIONED; fingerprint_due_V2-025d","ExpansionValue<String>","INTEGER","ABSENT/NULL/VALUE; raw+wire retained; invalid parsing yields explicit issue and quarantine","physical execution+occurrence; current requires explicit synthetic root/part/component binding","performanceFinished ?? finished ?? started","stg.expansion_lab_inv.cnr_c_s_fit_corporation_sequence_number","typed staging and exact all-field retry/tie comparison; downstream field-specific projection where contracted","Source identity/cardinality/real acceptance unresolved; synthetic contract only"
"DE-DATA-10633-023","10633","/data/cnr_c_s_fit_dpn_delivery_prediction_at","OBSERVED","docs/catalogos/bloco56-continuacao/","EXTERNAL_CONTRACT_UNVERSIONED; fingerprint_due_V2-025d","ExpansionValue<java.time.Instant>","INSTANT","ABSENT/NULL/VALUE; raw+wire retained; invalid parsing yields explicit issue and quarantine","physical execution+occurrence; current requires explicit synthetic root/part/component binding","performanceFinished ?? finished ?? started","stg.expansion_lab_inv.cnr_c_s_fit_dpn_delivery_prediction_at","typed staging and exact all-field retry/tie comparison; downstream field-specific projection where contracted","Source identity/cardinality/real acceptance unresolved; synthetic contract only"
"DE-DATA-10633-024","10633","/data/cnr_c_s_fit_dpn_performance_finished_at","OBSERVED","docs/catalogos/bloco56-continuacao/","EXTERNAL_CONTRACT_UNVERSIONED; fingerprint_due_V2-025d","ExpansionValue<java.time.Instant>","INSTANT","ABSENT/NULL/VALUE; raw+wire retained; invalid parsing yields explicit issue and quarantine","physical execution+occurrence; current requires explicit synthetic root/part/component binding","performanceFinished ?? finished ?? started","stg.expansion_lab_inv.cnr_c_s_fit_dpn_performance_finished_at","InventarioRules; core.usp_apply_expansion_laboratory; typed projection","Source identity/cardinality/real acceptance unresolved; synthetic contract only"
"DE-DATA-10633-008","10633","/data/cnr_c_s_fit_dyn_drt_nickname","OBSERVED","docs/catalogos/bloco56-continuacao/","EXTERNAL_CONTRACT_UNVERSIONED; fingerprint_due_V2-025d","ExpansionValue<String>","TEXT","ABSENT/NULL/VALUE; raw+wire retained; invalid parsing yields explicit issue and quarantine","physical execution+occurrence; current requires explicit synthetic root/part/component binding","performanceFinished ?? finished ?? started","stg.expansion_lab_inv.cnr_c_s_fit_dyn_drt_nickname","typed staging and exact all-field retry/tie comparison; downstream field-specific projection where contracted","Source identity/cardinality/real acceptance unresolved; synthetic contract only"
"DE-DATA-10633-007","10633","/data/cnr_c_s_fit_dyn_name","OBSERVED","docs/catalogos/bloco56-continuacao/","EXTERNAL_CONTRACT_UNVERSIONED; fingerprint_due_V2-025d","ExpansionValue<String>","TEXT","ABSENT/NULL/VALUE; raw+wire retained; invalid parsing yields explicit issue and quarantine","physical execution+occurrence; current requires explicit synthetic root/part/component binding","performanceFinished ?? finished ?? started","stg.expansion_lab_inv.cnr_c_s_fit_dyn_name","typed staging and exact all-field retry/tie comparison; downstream field-specific projection where contracted","Source identity/cardinality/real acceptance unresolved; synthetic contract only"
"DE-DATA-10633-025","10633","/data/cnr_c_s_fit_fte_lce_occurrence_at","OBSERVED","docs/catalogos/bloco56-continuacao/","EXTERNAL_CONTRACT_UNVERSIONED; fingerprint_due_V2-025d","ExpansionValue<java.time.Instant>","INSTANT","ABSENT/NULL/VALUE; raw+wire retained; invalid parsing yields explicit issue and quarantine","physical execution+occurrence; current requires explicit synthetic root/part/component binding","performanceFinished ?? finished ?? started","stg.expansion_lab_inv.cnr_c_s_fit_fte_lce_occurrence_at","typed staging and exact all-field retry/tie comparison; downstream field-specific projection where contracted","Source identity/cardinality/real acceptance unresolved; synthetic contract only"
"DE-DATA-10633-026","10633","/data/cnr_c_s_fit_fte_lce_ore_description","OBSERVED","docs/catalogos/bloco56-continuacao/","EXTERNAL_CONTRACT_UNVERSIONED; fingerprint_due_V2-025d","ExpansionValue<String>","TEXT","ABSENT/NULL/VALUE; raw+wire retained; invalid parsing yields explicit issue and quarantine","physical execution+occurrence; current requires explicit synthetic root/part/component binding","performanceFinished ?? finished ?? started","stg.expansion_lab_inv.cnr_c_s_fit_fte_lce_ore_description","typed staging and exact all-field retry/tie comparison; downstream field-specific projection where contracted","Source identity/cardinality/real acceptance unresolved; synthetic contract only"
"DE-DATA-10633-016","10633","/data/cnr_c_s_fit_invoices_mapping","OBSERVED","docs/catalogos/bloco56-continuacao/","EXTERNAL_CONTRACT_UNVERSIONED; fingerprint_due_V2-025d","ExpansionValue<ExpansionStrings>","STRINGS","ABSENT/NULL/VALUE; raw+wire retained; invalid parsing yields explicit issue and quarantine","physical execution+occurrence; current requires explicit synthetic root/part/component binding","performanceFinished ?? finished ?? started","stg.expansion_lab_inv.cnr_c_s_fit_invoices_mapping","typed staging and exact all-field retry/tie comparison; downstream field-specific projection where contracted","Source identity/cardinality/real acceptance unresolved; synthetic contract only"
"DE-DATA-10633-017","10633","/data/cnr_c_s_fit_invoices_value","OBSERVED","docs/catalogos/bloco56-continuacao/","EXTERNAL_CONTRACT_UNVERSIONED; fingerprint_due_V2-025d","ExpansionValue<java.math.BigDecimal>","DECIMAL","ABSENT/NULL/VALUE; raw+wire retained; invalid parsing yields explicit issue and quarantine","physical execution+occurrence; current requires explicit synthetic root/part/component binding","performanceFinished ?? finished ?? started","stg.expansion_lab_inv.cnr_c_s_fit_invoices_value","typed staging and exact all-field retry/tie comparison; downstream field-specific projection where contracted","Source identity/cardinality/real acceptance unresolved; synthetic contract only"
"DE-DATA-10633-021","10633","/data/cnr_c_s_fit_invoices_volumes","OBSERVED","docs/catalogos/bloco56-continuacao/","EXTERNAL_CONTRACT_UNVERSIONED; fingerprint_due_V2-025d","ExpansionValue<String>","INTEGER","ABSENT/NULL/VALUE; raw+wire retained; invalid parsing yields explicit issue and quarantine","physical execution+occurrence; current requires explicit synthetic root/part/component binding","performanceFinished ?? finished ?? started","stg.expansion_lab_inv.cnr_c_s_fit_invoices_volumes","typed staging and exact all-field retry/tie comparison; downstream field-specific projection where contracted","Source identity/cardinality/real acceptance unresolved; synthetic contract only"
"DE-DATA-10633-002","10633","/data/cnr_c_s_fit_pyr_nickname","OBSERVED","docs/catalogos/bloco56-continuacao/","EXTERNAL_CONTRACT_UNVERSIONED; fingerprint_due_V2-025d","ExpansionValue<String>","TEXT","ABSENT/NULL/VALUE; raw+wire retained; invalid parsing yields explicit issue and quarantine","physical execution+occurrence; current requires explicit synthetic root/part/component binding","performanceFinished ?? finished ?? started","stg.expansion_lab_inv.cnr_c_s_fit_pyr_nickname","typed staging and exact all-field retry/tie comparison; downstream field-specific projection where contracted","Source identity/cardinality/real acceptance unresolved; synthetic contract only"
"DE-DATA-10633-018","10633","/data/cnr_c_s_fit_real_weight","OBSERVED","docs/catalogos/bloco56-continuacao/","EXTERNAL_CONTRACT_UNVERSIONED; fingerprint_due_V2-025d","ExpansionValue<java.math.BigDecimal>","DECIMAL","ABSENT/NULL/VALUE; raw+wire retained; invalid parsing yields explicit issue and quarantine","physical execution+occurrence; current requires explicit synthetic root/part/component binding","performanceFinished ?? finished ?? started","stg.expansion_lab_inv.cnr_c_s_fit_real_weight","typed staging and exact all-field retry/tie comparison; downstream field-specific projection where contracted","Source identity/cardinality/real acceptance unresolved; synthetic contract only"
"DE-DATA-10633-006","10633","/data/cnr_c_s_fit_rpt_ads_cty_name","OBSERVED","docs/catalogos/bloco56-continuacao/","EXTERNAL_CONTRACT_UNVERSIONED; fingerprint_due_V2-025d","ExpansionValue<String>","TEXT","ABSENT/NULL/VALUE; raw+wire retained; invalid parsing yields explicit issue and quarantine","physical execution+occurrence; current requires explicit synthetic root/part/component binding","performanceFinished ?? finished ?? started","stg.expansion_lab_inv.cnr_c_s_fit_rpt_ads_cty_name","typed staging and exact all-field retry/tie comparison; downstream field-specific projection where contracted","Source identity/cardinality/real acceptance unresolved; synthetic contract only"
"DE-DATA-10633-005","10633","/data/cnr_c_s_fit_rpt_nickname","OBSERVED","docs/catalogos/bloco56-continuacao/","EXTERNAL_CONTRACT_UNVERSIONED; fingerprint_due_V2-025d","ExpansionValue<String>","TEXT","ABSENT/NULL/VALUE; raw+wire retained; invalid parsing yields explicit issue and quarantine","physical execution+occurrence; current requires explicit synthetic root/part/component binding","performanceFinished ?? finished ?? started","stg.expansion_lab_inv.cnr_c_s_fit_rpt_nickname","typed staging and exact all-field retry/tie comparison; downstream field-specific projection where contracted","Source identity/cardinality/real acceptance unresolved; synthetic contract only"
"DE-DATA-10633-004","10633","/data/cnr_c_s_fit_sdr_ads_cty_name","OBSERVED","docs/catalogos/bloco56-continuacao/","EXTERNAL_CONTRACT_UNVERSIONED; fingerprint_due_V2-025d","ExpansionValue<String>","TEXT","ABSENT/NULL/VALUE; raw+wire retained; invalid parsing yields explicit issue and quarantine","physical execution+occurrence; current requires explicit synthetic root/part/component binding","performanceFinished ?? finished ?? started","stg.expansion_lab_inv.cnr_c_s_fit_sdr_ads_cty_name","typed staging and exact all-field retry/tie comparison; downstream field-specific projection where contracted","Source identity/cardinality/real acceptance unresolved; synthetic contract only"
"DE-DATA-10633-003","10633","/data/cnr_c_s_fit_sdr_nickname","OBSERVED","docs/catalogos/bloco56-continuacao/","EXTERNAL_CONTRACT_UNVERSIONED; fingerprint_due_V2-025d","ExpansionValue<String>","TEXT","ABSENT/NULL/VALUE; raw+wire retained; invalid parsing yields explicit issue and quarantine","physical execution+occurrence; current requires explicit synthetic root/part/component binding","performanceFinished ?? finished ?? started","stg.expansion_lab_inv.cnr_c_s_fit_sdr_nickname","typed staging and exact all-field retry/tie comparison; downstream field-specific projection where contracted","Source identity/cardinality/real acceptance unresolved; synthetic contract only"
"DE-DATA-10633-020","10633","/data/cnr_c_s_fit_taxed_weight","OBSERVED","docs/catalogos/bloco56-continuacao/","EXTERNAL_CONTRACT_UNVERSIONED; fingerprint_due_V2-025d","ExpansionValue<java.math.BigDecimal>","DECIMAL","ABSENT/NULL/VALUE; raw+wire retained; invalid parsing yields explicit issue and quarantine","physical execution+occurrence; current requires explicit synthetic root/part/component binding","performanceFinished ?? finished ?? started","stg.expansion_lab_inv.cnr_c_s_fit_taxed_weight","typed staging and exact all-field retry/tie comparison; downstream field-specific projection where contracted","Source identity/cardinality/real acceptance unresolved; synthetic contract only"
"DE-DATA-10633-019","10633","/data/cnr_c_s_fit_total_cubic_volume","OBSERVED","docs/catalogos/bloco56-continuacao/","EXTERNAL_CONTRACT_UNVERSIONED; fingerprint_due_V2-025d","ExpansionValue<java.math.BigDecimal>","DECIMAL","ABSENT/NULL/VALUE; raw+wire retained; invalid parsing yields explicit issue and quarantine","physical execution+occurrence; current requires explicit synthetic root/part/component binding","performanceFinished ?? finished ?? started","stg.expansion_lab_inv.cnr_c_s_fit_total_cubic_volume","typed staging and exact all-field retry/tie comparison; downstream field-specific projection where contracted","Source identity/cardinality/real acceptance unresolved; synthetic contract only"
"DE-DATA-10633-022","10633","/data/cnr_c_s_read_volumes","OBSERVED","docs/catalogos/bloco56-continuacao/","EXTERNAL_CONTRACT_UNVERSIONED; fingerprint_due_V2-025d","ExpansionValue<String>","INTEGER","ABSENT/NULL/VALUE; raw+wire retained; invalid parsing yields explicit issue and quarantine","physical execution+occurrence; current requires explicit synthetic root/part/component binding","performanceFinished ?? finished ?? started","stg.expansion_lab_inv.cnr_c_s_read_volumes","typed staging and exact all-field retry/tie comparison; downstream field-specific projection where contracted","Source identity/cardinality/real acceptance unresolved; synthetic contract only"
"DE-DATA-10633-015","10633","/data/cnr_cis_eoe_psn_name","OBSERVED","docs/catalogos/bloco56-continuacao/","EXTERNAL_CONTRACT_UNVERSIONED; fingerprint_due_V2-025d","ExpansionValue<String>","TEXT","ABSENT/NULL/VALUE; raw+wire retained; invalid parsing yields explicit issue and quarantine","physical execution+occurrence; current requires explicit synthetic root/part/component binding","performanceFinished ?? finished ?? started","stg.expansion_lab_inv.cnr_cis_eoe_psn_name","typed staging and exact all-field retry/tie comparison; downstream field-specific projection where contracted","Source identity/cardinality/real acceptance unresolved; synthetic contract only"
"DE-DATA-10633-010","10633","/data/cnr_crn_psn_nickname","OBSERVED","docs/catalogos/bloco56-continuacao/","EXTERNAL_CONTRACT_UNVERSIONED; fingerprint_due_V2-025d","ExpansionValue<String>","TEXT","ABSENT/NULL/VALUE; raw+wire retained; invalid parsing yields explicit issue and quarantine","physical execution+occurrence; current requires explicit synthetic root/part/component binding","performanceFinished ?? finished ?? started","stg.expansion_lab_inv.cnr_crn_psn_nickname","typed staging and exact all-field retry/tie comparison; downstream field-specific projection where contracted","Source identity/cardinality/real acceptance unresolved; synthetic contract only"
"DE-DATA-10633-013","10633","/data/finished_at","OBSERVED","docs/catalogos/bloco56-continuacao/","EXTERNAL_CONTRACT_UNVERSIONED; fingerprint_due_V2-025d","ExpansionValue<java.time.Instant>","INSTANT","ABSENT/NULL/VALUE; raw+wire retained; invalid parsing yields explicit issue and quarantine","physical execution+occurrence; current requires explicit synthetic root/part/component binding","performanceFinished ?? finished ?? started","stg.expansion_lab_inv.finished_at","InventarioRules; core.usp_apply_expansion_laboratory; typed projection","Source identity/cardinality/real acceptance unresolved; synthetic contract only"
"DE-DATA-10633-009","10633","/data/sequence_code","OBSERVED","docs/catalogos/bloco56-continuacao/","EXTERNAL_CONTRACT_UNVERSIONED; fingerprint_due_V2-025d","ExpansionValue<String>","INTEGER","ABSENT/NULL/VALUE; raw+wire retained; invalid parsing yields explicit issue and quarantine","physical execution+occurrence; current requires explicit synthetic root/part/component binding","performanceFinished ?? finished ?? started","stg.expansion_lab_inv.sequence_code","typed staging and exact all-field retry/tie comparison; downstream field-specific projection where contracted","Source identity/cardinality/real acceptance unresolved; synthetic contract only"
"DE-DATA-10633-012","10633","/data/started_at","OBSERVED","docs/catalogos/bloco56-continuacao/","EXTERNAL_CONTRACT_UNVERSIONED; fingerprint_due_V2-025d","ExpansionValue<java.time.Instant>","INSTANT","ABSENT/NULL/VALUE; raw+wire retained; invalid parsing yields explicit issue and quarantine","physical execution+occurrence; current requires explicit synthetic root/part/component binding","performanceFinished ?? finished ?? started","stg.expansion_lab_inv.started_at","InventarioRules; core.usp_apply_expansion_laboratory; typed projection","Source identity/cardinality/real acceptance unresolved; synthetic contract only"
"DE-DATA-10633-014","10633","/data/status","OBSERVED","docs/catalogos/bloco56-continuacao/","EXTERNAL_CONTRACT_UNVERSIONED; fingerprint_due_V2-025d","ExpansionValue<String>","TEXT","ABSENT/NULL/VALUE; raw+wire retained; invalid parsing yields explicit issue and quarantine","physical execution+occurrence; current requires explicit synthetic root/part/component binding","performanceFinished ?? finished ?? started","stg.expansion_lab_inv.status","typed staging and exact all-field retry/tie comparison; downstream field-specific projection where contracted","Source identity/cardinality/real acceptance unresolved; synthetic contract only"
"DE-DATA-10633-011","10633","/data/type","OBSERVED","docs/catalogos/bloco56-continuacao/","EXTERNAL_CONTRACT_UNVERSIONED; fingerprint_due_V2-025d","ExpansionValue<String>","TEXT","ABSENT/NULL/VALUE; raw+wire retained; invalid parsing yields explicit issue and quarantine","physical execution+occurrence; current requires explicit synthetic root/part/component binding","performanceFinished ?? finished ?? started","stg.expansion_lab_inv.type","typed staging and exact all-field retry/tie comparison; downstream field-specific projection where contracted","Source identity/cardinality/real acceptance unresolved; synthetic contract only"
"SIN-bo_number","6392","/data/bo_number","OBSERVED","docs/catalogos/bloco56-continuacao/","EXTERNAL_CONTRACT_UNVERSIONED","ExpansionValue<String>","TEXT","ABSENT/NULL/VALUE; raw+wire retained; invalid parsing yields explicit issue and quarantine","physical execution+occurrence; current requires explicit synthetic root/part/component binding","treatmentInstant ?? civilStart(openingDate)","stg.expansion_lab_sin.bo_number","typed staging and exact all-field retry/tie comparison; downstream field-specific projection where contracted","Source identity/cardinality/real acceptance unresolved; synthetic contract only"
"SIN-brokers_case_number","6392","/data/brokers_case_number","OBSERVED","docs/catalogos/bloco56-continuacao/","EXTERNAL_CONTRACT_UNVERSIONED","ExpansionValue<String>","TEXT","ABSENT/NULL/VALUE; raw+wire retained; invalid parsing yields explicit issue and quarantine","physical execution+occurrence; current requires explicit synthetic root/part/component binding","treatmentInstant ?? civilStart(openingDate)","stg.expansion_lab_sin.brokers_case_number","typed staging and exact all-field retry/tie comparison; downstream field-specific projection where contracted","Source identity/cardinality/real acceptance unresolved; synthetic contract only"
"SIN-customer_communication_contact_name","6392","/data/customer_communication_contact_name","OBSERVED","docs/catalogos/bloco56-continuacao/","EXTERNAL_CONTRACT_UNVERSIONED","ExpansionValue<String>","TEXT","ABSENT/NULL/VALUE; raw+wire retained; invalid parsing yields explicit issue and quarantine","physical execution+occurrence; current requires explicit synthetic root/part/component binding","treatmentInstant ?? civilStart(openingDate)","stg.expansion_lab_sin.customer_communication_contact_name","typed staging and exact all-field retry/tie comparison; downstream field-specific projection where contracted","Source identity/cardinality/real acceptance unresolved; synthetic contract only"
"SIN-customer_communication_date","6392","/data/customer_communication_date","OBSERVED_PATH_TYPE_UNRESOLVED","docs/catalogos/bloco56-continuacao/","EXTERNAL_CONTRACT_UNVERSIONED","ExpansionValue<java.time.LocalDate>","DATE","ABSENT/NULL/VALUE; raw+wire retained; invalid parsing yields explicit issue and quarantine","physical execution+occurrence; current requires explicit synthetic root/part/component binding","treatmentInstant ?? civilStart(openingDate)","stg.expansion_lab_sin.customer_communication_date","typed staging and exact all-field retry/tie comparison; downstream field-specific projection where contracted","Source identity/cardinality/real acceptance unresolved; synthetic contract only"
"SIN-customer_communication_time","6392","/data/customer_communication_time","OBSERVED_PATH_TYPE_UNRESOLVED","docs/catalogos/bloco56-continuacao/","EXTERNAL_CONTRACT_UNVERSIONED","ExpansionValue<String>","TEXT","ABSENT/NULL/VALUE; raw+wire retained; invalid parsing yields explicit issue and quarantine","physical execution+occurrence; current requires explicit synthetic root/part/component binding","treatmentInstant ?? civilStart(openingDate)","stg.expansion_lab_sin.customer_communication_time","typed staging and exact all-field retry/tie comparison; downstream field-specific projection where contracted","Raw text preserved; format not ratified. Exact typed time arithmetic only for occurrence/finished times."
"DE-DATA-6392-018","6392","/data/customer_credit_entries_subtotal","OBSERVED","docs/catalogos/bloco56-continuacao/","EXTERNAL_CONTRACT_UNVERSIONED; fingerprint_due_V2-025d","ExpansionValue<java.math.BigDecimal>","DECIMAL","ABSENT/NULL/VALUE; raw+wire retained; invalid parsing yields explicit issue and quarantine","physical execution+occurrence; current requires explicit synthetic root/part/component binding","treatmentInstant ?? civilStart(openingDate)","stg.expansion_lab_sin.customer_credit_entries_subtotal","typed staging and exact all-field retry/tie comparison; downstream field-specific projection where contracted","Source identity/cardinality/real acceptance unresolved; synthetic contract only"
"DE-DATA-6392-017","6392","/data/customer_debits_subtotal","OBSERVED","docs/catalogos/bloco56-continuacao/","EXTERNAL_CONTRACT_UNVERSIONED; fingerprint_due_V2-025d","ExpansionValue<java.math.BigDecimal>","DECIMAL","ABSENT/NULL/VALUE; raw+wire retained; invalid parsing yields explicit issue and quarantine","physical execution+occurrence; current requires explicit synthetic root/part/component binding","treatmentInstant ?? civilStart(openingDate)","stg.expansion_lab_sin.customer_debits_subtotal","typed staging and exact all-field retry/tie comparison; downstream field-specific projection where contracted","Source identity/cardinality/real acceptance unresolved; synthetic contract only"
"DE-DATA-6392-005","6392","/data/expected_solution_date","OBSERVED","docs/catalogos/bloco56-continuacao/","EXTERNAL_CONTRACT_UNVERSIONED; fingerprint_due_V2-025d","ExpansionValue<java.time.LocalDate>","DATE","ABSENT/NULL/VALUE; raw+wire retained; invalid parsing yields explicit issue and quarantine","physical execution+occurrence; current requires explicit synthetic root/part/component binding","treatmentInstant ?? civilStart(openingDate)","stg.expansion_lab_sin.expected_solution_date","typed staging and exact all-field retry/tie comparison; downstream field-specific projection where contracted","Source identity/cardinality/real acceptance unresolved; synthetic contract only"
"DE-DATA-6392-008","6392","/data/finished_at_date","OBSERVED_PATH_TYPE_UNRESOLVED","docs/catalogos/bloco56-continuacao/","EXTERNAL_CONTRACT_UNVERSIONED; fingerprint_due_V2-025d","ExpansionValue<java.time.LocalDate>","DATE","ABSENT/NULL/VALUE; raw+wire retained; invalid parsing yields explicit issue and quarantine","physical execution+occurrence; current requires explicit synthetic root/part/component binding","treatmentInstant ?? civilStart(openingDate)","stg.expansion_lab_sin.finished_at_date","typed staging and exact all-field retry/tie comparison; downstream field-specific projection where contracted","Source identity/cardinality/real acceptance unresolved; synthetic contract only"
"DE-DATA-6392-009","6392","/data/finished_at_time","OBSERVED_PATH_TYPE_UNRESOLVED","docs/catalogos/bloco56-continuacao/","EXTERNAL_CONTRACT_UNVERSIONED; fingerprint_due_V2-025d","ExpansionValue<java.time.LocalTime>","TIME","ABSENT/NULL/VALUE; raw+wire retained; invalid parsing yields explicit issue and quarantine","physical execution+occurrence; current requires explicit synthetic root/part/component binding","treatmentInstant ?? civilStart(openingDate)","stg.expansion_lab_sin.finished_at_time","typed staging and exact all-field retry/tie comparison; downstream field-specific projection where contracted","Source identity/cardinality/real acceptance unresolved; synthetic contract only"
"SIN-finished_commentary","6392","/data/finished_commentary","OBSERVED_PATH_TYPE_UNRESOLVED","docs/catalogos/bloco56-continuacao/","EXTERNAL_CONTRACT_UNVERSIONED","ExpansionValue<String>","TEXT","ABSENT/NULL/VALUE; raw+wire retained; invalid parsing yields explicit issue and quarantine","physical execution+occurrence; current requires explicit synthetic root/part/component binding","treatmentInstant ?? civilStart(openingDate)","stg.expansion_lab_sin.finished_commentary","typed staging and exact all-field retry/tie comparison; downstream field-specific projection where contracted","Source identity/cardinality/real acceptance unresolved; synthetic contract only"
"DE-DATA-6392-023","6392","/data/icm_crn_psn_nickname","OBSERVED","docs/catalogos/bloco56-continuacao/","EXTERNAL_CONTRACT_UNVERSIONED; fingerprint_due_V2-025d","ExpansionValue<String>","TEXT","ABSENT/NULL/VALUE; raw+wire retained; invalid parsing yields explicit issue and quarantine","physical execution+occurrence; current requires explicit synthetic root/part/component binding","treatmentInstant ?? civilStart(openingDate)","stg.expansion_lab_sin.icm_crn_psn_nickname","typed staging and exact all-field retry/tie comparison; downstream field-specific projection where contracted","Source identity/cardinality/real acceptance unresolved; synthetic contract only"
"DE-DATA-6392-024","6392","/data/icm_dvr_iil_name","OBSERVED","docs/catalogos/bloco56-continuacao/","EXTERNAL_CONTRACT_UNVERSIONED; fingerprint_due_V2-025d","ExpansionValue<String>","TEXT","ABSENT/NULL/VALUE; raw+wire retained; invalid parsing yields explicit issue and quarantine","physical execution+occurrence; current requires explicit synthetic root/part/component binding","treatmentInstant ?? civilStart(openingDate)","stg.expansion_lab_sin.icm_dvr_iil_name","typed staging and exact all-field retry/tie comparison; downstream field-specific projection where contracted","Source identity/cardinality/real acceptance unresolved; synthetic contract only"
"DE-DATA-6392-025","6392","/data/icm_fer_name","OBSERVED_PATH_TYPE_UNRESOLVED","docs/catalogos/bloco56-continuacao/","EXTERNAL_CONTRACT_UNVERSIONED; fingerprint_due_V2-025d","ExpansionValue<String>","TEXT","ABSENT/NULL/VALUE; raw+wire retained; invalid parsing yields explicit issue and quarantine","physical execution+occurrence; current requires explicit synthetic root/part/component binding","treatmentInstant ?? civilStart(openingDate)","stg.expansion_lab_sin.icm_fer_name","typed staging and exact all-field retry/tie comparison; downstream field-specific projection where contracted","Source identity/cardinality/real acceptance unresolved; synthetic contract only"
"DE-DATA-6392-011","6392","/data/icm_fis_fit_corporation_sequence_number","OBSERVED","docs/catalogos/bloco56-continuacao/","EXTERNAL_CONTRACT_UNVERSIONED; fingerprint_due_V2-025d","ExpansionValue<String>","INTEGER","ABSENT/NULL/VALUE; raw+wire retained; invalid parsing yields explicit issue and quarantine","physical execution+occurrence; current requires explicit synthetic root/part/component binding","treatmentInstant ?? civilStart(openingDate)","stg.expansion_lab_sin.icm_fis_fit_corporation_sequence_number","typed staging and exact all-field retry/tie comparison; downstream field-specific projection where contracted","Source identity/cardinality/real acceptance unresolved; synthetic contract only"
"DE-DATA-6392-016","6392","/data/icm_fis_fit_pyr_nickname","OBSERVED","docs/catalogos/bloco56-continuacao/","EXTERNAL_CONTRACT_UNVERSIONED; fingerprint_due_V2-025d","ExpansionValue<String>","TEXT","ABSENT/NULL/VALUE; raw+wire retained; invalid parsing yields explicit issue and quarantine","physical execution+occurrence; current requires explicit synthetic root/part/component binding","treatmentInstant ?? civilStart(openingDate)","stg.expansion_lab_sin.icm_fis_fit_pyr_nickname","typed staging and exact all-field retry/tie comparison; downstream field-specific projection where contracted","Source identity/cardinality/real acceptance unresolved; synthetic contract only"
"DE-DATA-6392-012","6392","/data/icm_fis_ioe_number","OBSERVED","docs/catalogos/bloco56-continuacao/","EXTERNAL_CONTRACT_UNVERSIONED; fingerprint_due_V2-025d","ExpansionValue<String>","IDENTIFIER","ABSENT/NULL/VALUE; raw+wire retained; invalid parsing yields explicit issue and quarantine","physical execution+occurrence; current requires explicit synthetic root/part/component binding","treatmentInstant ?? civilStart(openingDate)","stg.expansion_lab_sin.icm_fis_ioe_number","typed staging and exact all-field retry/tie comparison; downstream field-specific projection where contracted","Source identity/cardinality/real acceptance unresolved; synthetic contract only"
"DE-DATA-6392-030","6392","/data/icm_ttt_dealing_type","OBSERVED","docs/catalogos/bloco56-continuacao/","EXTERNAL_CONTRACT_UNVERSIONED; fingerprint_due_V2-025d","ExpansionValue<String>","TEXT","ABSENT/NULL/VALUE; raw+wire retained; invalid parsing yields explicit issue and quarantine","physical execution+occurrence; current requires explicit synthetic root/part/component binding","treatmentInstant ?? civilStart(openingDate)","stg.expansion_lab_sin.icm_ttt_dealing_type","typed staging and exact all-field retry/tie comparison; downstream field-specific projection where contracted","Source identity/cardinality/real acceptance unresolved; synthetic contract only"
"DE-DATA-6392-028","6392","/data/icm_ttt_ore_code","OBSERVED","docs/catalogos/bloco56-continuacao/","EXTERNAL_CONTRACT_UNVERSIONED; fingerprint_due_V2-025d","ExpansionValue<String>","INTEGER","ABSENT/NULL/VALUE; raw+wire retained; invalid parsing yields explicit issue and quarantine","physical execution+occurrence; current requires explicit synthetic root/part/component binding","treatmentInstant ?? civilStart(openingDate)","stg.expansion_lab_sin.icm_ttt_ore_code","typed staging and exact all-field retry/tie comparison; downstream field-specific projection where contracted","Source identity/cardinality/real acceptance unresolved; synthetic contract only"
"DE-DATA-6392-027","6392","/data/icm_ttt_ore_description","OBSERVED","docs/catalogos/bloco56-continuacao/","EXTERNAL_CONTRACT_UNVERSIONED; fingerprint_due_V2-025d","ExpansionValue<String>","TEXT","ABSENT/NULL/VALUE; raw+wire retained; invalid parsing yields explicit issue and quarantine","physical execution+occurrence; current requires explicit synthetic root/part/component binding","treatmentInstant ?? civilStart(openingDate)","stg.expansion_lab_sin.icm_ttt_ore_description","typed staging and exact all-field retry/tie comparison; downstream field-specific projection where contracted","Source identity/cardinality/real acceptance unresolved; synthetic contract only"
"DE-DATA-6392-031","6392","/data/icm_ttt_solution_type","OBSERVED","docs/catalogos/bloco56-continuacao/","EXTERNAL_CONTRACT_UNVERSIONED; fingerprint_due_V2-025d","ExpansionValue<String>","TEXT","ABSENT/NULL/VALUE; raw+wire retained; invalid parsing yields explicit issue and quarantine","physical execution+occurrence; current requires explicit synthetic root/part/component binding","treatmentInstant ?? civilStart(openingDate)","stg.expansion_lab_sin.icm_ttt_solution_type","typed staging and exact all-field retry/tie comparison; downstream field-specific projection where contracted","Source identity/cardinality/real acceptance unresolved; synthetic contract only"
"DE-DATA-6392-029","6392","/data/icm_ttt_treatment_at","OBSERVED","docs/catalogos/bloco56-continuacao/","EXTERNAL_CONTRACT_UNVERSIONED; fingerprint_due_V2-025d","ExpansionValue<java.time.Instant>","INSTANT","ABSENT/NULL/VALUE; raw+wire retained; invalid parsing yields explicit issue and quarantine","physical execution+occurrence; current requires explicit synthetic root/part/component binding","treatmentInstant ?? civilStart(openingDate)","stg.expansion_lab_sin.icm_ttt_treatment_at","SinistroRules; core.usp_apply_expansion_laboratory; typed projection","Source identity/cardinality/real acceptance unresolved; synthetic contract only"
"DE-DATA-6392-026","6392","/data/icm_vie_license_plate","OBSERVED","docs/catalogos/bloco56-continuacao/","EXTERNAL_CONTRACT_UNVERSIONED; fingerprint_due_V2-025d","ExpansionValue<String>","TEXT","ABSENT/NULL/VALUE; raw+wire retained; invalid parsing yields explicit issue and quarantine","physical execution+occurrence; current requires explicit synthetic root/part/component binding","treatmentInstant ?? civilStart(openingDate)","stg.expansion_lab_sin.icm_vie_license_plate","typed staging and exact all-field retry/tie comparison; downstream field-specific projection where contracted","Source identity/cardinality/real acceptance unresolved; synthetic contract only"
"DE-DATA-6392-007","6392","/data/informed_by","OBSERVED","docs/catalogos/bloco56-continuacao/","EXTERNAL_CONTRACT_UNVERSIONED; fingerprint_due_V2-025d","ExpansionValue<String>","TEXT","ABSENT/NULL/VALUE; raw+wire retained; invalid parsing yields explicit issue and quarantine","physical execution+occurrence; current requires explicit synthetic root/part/component binding","treatmentInstant ?? civilStart(openingDate)","stg.expansion_lab_sin.informed_by","typed staging and exact all-field retry/tie comparison; downstream field-specific projection where contracted","Source identity/cardinality/real acceptance unresolved; synthetic contract only"
"SIN-insurance_claim_commentary","6392","/data/insurance_claim_commentary","OBSERVED","docs/catalogos/bloco56-continuacao/","EXTERNAL_CONTRACT_UNVERSIONED","ExpansionValue<String>","TEXT","ABSENT/NULL/VALUE; raw+wire retained; invalid parsing yields explicit issue and quarantine","physical execution+occurrence; current requires explicit synthetic root/part/component binding","treatmentInstant ?? civilStart(openingDate)","stg.expansion_lab_sin.insurance_claim_commentary","typed staging and exact all-field retry/tie comparison; downstream field-specific projection where contracted","Source identity/cardinality/real acceptance unresolved; synthetic contract only"
"DE-DATA-6392-006","6392","/data/insurance_claim_location","OBSERVED","docs/catalogos/bloco56-continuacao/","EXTERNAL_CONTRACT_UNVERSIONED; fingerprint_due_V2-025d","ExpansionValue<String>","TEXT","ABSENT/NULL/VALUE; raw+wire retained; invalid parsing yields explicit issue and quarantine","physical execution+occurrence; current requires explicit synthetic root/part/component binding","treatmentInstant ?? civilStart(openingDate)","stg.expansion_lab_sin.insurance_claim_location","typed staging and exact all-field retry/tie comparison; downstream field-specific projection where contracted","Source identity/cardinality/real acceptance unresolved; synthetic contract only"
"DE-DATA-6392-022","6392","/data/insurance_claim_total","OBSERVED","docs/catalogos/bloco56-continuacao/","EXTERNAL_CONTRACT_UNVERSIONED; fingerprint_due_V2-025d","ExpansionValue<java.math.BigDecimal>","DECIMAL","ABSENT/NULL/VALUE; raw+wire retained; invalid parsing yields explicit issue and quarantine","physical execution+occurrence; current requires explicit synthetic root/part/component binding","treatmentInstant ?? civilStart(openingDate)","stg.expansion_lab_sin.insurance_claim_total","typed staging and exact all-field retry/tie comparison; downstream field-specific projection where contracted","Source identity/cardinality/real acceptance unresolved; synthetic contract only"
"DE-DATA-6392-021","6392","/data/insurer_credits_subtotal","OBSERVED","docs/catalogos/bloco56-continuacao/","EXTERNAL_CONTRACT_UNVERSIONED; fingerprint_due_V2-025d","ExpansionValue<java.math.BigDecimal>","DECIMAL","ABSENT/NULL/VALUE; raw+wire retained; invalid parsing yields explicit issue and quarantine","physical execution+occurrence; current requires explicit synthetic root/part/component binding","treatmentInstant ?? civilStart(openingDate)","stg.expansion_lab_sin.insurer_credits_subtotal","typed staging and exact all-field retry/tie comparison; downstream field-specific projection where contracted","Source identity/cardinality/real acceptance unresolved; synthetic contract only"
"SIN-internal_description","6392","/data/internal_description","OBSERVED","docs/catalogos/bloco56-continuacao/","EXTERNAL_CONTRACT_UNVERSIONED","ExpansionValue<String>","TEXT","ABSENT/NULL/VALUE; raw+wire retained; invalid parsing yields explicit issue and quarantine","physical execution+occurrence; current requires explicit synthetic root/part/component binding","treatmentInstant ?? civilStart(openingDate)","stg.expansion_lab_sin.internal_description","typed staging and exact all-field retry/tie comparison; downstream field-specific projection where contracted","Source identity/cardinality/real acceptance unresolved; synthetic contract only"
"DE-DATA-6392-010","6392","/data/invoices_count","OBSERVED","docs/catalogos/bloco56-continuacao/","EXTERNAL_CONTRACT_UNVERSIONED; fingerprint_due_V2-025d","ExpansionValue<String>","INTEGER","ABSENT/NULL/VALUE; raw+wire retained; invalid parsing yields explicit issue and quarantine","physical execution+occurrence; current requires explicit synthetic root/part/component binding","treatmentInstant ?? civilStart(openingDate)","stg.expansion_lab_sin.invoices_count","typed staging and exact all-field retry/tie comparison; downstream field-specific projection where contracted","Source identity/cardinality/real acceptance unresolved; synthetic contract only"
"DE-DATA-6392-015","6392","/data/invoices_value","OBSERVED","docs/catalogos/bloco56-continuacao/","EXTERNAL_CONTRACT_UNVERSIONED; fingerprint_due_V2-025d","ExpansionValue<java.math.BigDecimal>","DECIMAL","ABSENT/NULL/VALUE; raw+wire retained; invalid parsing yields explicit issue and quarantine","physical execution+occurrence; current requires explicit synthetic root/part/component binding","treatmentInstant ?? civilStart(openingDate)","stg.expansion_lab_sin.invoices_value","typed staging and exact all-field retry/tie comparison; downstream field-specific projection where contracted","Source identity/cardinality/real acceptance unresolved; synthetic contract only"
"DE-DATA-6392-013","6392","/data/invoices_volumes","OBSERVED","docs/catalogos/bloco56-continuacao/","EXTERNAL_CONTRACT_UNVERSIONED; fingerprint_due_V2-025d","ExpansionValue<String>","INTEGER","ABSENT/NULL/VALUE; raw+wire retained; invalid parsing yields explicit issue and quarantine","physical execution+occurrence; current requires explicit synthetic root/part/component binding","treatmentInstant ?? civilStart(openingDate)","stg.expansion_lab_sin.invoices_volumes","typed staging and exact all-field retry/tie comparison; downstream field-specific projection where contracted","Source identity/cardinality/real acceptance unresolved; synthetic contract only"
"DE-DATA-6392-014","6392","/data/invoices_weight","OBSERVED","docs/catalogos/bloco56-continuacao/","EXTERNAL_CONTRACT_UNVERSIONED; fingerprint_due_V2-025d","ExpansionValue<java.math.BigDecimal>","DECIMAL","ABSENT/NULL/VALUE; raw+wire retained; invalid parsing yields explicit issue and quarantine","physical execution+occurrence; current requires explicit synthetic root/part/component binding","treatmentInstant ?? civilStart(openingDate)","stg.expansion_lab_sin.invoices_weight","typed staging and exact all-field retry/tie comparison; downstream field-specific projection where contracted","Source identity/cardinality/real acceptance unresolved; synthetic contract only"
"SIN-list_of_claimed_products","6392","/data/list_of_claimed_products","OBSERVED","docs/catalogos/bloco56-continuacao/","EXTERNAL_CONTRACT_UNVERSIONED","ExpansionValue<String>","TEXT","ABSENT/NULL/VALUE; raw+wire retained; invalid parsing yields explicit issue and quarantine","physical execution+occurrence; current requires explicit synthetic root/part/component binding","treatmentInstant ?? civilStart(openingDate)","stg.expansion_lab_sin.list_of_claimed_products","typed staging and exact all-field retry/tie comparison; downstream field-specific projection where contracted","Source identity/cardinality/real acceptance unresolved; synthetic contract only"
"DE-DATA-6392-003","6392","/data/occurrence_at_date","OBSERVED","docs/catalogos/bloco56-continuacao/","EXTERNAL_CONTRACT_UNVERSIONED; fingerprint_due_V2-025d","ExpansionValue<java.time.LocalDate>","DATE","ABSENT/NULL/VALUE; raw+wire retained; invalid parsing yields explicit issue and quarantine","physical execution+occurrence; current requires explicit synthetic root/part/component binding","treatmentInstant ?? civilStart(openingDate)","stg.expansion_lab_sin.occurrence_at_date","typed staging and exact all-field retry/tie comparison; downstream field-specific projection where contracted","Source identity/cardinality/real acceptance unresolved; synthetic contract only"
"DE-DATA-6392-004","6392","/data/occurrence_at_time","OBSERVED","docs/catalogos/bloco56-continuacao/","EXTERNAL_CONTRACT_UNVERSIONED; fingerprint_due_V2-025d","ExpansionValue<java.time.LocalTime>","TIME","ABSENT/NULL/VALUE; raw+wire retained; invalid parsing yields explicit issue and quarantine","physical execution+occurrence; current requires explicit synthetic root/part/component binding","treatmentInstant ?? civilStart(openingDate)","stg.expansion_lab_sin.occurrence_at_time","typed staging and exact all-field retry/tie comparison; downstream field-specific projection where contracted","Source identity/cardinality/real acceptance unresolved; synthetic contract only"
"DE-DATA-6392-002","6392","/data/opening_at_date","OBSERVED","docs/catalogos/bloco56-continuacao/","EXTERNAL_CONTRACT_UNVERSIONED; fingerprint_due_V2-025d","ExpansionValue<java.time.LocalDate>","DATE","ABSENT/NULL/VALUE; raw+wire retained; invalid parsing yields explicit issue and quarantine","physical execution+occurrence; current requires explicit synthetic root/part/component binding","treatmentInstant ?? civilStart(openingDate)","stg.expansion_lab_sin.opening_at_date","SinistroRules; core.usp_apply_expansion_laboratory; typed projection","Source identity/cardinality/real acceptance unresolved; synthetic contract only"
"SIN-policy_number","6392","/data/policy_number","OBSERVED","docs/catalogos/bloco56-continuacao/","EXTERNAL_CONTRACT_UNVERSIONED","ExpansionValue<String>","TEXT","ABSENT/NULL/VALUE; raw+wire retained; invalid parsing yields explicit issue and quarantine","physical execution+occurrence; current requires explicit synthetic root/part/component binding","treatmentInstant ?? civilStart(openingDate)","stg.expansion_lab_sin.policy_number","typed staging and exact all-field retry/tie comparison; downstream field-specific projection where contracted","Source identity/cardinality/real acceptance unresolved; synthetic contract only"
"SIN-rcfdc","6392","/data/rcfdc","OBSERVED","docs/catalogos/bloco56-continuacao/","EXTERNAL_CONTRACT_UNVERSIONED","ExpansionValue<ExpansionStrings>","STRINGS","ABSENT/NULL/VALUE; raw+wire retained; invalid parsing yields explicit issue and quarantine","physical execution+occurrence; current requires explicit synthetic root/part/component binding","treatmentInstant ?? civilStart(openingDate)","stg.expansion_lab_sin.rcfdc","typed staging and exact all-field retry/tie comparison; downstream field-specific projection where contracted","Source identity/cardinality/real acceptance unresolved; synthetic contract only"
"SIN-rctac","6392","/data/rctac","OBSERVED","docs/catalogos/bloco56-continuacao/","EXTERNAL_CONTRACT_UNVERSIONED","ExpansionValue<ExpansionStrings>","STRINGS","ABSENT/NULL/VALUE; raw+wire retained; invalid parsing yields explicit issue and quarantine","physical execution+occurrence; current requires explicit synthetic root/part/component binding","treatmentInstant ?? civilStart(openingDate)","stg.expansion_lab_sin.rctac","typed staging and exact all-field retry/tie comparison; downstream field-specific projection where contracted","Source identity/cardinality/real acceptance unresolved; synthetic contract only"
"SIN-rctrc","6392","/data/rctrc","OBSERVED","docs/catalogos/bloco56-continuacao/","EXTERNAL_CONTRACT_UNVERSIONED","ExpansionValue<ExpansionStrings>","STRINGS","ABSENT/NULL/VALUE; raw+wire retained; invalid parsing yields explicit issue and quarantine","physical execution+occurrence; current requires explicit synthetic root/part/component binding","treatmentInstant ?? civilStart(openingDate)","stg.expansion_lab_sin.rctrc","typed staging and exact all-field retry/tie comparison; downstream field-specific projection where contracted","Source identity/cardinality/real acceptance unresolved; synthetic contract only"
"DE-DATA-6392-019","6392","/data/responsible_credits_subtotal","OBSERVED","docs/catalogos/bloco56-continuacao/","EXTERNAL_CONTRACT_UNVERSIONED; fingerprint_due_V2-025d","ExpansionValue<java.math.BigDecimal>","DECIMAL","ABSENT/NULL/VALUE; raw+wire retained; invalid parsing yields explicit issue and quarantine","physical execution+occurrence; current requires explicit synthetic root/part/component binding","treatmentInstant ?? civilStart(openingDate)","stg.expansion_lab_sin.responsible_credits_subtotal","typed staging and exact all-field retry/tie comparison; downstream field-specific projection where contracted","Source identity/cardinality/real acceptance unresolved; synthetic contract only"
"DE-DATA-6392-020","6392","/data/responsible_debit_entries_subtotal","OBSERVED","docs/catalogos/bloco56-continuacao/","EXTERNAL_CONTRACT_UNVERSIONED; fingerprint_due_V2-025d","ExpansionValue<java.math.BigDecimal>","DECIMAL","ABSENT/NULL/VALUE; raw+wire retained; invalid parsing yields explicit issue and quarantine","physical execution+occurrence; current requires explicit synthetic root/part/component binding","treatmentInstant ?? civilStart(openingDate)","stg.expansion_lab_sin.responsible_debit_entries_subtotal","typed staging and exact all-field retry/tie comparison; downstream field-specific projection where contracted","Source identity/cardinality/real acceptance unresolved; synthetic contract only"
"DE-DATA-6392-001","6392","/data/sequence_code","OBSERVED","docs/catalogos/bloco56-continuacao/","EXTERNAL_CONTRACT_UNVERSIONED; fingerprint_due_V2-025d","ExpansionValue<String>","INTEGER","ABSENT/NULL/VALUE; raw+wire retained; invalid parsing yields explicit issue and quarantine","physical execution+occurrence; current requires explicit synthetic root/part/component binding","treatmentInstant ?? civilStart(openingDate)","stg.expansion_lab_sin.sequence_code","typed staging and exact all-field retry/tie comparison; downstream field-specific projection where contracted","Source identity/cardinality/real acceptance unresolved; synthetic contract only"
